year,problem,paper,evidence_type,section,category,page,line,confidence,model_chain,writing_feature,source_text,snippet,original_position
2020,A,A070,paper_overview,,论文总览,1,1,0.735605,微分方程@p1 -> 有限元@p1 -> 有限差分@p1 -> 多目标@p1 -> 模拟退火@p1 -> 0-1@p3 -> 守恒@p7,连接词=首先:2、其次:2、进一步:1、由此:1、可知:3、说明:1、验证:5、为了:1、因此:5；页行中位数=44.0；段落候选中位数=6.0；图表候选=23；公式行候选=198；标题候选=75,中国大学生仕统,中国大学生仕统 / 中国大学生仕统 / 中国大学生在,2020/A070.pdf#page=1:line=1
2020,A,A070,section_heading,摘要,摘要,1,5,0.666312,微分方程@p1 -> 有限元@p1 -> 有限差分@p1 -> 多目标@p1 -> 模拟退火@p1 -> 0-1@p3 -> 守恒@p7,连接词=首先:2、其次:2、进一步:1、由此:1、可知:3、说明:1、验证:5、为了:1、因此:5；页行中位数=44.0；段落候选中位数=6.0；图表候选=23；公式行候选=198；标题候选=75,摘要,中国大学生在 / 炉温曲线的机理建模与优化设计 / 摘要 / 本文主要研究回焊炉各温区温度和传送带速度对炉温曲线的影响，建立了基 / 于热传导方程与牛顿冷却定律的温度分布模型。,2020/A070.pdf#page=1:line=5
2020,A,A070,section_heading,问题重述,问题重述,2,4,0.723537,微分方程@p1 -> 有限元@p1 -> 有限差分@p1 -> 多目标@p1 -> 模拟退火@p1 -> 0-1@p3 -> 守恒@p7,连接词=首先:2、其次:2、进一步:1、由此:1、可知:3、说明:1、验证:5、为了:1、因此:5；页行中位数=44.0；段落候选中位数=6.0；图表候选=23；公式行候选=198；标题候选=75,1.问题重述,中国大学生仕统 / 中国大学生在 / 1.问题重述 / 1.1问题的背景 / 在过去的几十年里，电子产品行业取得了飞速的发展。随着电子产品的竞,2020/A070.pdf#page=2:line=4
2020,A,A070,section_heading,问题分析,问题分析,2,26,0.730537,微分方程@p1 -> 有限元@p1 -> 有限差分@p1 -> 多目标@p1 -> 模拟退火@p1 -> 0-1@p3 -> 守恒@p7,连接词=首先:2、其次:2、进一步:1、由此:1、可知:3、说明:1、验证:5、为了:1、因此:5；页行中位数=44.0；段落候选中位数=6.0；图表候选=23；公式行候选=198；标题候选=75,2.问题分析,及传送带过炉速度，并给出相应的指标值。 / 中国大学生在线 / 2.问题分析 / 问题一：根据温度变化规律建立数学模型，目前，有关焊接区域的温度变 / 化规律的研究大多是基于数据驱动的控制和调整，文献[2-3]是基于PID控制原,2020/A070.pdf#page=2:line=26
2020,A,A070,section_heading,模型假设,模型假设,3,8,0.791448,微分方程@p1 -> 有限元@p1 -> 有限差分@p1 -> 多目标@p1 -> 模拟退火@p1 -> 0-1@p3 -> 守恒@p7,连接词=首先:2、其次:2、进一步:1、由此:1、可知:3、说明:1、验证:5、为了:1、因此:5；页行中位数=44.0；段落候选中位数=6.0；图表候选=23；公式行候选=198；标题候选=75,3.模型假设,性指标，且该问题属于多目标优化问题，可通过动态综合加权法，将多目标函 / 数转化为单目标函数。 / 3.模型假设 / （1）不考虑空气对流。 / （3）当小温区之间的温度差较小时，间隙温度在两边温度不等的间隙中随位移,2020/A070.pdf#page=3:line=8
2020,A,A070,section_heading,符号说明,符号说明,3,15,0.762534,微分方程@p1 -> 有限元@p1 -> 有限差分@p1 -> 多目标@p1 -> 模拟退火@p1 -> 0-1@p3 -> 守恒@p7,连接词=首先:2、其次:2、进一步:1、由此:1、可知:3、说明:1、验证:5、为了:1、因此:5；页行中位数=44.0；段落候选中位数=6.0；图表候选=23；公式行候选=198；标题候选=75,4.符号说明,（4）当小温区之间的温度较大时，考虑小温区温度之间的影响。 / （5）炉前以及炉后区域中环境温度随空间距离平缓变化最终趋近于室温。 / 4.符号说明 / 符号 / 含义,2020/A070.pdf#page=3:line=15
2020,A,A070,section_heading,模型建立,模型建立,4,4,0.855039,微分方程@p1 -> 有限元@p1 -> 有限差分@p1 -> 多目标@p1 -> 模拟退火@p1 -> 0-1@p3 -> 守恒@p7,连接词=首先:2、其次:2、进一步:1、由此:1、可知:3、说明:1、验证:5、为了:1、因此:5；页行中位数=44.0；段落候选中位数=6.0；图表候选=23；公式行候选=198；标题候选=75,5.模型的建立和求解,中国大学生仕药 / 中国大学生仕药 / 5.模型的建立和求解 / 5.1建模前的准备 / 5.1.1实际问题的数学化处理,2020/A070.pdf#page=4:line=4
2020,A,A070,section_heading,模型求解,模型求解,8,10,0.858424,微分方程@p1 -> 有限元@p1 -> 有限差分@p1 -> 多目标@p1 -> 模拟退火@p1 -> 0-1@p3 -> 守恒@p7,连接词=首先:2、其次:2、进一步:1、由此:1、可知:3、说明:1、验证:5、为了:1、因此:5；页行中位数=44.0；段落候选中位数=6.0；图表候选=23；公式行候选=198；标题候选=75,5.2.4问题一模型求解,(18) / 其中，u(t)为t时刻系统的温度，uar()为t时刻系统外界温度，k为冷却系数。 / 5.2.4问题一模型求解 / 生在线 / 由于热传导方程模型和牛顿冷却定律模型中都存在未知参数，故需要先确定,2020/A070.pdf#page=8:line=10
2020,A,A070,section_heading,结果分析,结果分析,10,30,0.89882,微分方程@p1 -> 有限元@p1 -> 有限差分@p1 -> 多目标@p1 -> 模拟退火@p1 -> 0-1@p3 -> 守恒@p7,连接词=首先:2、其次:2、进一步:1、由此:1、可知:3、说明:1、验证:5、为了:1、因此:5；页行中位数=44.0；段落候选中位数=6.0；图表候选=23；公式行候选=198；标题候选=75,②热传导方程模型最优参数求解结果,中国大学生在线 / 中国大学生在线 / ②热传导方程模型最优参数求解结果 / 根据①中的求解方法，通过matlab编程求解，可得到结果如下表所示： / 表1热传导方程最优参数,2020/A070.pdf#page=10:line=30
2020,A,A070,section_heading,模型检验,模型检验,1,54,0.934784,微分方程@p1 -> 有限元@p1 -> 有限差分@p1 -> 多目标@p1 -> 模拟退火@p1 -> 0-1@p3 -> 守恒@p7,连接词=首先:2、其次:2、进一步:1、由此:1、可知:3、说明:1、验证:5、为了:1、因此:5；页行中位数=44.0；段落候选中位数=6.0；图表候选=23；公式行候选=198；标题候选=75,最后给出了建模过程的误差分析和结果检验，本文结论正确合理，具有一,231.844°C / 264.999°C / 最后给出了建模过程的误差分析和结果检验，本文结论正确合理，具有一 / 定的应用价值和普适性。 / 关键词：热传导方程；牛顿冷却定律；有限元差分法；最小二乘法；优化模型；,2020/A070.pdf#page=1:line=54
2020,A,A070,section_heading,模型评价,模型评价,24,2,0.968607,微分方程@p1 -> 有限元@p1 -> 有限差分@p1 -> 多目标@p1 -> 模拟退火@p1 -> 0-1@p3 -> 守恒@p7,连接词=首先:2、其次:2、进一步:1、由此:1、可知:3、说明:1、验证:5、为了:1、因此:5；页行中位数=44.0；段落候选中位数=6.0；图表候选=23；公式行候选=198；标题候选=75,7 模型 评价,图 26 0.1*C 时 内 能 变化 曲线 图 27 0.0008*C 时 的 内 能 变化 曲线 / 7 模型 评价 / BARA: / C1) 热传导 方程 模型 ;,2020/A070.pdf#page=24:line=2
2020,A,A070,section_heading,改进方案,改进方案,24,19,0.965924,微分方程@p1 -> 有限元@p1 -> 有限差分@p1 -> 多目标@p1 -> 模拟退火@p1 -> 0-1@p3 -> 守恒@p7,连接词=首先:2、其次:2、进一步:1、由此:1、可知:3、说明:1、验证:5、为了:1、因此:5；页行中位数=44.0；段落候选中位数=6.0；图表候选=23；公式行候选=198；标题候选=75,8 模型 推广 与 改进,基于 牛顿 冷却 定律 模型 未 考虑 到 电路 板 在 回 焊 炉 中 温度 在 电路 板 厚 度 上 的 / 分 布 ， 对 于 厚度 较 厚 的 电路 板 在 回 焊 炉 中 ， 模 型 过 于 简化 。 / 8 模型 推广 与 改进 / 本 文 在 考虑 温度 在 两 边 温度 不 等 的 间隙 中 的 分 布 时 认为 ， 温 度 随 空间 位 置 线 / 性 变化 ， 如 图 所 示 ， 但 在 间 隐 与 温 区 边界 上 ， 温 度 连 续 但 不 可 导 。 故 对 温 区 与 间,2020/A070.pdf#page=24:line=19
2020,A,A070,section_heading,参考文献,参考文献,25,15,0.827124,微分方程@p1 -> 有限元@p1 -> 有限差分@p1 -> 多目标@p1 -> 模拟退火@p1 -> 0-1@p3 -> 守恒@p7,连接词=首先:2、其次:2、进一步:1、由此:1、可知:3、说明:1、验证:5、为了:1、因此:5；页行中位数=44.0；段落候选中位数=6.0；图表候选=23；公式行候选=198；标题候选=75,9参考文献,100 / 200 / 9参考文献 / 中国大学生在线 / 中国大学生在线,2020/A070.pdf#page=25:line=15
2020,A,A147,paper_overview,,论文总览,1,1,0.720461,微分方程@p1 -> 多目标@p1 -> 守恒@p3 -> 0-1@p13 -> ODE@p21,连接词=首先:8、其次:5、说明:3、验证:1、因此:2；页行中位数=47；段落候选中位数=0；图表候选=18；公式行候选=1272；标题候选=70,中国大学生仕,中国大学生仕 / 中国大学生仕 / 中国大学生在,2020/A147.pdf#page=1:line=1
2020,A,A147,section_heading,摘要,摘要,1,5,0.666082,微分方程@p1 -> 多目标@p1 -> 守恒@p3 -> 0-1@p13 -> ODE@p21,连接词=首先:8、其次:5、说明:3、验证:1、因此:2；页行中位数=47；段落候选中位数=0；图表候选=18；公式行候选=1272；标题候选=70,摘要,中国大学生在 / 基于一维热传导方程的炉温曲线机理模型研究 / 摘要 / 回焊炉通过加热，将电子元件自动焊接到电路板上，在集成电路板等电子产 / 品的生产中具有广泛的应用。本文主要研究回焊炉焊接中心的炉温曲线，建立了,2020/A147.pdf#page=1:line=5
2020,A,A147,section_heading,问题重述,问题重述,2,1,0.917669,微分方程@p1 -> 多目标@p1 -> 守恒@p3 -> 0-1@p13 -> ODE@p21,连接词=首先:8、其次:5、说明:3、验证:1、因此:2；页行中位数=47；段落候选中位数=0；图表候选=18；公式行候选=1272；标题候选=70,一 \ 问题 重 述,"一 \ 问题 重 述 / 在 某 些 电子 产品 ,如 集成 电路 板 的 生产 过 程 中 , 存在 将 各 种 电子 元 器 件 通过 / 回 香炉 的 焊接 技术 ， 安 装 至 电路 板 上 的 环节 。 通 过 加 热 印 刷 电 路 板 与 电子 元 件 ，",2020/A147.pdf#page=2:line=1
2020,A,A147,section_heading,问题分析,问题分析,3,32,0.768822,微分方程@p1 -> 多目标@p1 -> 守恒@p3 -> 0-1@p13 -> ODE@p21,连接词=首先:8、其次:5、说明:3、验证:1、因此:2；页行中位数=47；段落候选中位数=0；图表候选=18；公式行候选=1272；标题候选=70,问题分析,学生在线 / 中国 / 问题分析 / 2.1问题一分析 / 对于问题一，需要建立焊接处中心的温度分布数学模型以求解。,2020/A147.pdf#page=3:line=32
2020,A,A147,section_heading,符号说明,符号说明,4,32,0.93211,微分方程@p1 -> 多目标@p1 -> 守恒@p3 -> 0-1@p13 -> ODE@p21,连接词=首先:8、其次:5、说明:3、验证:1、因此:2；页行中位数=47；段落候选中位数=0；图表候选=18；公式行候选=1272；标题候选=70,四 、 符号 说 明 及 名 词 解释,2 假设 温度 传导 只 在 焊接 区 域 的 竖 直 方向 进行 / 3 假设 电路 板 进入 回 焊 炉 时 ， 回 香炉 内 的 温度 已 经 达到 稳定 / 四 、 符号 说 明 及 名 词 解释 / 4.1 符号 说 明 / po 回 焊 炉 上 的 点 与 炉 前 区 域 左 边缘 的 距离,2020/A147.pdf#page=4:line=32
2020,A,A147,section_heading,模型建立,模型建立,3,35,0.937771,微分方程@p1 -> 多目标@p1 -> 守恒@p3 -> 0-1@p13 -> ODE@p21,连接词=首先:8、其次:5、说明:3、验证:1、因此:2；页行中位数=47；段落候选中位数=0；图表候选=18；公式行候选=1272；标题候选=70,基于热传导方程，建立回焊炉各点处的温度分布模型。在模型建立前，首先,2.1问题一分析 / 对于问题一，需要建立焊接处中心的温度分布数学模型以求解。 / 基于热传导方程，建立回焊炉各点处的温度分布模型。在模型建立前，首先 / 需要借助物理实验中的基本结果与能量守恒定律推导出热传导方程。 / 其次，借助热传导方程与牛顿冷却定律，建立焊接处内部各点的温度传递模,2020/A147.pdf#page=3:line=35
2020,A,A147,section_heading,模型求解,模型求解,12,19,0.718228,微分方程@p1 -> 多目标@p1 -> 守恒@p3 -> 0-1@p13 -> ODE@p21,连接词=首先:8、其次:5、说明:3、验证:1、因此:2；页行中位数=47；段落候选中位数=0；图表候选=18；公式行候选=1272；标题候选=70,5.1.7 ”模型 求解,"du C17) / AR =h, (Uy — Un) / 5.1.7 ”模型 求解 / 本 文采 用 有 限 差 分 法 : 将 连续 的 定 解 区 域 用 有 限 个 离散 点 构成 的 网 格 来 代替 ; / 把 定 解 区 域 上 的 连续 变量 的 函数 用 网 格 上 定义 的 离散 变量 的 函数 来 近似 ; 把 原 方",2020/A147.pdf#page=12:line=19
2020,A,A147,section_heading,结果分析,结果分析,15,26,0.96724,微分方程@p1 -> 多目标@p1 -> 守恒@p3 -> 0-1@p13 -> ODE@p21,连接词=首先:8、其次:5、说明:3、验证:1、因此:2；页行中位数=47；段落候选中位数=0；图表候选=18；公式行候选=1272；标题候选=70,求解 结果,"在 该 参数 组 合 下 ，R2 = 0.9813,， 拟 合 结果 较 好 。 则 可 将 该 组 合 的 参数 代入 模 / 型 中 。 / 求解 结果 / 将 问题 一 题 干 所 给 的 各 个 温 区 温度 分 布 带 入 上 述 模型 ， 得 到 结果 如 下 : / 炉 温 曲线 图 ，",2020/A147.pdf#page=15:line=26
2020,A,A147,section_heading,灵敏度分析,灵敏度分析,16,11,0.927904,微分方程@p1 -> 多目标@p1 -> 守恒@p3 -> 0-1@p13 -> ODE@p21,连接词=首先:8、其次:5、说明:3、验证:1、因此:2；页行中位数=47；段落候选中位数=0；图表候选=18；公式行候选=1272；标题候选=70,5.1.10 模型 分 析 : 灵敏 度 分 析,小 温 区 8 结束 处 223.1558 / 每 隔 0.$ s 焊接 区 域 中 心 的 温度 已 存放 在 result.csv 中 。 / 5.1.10 模型 分 析 : 灵敏 度 分 析 / 对 四 个 变量 进行 灵敏 度 分 析 ， 结 果 如 下 图 : / f-A 曲 线 和 8B1 曲 线,2020/A147.pdf#page=16:line=11
2020,A,A147,section_heading,模型评价,模型评价,25,9,0.944396,微分方程@p1 -> 多目标@p1 -> 守恒@p3 -> 0-1@p13 -> ODE@p21,连接词=首先:8、其次:5、说明:3、验证:1、因此:2；页行中位数=47；段落候选中位数=0；图表候选=18；公式行候选=1272；标题候选=70,六 、 ”模型 评价 与 推广,a 区 1-5) &6) 区 7) &8-9) 10-11) / 1 183 197 240 264 25 94 0.99386 / 六 、 ”模型 评价 与 推广 / 模型 评价 / 模型 优点,2020/A147.pdf#page=25:line=9
2020,A,A147,section_heading,参考文献,参考文献,26,4,0.767362,微分方程@p1 -> 多目标@p1 -> 守恒@p3 -> 0-1@p13 -> ODE@p21,连接词=首先:8、其次:5、说明:3、验证:1、因此:2；页行中位数=47；段落候选中位数=0；图表候选=18；公式行候选=1272；标题候选=70,参考文献,"中国大学生任药 / 中国大学生仕药 / 参考文献 / [1]刘志华，刘瑞金．牛顿冷却定律的冷却规律研究[J]．山东理工大学学报(自 / 然科学版),2005，19(6):23-27",2020/A147.pdf#page=26:line=4
2020,A,A147,section_heading,附录,附录,27,4,0.505906,微分方程@p1 -> 多目标@p1 -> 守恒@p3 -> 0-1@p13 -> ODE@p21,连接词=首先:8、其次:5、说明:3、验证:1、因此:2；页行中位数=47；段落候选中位数=0；图表候选=18；公式行候选=1272；标题候选=70,附录,中国大学生任药 / 中国大学生仕统 / 附录 / 支撑材料列表 / 调试代码,2020/A147.pdf#page=27:line=4
2020,A,A195,paper_overview,,论文总览,1,1,0.8978,有限差分@p1 -> 多目标@p1 -> 遗传算法@p1 -> PDE@p8 -> 偏微分方程@p8 -> 微分方程@p8 -> 有限元@p8 -> ODE@p13 -> 线性规划@p20 -> 非线性规划@p20 -> 0-1@p34,连接词=首先:1、进一步:1、为了:1、从而:1、因此:5；页行中位数=38.0；段落候选中位数=3.0；图表候选=21；公式行候选=428；标题候选=59,基于一维热传导方程的回焊炉炉温模型,基于一维热传导方程的回焊炉炉温模型 / 中国大学生仕统 / 中国大学生在,2020/A195.pdf#page=1:line=1
2020,A,A195,section_heading,摘要,摘要,1,4,0.664643,有限差分@p1 -> 多目标@p1 -> 遗传算法@p1 -> PDE@p8 -> 偏微分方程@p8 -> 微分方程@p8 -> 有限元@p8 -> ODE@p13 -> 线性规划@p20 -> 非线性规划@p20 -> 0-1@p34,连接词=首先:1、进一步:1、为了:1、从而:1、因此:5；页行中位数=38.0；段落候选中位数=3.0；图表候选=21；公式行候选=428；标题候选=59,摘要,中国大学生仕统 / 中国大学生在 / 摘要 / 如何建立温度变化模型准确描述回焊炉工作过程，保证电路板焊接过程顺利进行，是实际生产 / 环节面临的一大问题。本文结合实际情况对回焊炉工作状态作出合理假设，建立炉内温度一维热传,2020/A195.pdf#page=1:line=4
2020,A,A195,section_heading,问题重述,问题重述,2,1,0.822744,有限差分@p1 -> 多目标@p1 -> 遗传算法@p1 -> PDE@p8 -> 偏微分方程@p8 -> 微分方程@p8 -> 有限元@p8 -> ODE@p13 -> 线性规划@p20 -> 非线性规划@p20 -> 0-1@p34,连接词=首先:1、进一步:1、为了:1、从而:1、因此:5；页行中位数=38.0；段落候选中位数=3.0；图表候选=21；公式行候选=428；标题候选=59,中1问题重述,中1问题重述 / 中国大学生仕练 / 中国大学生在,2020/A195.pdf#page=2:line=1
2020,A,A195,section_heading,问题分析,问题分析,4,27,0.859097,有限差分@p1 -> 多目标@p1 -> 遗传算法@p1 -> PDE@p8 -> 偏微分方程@p8 -> 微分方程@p8 -> 有限元@p8 -> ODE@p13 -> 线性规划@p20 -> 非线性规划@p20 -> 0-1@p34,连接词=首先:1、进一步:1、为了:1、从而:1、因此:5；页行中位数=38.0；段落候选中位数=3.0；图表候选=21；公式行候选=428；标题候选=59,4 问题 分 析,"D; 大 温 区 编号 让 = 1,2,...5) / 表 2: 符号 说 明 / 4 问题 分 析 / 4.1 问题 一 分 析 / 问题 一 需要 结合 回 焊 炉 工作 参数 ,建立 一 维 热传导 方程 模型 计算 焊接 区 域 中 心 点 处 温度 变化 -四 。",2020/A195.pdf#page=4:line=27
2020,A,A195,section_heading,模型假设,模型假设,3,20,0.865475,有限差分@p1 -> 多目标@p1 -> 遗传算法@p1 -> PDE@p8 -> 偏微分方程@p8 -> 微分方程@p8 -> 有限元@p8 -> ODE@p13 -> 线性规划@p20 -> 非线性规划@p20 -> 0-1@p34,连接词=首先:1、进一步:1、为了:1、从而:1、因此:5；页行中位数=38.0；段落候选中位数=3.0；图表候选=21；公式行候选=428；标题候选=59,2 模型 假设,对 称 。 要 求 在 问题 3 的 基础 上 ， 进 一 步 给 出 最 优 炉 温 曲线 ， 以 及 各 温 区 设 定 的 温度 及 传送 带 过 炉 / 速度 ， 并 给 出 相应 的 指标 值 。 / 2 模型 假设 / 1. 仅 考 虑 热传导 和 热 对流 对 元 件 焊 接 区 域 中 心 温度 的 影响 / 2. 假设 元 件 在 回 香炉 中 运动 过 程 不 影响 炉 腔 内 温度 分 布,2020/A195.pdf#page=3:line=20
2020,A,A195,section_heading,符号说明,符号说明,3,25,0.756006,有限差分@p1 -> 多目标@p1 -> 遗传算法@p1 -> PDE@p8 -> 偏微分方程@p8 -> 微分方程@p8 -> 有限元@p8 -> ODE@p13 -> 线性规划@p20 -> 非线性规划@p20 -> 0-1@p34,连接词=首先:1、进一步:1、为了:1、从而:1、因此:5；页行中位数=38.0；段落候选中位数=3.0；图表候选=21；公式行候选=428；标题候选=59,3 ”符号 说 明,"3. 假设 各 个 小 温 区 中 心 保 持 恒温 , 回 焊 炉 达 到 稳定 工作 状态 后 温度 分 布 不 再 改变 / 4. 假设 元 件 为 材质 处 处 均匀 的 带 厚 度 无 限 大 平板 , 内 部 不 含 热源 / 3 ”符号 说 明 / 表 2 列 出 了 本 文 需要 的 符号 。 / Gye 关注 数学 模型",2020/A195.pdf#page=3:line=25
2020,A,A195,section_heading,模型建立,模型建立,6,7,0.614407,有限差分@p1 -> 多目标@p1 -> 遗传算法@p1 -> PDE@p8 -> 偏微分方程@p8 -> 微分方程@p8 -> 有限元@p8 -> ODE@p13 -> 线性规划@p20 -> 非线性规划@p20 -> 0-1@p34,连接词=首先:1、进一步:1、为了:1、从而:1、因此:5；页行中位数=38.0；段落候选中位数=3.0；图表候选=21；公式行候选=428；标题候选=59,5 模型 建立,多 目标 非 线 性 规划 问题 ， 通 常 有 线性 加 权 法 、 分 层 求解 法 等 解法 。 在 本 文中 ， 我 们 拟 采用 分 层 序列 法 / 进行 规划 求解 。 / 5 模型 建立 / 假设 进入 回 焊 炉 前 元 件 均 为 室温 ， 并 且 进入 炉 中 的 任意 时 刻 均 可 以 看 作 无 限 大 带 厚度 均匀 材质 平 / 板 ， 它 通过 上 下 表面 与 温 区 进行 对 流 换 热 二 胡 图 4 所 示 :,2020/A195.pdf#page=6:line=7
2020,A,A195,section_heading,模型求解,模型求解,1,14,0.877567,有限差分@p1 -> 多目标@p1 -> 遗传算法@p1 -> PDE@p8 -> 偏微分方程@p8 -> 微分方程@p8 -> 有限元@p8 -> ODE@p13 -> 线性规划@p20 -> 非线性规划@p20 -> 0-1@p34,连接词=首先:1、进一步:1、为了:1、从而:1、因此:5；页行中位数=38.0；段落候选中位数=3.0；图表候选=21；公式行候选=428；标题候选=59,数值解，并根据附件提供的实际炉温曲线分段拟合方程中α，k，h参数。为简化模型求解，假设各,"程组描述元件与炉腔热传导过程，得出元件温度分布函数T=T(，t)。利用有限差分法求得方程 / 学生在线 / 数值解，并根据附件提供的实际炉温曲线分段拟合方程中α，k，h参数。为简化模型求解，假设各 / 温区参数ki,h相等，仅考虑参数αi的不同，得出模型最优参数为：h=14.458W/(m².K)， / 中国大学",2020/A195.pdf#page=1:line=14
2020,A,A195,section_heading,模型检验,模型检验,9,21,0.930804,有限差分@p1 -> 多目标@p1 -> 遗传算法@p1 -> PDE@p8 -> 偏微分方程@p8 -> 微分方程@p8 -> 有限元@p8 -> ODE@p13 -> 线性规划@p20 -> 非线性规划@p20 -> 0-1@p34,连接词=首先:1、进一步:1、为了:1、从而:1、因此:5；页行中位数=38.0；段落候选中位数=3.0；图表候选=21；公式行候选=428；标题候选=59,将 理论 计算 出 的 温度 曲线 与 实际 温度 分 布 进行 误差 分 析 后 ， 发 现 其 拟 合 效果 较 好 ， 如 下 图 所 示 :,同 理 我 们 可 以 求 出 灵 = 14.458 W/n2 .K) 以 及 / a= [4.437 5.621 7.449 4.997 2.401 x 1071! m?/s / 将 理论 计算 出 的 温度 曲线 与 实际 温度 分 布 进行 误差 分 析 后 ， 发 现 其 拟 合 效果 较 好 ， 如 下 图 所 示 : / 9 Ri 获取 更 多 资讯 / pee,2020/A195.pdf#page=9:line=21
2020,A,A195,section_heading,参考文献,参考文献,21,2,0.797908,有限差分@p1 -> 多目标@p1 -> 遗传算法@p1 -> PDE@p8 -> 偏微分方程@p8 -> 微分方程@p8 -> 有限元@p8 -> ODE@p13 -> 线性规划@p20 -> 非线性规划@p20 -> 0-1@p34,连接词=首先:1、进一步:1、为了:1、从而:1、因此:5；页行中位数=38.0；段落候选中位数=3.0；图表候选=21；公式行候选=428；标题候选=59,参考文献,同大学生任线 / 参考文献 / 中国大学生仕药 / 中国大学生仕药,2020/A195.pdf#page=21:line=2
2020,A,A195,section_heading,附录,附录,22,1,0.964464,有限差分@p1 -> 多目标@p1 -> 遗传算法@p1 -> PDE@p8 -> 偏微分方程@p8 -> 微分方程@p8 -> 有限元@p8 -> ODE@p13 -> 线性规划@p20 -> 非线性规划@p20 -> 0-1@p34,连接词=首先:1、进一步:1、为了:1、从而:1、因此:5；页行中位数=38.0；段落候选中位数=3.0；图表候选=21；公式行候选=428；标题候选=59,附录,附录 / A 环境 温度 计算 / 1 |% 温 区 温度 设置 函数,2020/A195.pdf#page=22:line=1
2020,A,A212,paper_overview,,论文总览,1,1,0.777584,守恒@p1 -> 微分方程@p1 -> 多目标@p1 -> 模拟退火@p1 -> 线性规划@p1 -> 非线性规划@p1,连接词=首先:7、进一步:2、由此:1、说明:2、为了:2、从而:8、因此:3；页行中位数=48.5；段落候选中位数=6.0；图表候选=14；公式行候选=286；标题候选=50,中国大学生在,中国大学生在 / 中国大学生仕 / 中国大学生在,2020/A212.pdf#page=1:line=1
2020,A,A212,section_heading,摘要,摘要,1,5,0.665684,守恒@p1 -> 微分方程@p1 -> 多目标@p1 -> 模拟退火@p1 -> 线性规划@p1 -> 非线性规划@p1,连接词=首先:7、进一步:2、由此:1、说明:2、为了:2、从而:8、因此:3；页行中位数=48.5；段落候选中位数=6.0；图表候选=14；公式行候选=286；标题候选=50,摘要,中国大学生在 / 回焊炉温曲线优化控制 / 摘要 / 回焊炉通过设置各个温区的温度，加热集成电路板，能够将电子元件自动焊接到板 / 子上，在表面贴装工艺技术中起到关键作用。回焊中的焊接区域中心温度变化对产品质,2020/A212.pdf#page=1:line=5
2020,A,A212,section_heading,问题重述,问题重述,2,4,0.825298,守恒@p1 -> 微分方程@p1 -> 多目标@p1 -> 模拟退火@p1 -> 线性规划@p1 -> 非线性规划@p1,连接词=首先:7、进一步:2、由此:1、说明:2、为了:2、从而:8、因此:3；页行中位数=48.5；段落候选中位数=6.0；图表候选=14；公式行候选=286；标题候选=50,一、问题重述,中国大学生在 / 中国大学生在 / 一、问题重述 / 电子信息产业在我国发展迅速，促进了表面贴装工艺（SMT）的技术进步。在集成 / 电路板的生产过程中，要将安装有各种电子元器件的印刷电路板放入回焊炉中进行回流,2020/A212.pdf#page=2:line=4
2020,A,A212,section_heading,问题分析,问题分析,3,4,0.750171,守恒@p1 -> 微分方程@p1 -> 多目标@p1 -> 模拟退火@p1 -> 线性规划@p1 -> 非线性规划@p1,连接词=首先:7、进一步:2、由此:1、说明:2、为了:2、从而:8、因此:3；页行中位数=48.5；段落候选中位数=6.0；图表候选=14；公式行候选=286；标题候选=50,二、问题分析,中国大学生在 / 中国大学生在 / 二、问题分析 / 2.1问题一的分析 / 对于问题一，我们需要首先根据题目中给出的各个小温区的设定温度值，来计算稳,2020/A212.pdf#page=3:line=4
2020,A,A212,section_heading,模型假设,模型假设,4,13,0.793565,守恒@p1 -> 微分方程@p1 -> 多目标@p1 -> 模拟退火@p1 -> 线性规划@p1 -> 非线性规划@p1,连接词=首先:7、进一步:2、由此:1、说明:2、为了:2、从而:8、因此:3；页行中位数=48.5；段落候选中位数=6.0；图表候选=14；公式行候选=286；标题候选=50,三、模型假设,速度为变量，同样使用模拟退火算法来进行求解。 / 生在线 / 三、模型假设 / 国大学生在线 / 中国大学生在,2020/A212.pdf#page=4:line=13
2020,A,A212,section_heading,符号说明,符号说明,4,24,0.912428,守恒@p1 -> 微分方程@p1 -> 多目标@p1 -> 模拟退火@p1 -> 线性规划@p1 -> 非线性规划@p1,连接词=首先:7、进一步:2、由此:1、说明:2、为了:2、从而:8、因此:3；页行中位数=48.5；段落候选中位数=6.0；图表候选=14；公式行候选=286；标题候选=50,四、符号说明及名词定义,4、假设在温度变化不大的情况下热时间常数和热空气和电路板间的热对流系数均 / 保持不变。 / 四、符号说明及名词定义 / 中国大学生在线 / 符号,2020/A212.pdf#page=4:line=24
2020,A,A212,section_heading,模型建立,模型建立,1,8,0.926378,守恒@p1 -> 微分方程@p1 -> 多目标@p1 -> 模拟退火@p1 -> 线性规划@p1 -> 非线性规划@p1,连接词=首先:7、进一步:2、由此:1、说明:2、为了:2、从而:8、因此:3；页行中位数=48.5；段落候选中位数=6.0；图表候选=14；公式行候选=286；标题候选=50,量影响尤其重要。本文从物理机理方面入手建立模型，分析了电路板在回焊炉中的温度,回焊炉通过设置各个温区的温度，加热集成电路板，能够将电子元件自动焊接到板 / 子上，在表面贴装工艺技术中起到关键作用。回焊中的焊接区域中心温度变化对产品质 / 量影响尤其重要。本文从物理机理方面入手建立模型，分析了电路板在回焊炉中的温度 / 变化过程，对回焊炉温曲线的优化与控制进行了研究。 / 生在线,2020/A212.pdf#page=1:line=8
2020,A,A212,section_heading,模型求解,模型求解,3,20,0.917038,守恒@p1 -> 微分方程@p1 -> 多目标@p1 -> 模拟退火@p1 -> 线性规划@p1 -> 非线性规划@p1,连接词=首先:7、进一步:2、由此:1、说明:2、为了:2、从而:8、因此:3；页行中位数=48.5；段落候选中位数=6.0；图表候选=14；公式行候选=286；标题候选=50,知的参数。求解过程中发现降温过程中降温速率变化与理论不相符，得出回流区高温可,冷却模型进行处理，列出常微分方程之后进行离散化处理得到差分方程，从而可以得到 / 冷却时焊接区域中心温度的大致变化情况。 / 知的参数。求解过程中发现降温过程中降温速率变化与理论不相符，得出回流区高温可 / 能影响到冷却区的边界附近的温度，在模型中对其进行考虑：发现恒定的热时间常数使 / 得峰值温度无法到达要求范围，了解到热时间常数随温度升高而降低，在模型中考虑不,2020/A212.pdf#page=3:line=20
2020,A,A212,section_heading,结果分析,结果分析,14,10,0.925782,守恒@p1 -> 微分方程@p1 -> 多目标@p1 -> 模拟退火@p1 -> 线性规划@p1 -> 非线性规划@p1,连接词=首先:7、进一步:2、由此:1、说明:2、为了:2、从而:8、因此:3；页行中位数=48.5；段落候选中位数=6.0；图表候选=14；公式行候选=286；标题候选=50,表 2、 模 拟 退 火 求解 结果 表,"FEIKARA 8300 次 后 优化 目标 已 经 达到 比较 好 的 结果 。 此 时 的 炉 温 曲线 超过 217°C BE / 值 温度 履 盖 面 积 达到 了 最 小 值 。 各 参 变量 的 结果 如 表 2 所 示 。 / 表 2、 模 拟 退 火 求解 结果 表 / Fr rye T,/°C ace v/C 面积 S / 184. 2181 189. 8133 227. 5226 264. 0700 90. 0982 406. 2318",2020/A212.pdf#page=14:line=10
2020,A,A212,section_heading,模型评价,模型评价,1,43,0.949873,守恒@p1 -> 微分方程@p1 -> 多目标@p1 -> 模拟退火@p1 -> 线性规划@p1 -> 非线性规划@p1,连接词=首先:7、进一步:2、由此:1、说明:2、为了:2、从而:8、因此:3；页行中位数=48.5；段落候选中位数=6.0；图表候选=14；公式行候选=286；标题候选=50,最后对模型优缺点进行了分析总结，并对存在的缺点提出了改进方案设想，还提出,称性指标值为21.6865，此时画出的炉温曲线在217℃以上部分近似对称，温度上升斜 / 率和下降斜率略有区别。 / 最后对模型优缺点进行了分析总结，并对存在的缺点提出了改进方案设想，还提出 / 了推广的方向。 / 关键词传热模型炉温曲线多重搜索算法模拟退火算法多目标优化,2020/A212.pdf#page=1:line=43
2020,A,A212,section_heading,改进方案,改进方案,1,43,0.949873,守恒@p1 -> 微分方程@p1 -> 多目标@p1 -> 模拟退火@p1 -> 线性规划@p1 -> 非线性规划@p1,连接词=首先:7、进一步:2、由此:1、说明:2、为了:2、从而:8、因此:3；页行中位数=48.5；段落候选中位数=6.0；图表候选=14；公式行候选=286；标题候选=50,最后对模型优缺点进行了分析总结，并对存在的缺点提出了改进方案设想，还提出,称性指标值为21.6865，此时画出的炉温曲线在217℃以上部分近似对称，温度上升斜 / 率和下降斜率略有区别。 / 最后对模型优缺点进行了分析总结，并对存在的缺点提出了改进方案设想，还提出 / 了推广的方向。 / 关键词传热模型炉温曲线多重搜索算法模拟退火算法多目标优化,2020/A212.pdf#page=1:line=43
2020,A,A212,section_heading,参考文献,参考文献,17,29,0.84485,守恒@p1 -> 微分方程@p1 -> 多目标@p1 -> 模拟退火@p1 -> 线性规划@p1 -> 非线性规划@p1,连接词=首先:7、进一步:2、由此:1、说明:2、为了:2、从而:8、因此:3；页行中位数=48.5；段落候选中位数=6.0；图表候选=14；公式行候选=286；标题候选=50,十、参考文献,"速度等，能够更好地满足电路板的加工要求，提高生产产品的质量，我们在本文中的研 / 究能为这种技术的理论研究提供一些帮助。 / 十、参考文献 / [1]高金刚，表面贴装工艺生产线上回流焊曲线的优化与控制[D]，上海交通大学，2007. / 06 25th International Conference on Microelectronics, Belgrade, 2006, pp. 609-612, doi: 10.1",2020/A212.pdf#page=17:line=29
2020,A,A212,section_heading,附录,附录,18,4,0.655038,守恒@p1 -> 微分方程@p1 -> 多目标@p1 -> 模拟退火@p1 -> 线性规划@p1 -> 非线性规划@p1,连接词=首先:7、进一步:2、由此:1、说明:2、为了:2、从而:8、因此:3；页行中位数=48.5；段落候选中位数=6.0；图表候选=14；公式行候选=286；标题候选=50,附录：,"中国大学生任药 / 中国大学生仕药 / 附录： / 问题—： / function result=F(t,v,Tl,T2,T3,T4)",2020/A212.pdf#page=18:line=4
2020,B,B078,paper_overview,,论文总览,1,1,0.774066,蒙特卡洛@p1 -> 最短路@p7 -> Floyd@p24 -> ODE@p44,连接词=首先:9、由此:2、说明:1、验证:2、相比:1、为了:1、因此:41；页行中位数=45.0；段落候选中位数=8.0；图表候选=8；公式行候选=517；标题候选=49,中国大学生在,中国大学生在 / 中国大学生在 / 中国大学生在,2020/B078.pdf#page=1:line=1
2020,B,B078,section_heading,摘要,摘要,1,5,0.665897,蒙特卡洛@p1 -> 最短路@p7 -> Floyd@p24 -> ODE@p44,连接词=首先:9、由此:2、说明:1、验证:2、相比:1、为了:1、因此:41；页行中位数=45.0；段落候选中位数=8.0；图表候选=8；公式行候选=517；标题候选=49,摘要,中国大学生在 / “穿越沙漠”游戏最佳策略模型的研究与构建 / 摘要 / “穿越沙漠”是一种小游戏，选择最佳的游戏策略，能使得参与者在到达终点时保 / 留尽可能多的资金：为帮助参与者选择最佳策略，我们使用贪心法、回溯法以求解单目,2020/B078.pdf#page=1:line=5
2020,B,B078,section_heading,问题重述,问题重述,2,1,0.931612,蒙特卡洛@p1 -> 最短路@p7 -> Floyd@p24 -> ODE@p44,连接词=首先:9、由此:2、说明:1、验证:2、相比:1、为了:1、因此:41；页行中位数=45.0；段落候选中位数=8.0；图表候选=8；公式行候选=517；标题候选=49,问题 重 述,问题 重 述 / 有 一 种 “穿越 沙漠 ”小 游戏 ， 参 与 该 游戏 的 玩家 在 获得 沙漠 地 图 ， 并 在 起 点 用 初始 / 资金 以 基准 价格 购买 好 水 和 食物 等 生活 必需 品 后 ， 从 第 1 天 开始 在 沙漠 中 行走 ， 其 目标,2020/B078.pdf#page=2:line=1
2020,B,B078,section_heading,问题分析,问题分析,2,24,0.924436,蒙特卡洛@p1 -> 最短路@p7 -> Floyd@p24 -> ODE@p44,连接词=首先:9、由此:2、说明:1、验证:2、相比:1、为了:1、因此:41；页行中位数=45.0；段落候选中位数=8.0；图表候选=8；公式行候选=517；标题候选=49,二 、 问 题 分 析,"4. 在 前 一 题 的 条 件 下 , 若 玩家 只 知道 当天 的 天 气 状况 以 及 其 他 玩家 当天 的 行动 方案 / 和 剩余 资源 量 ， 给 出 最 优 策 略 并 对 第 六 关 进 行 讨 论 。 / 二 、 问 题 分 析 / 2.1 问题 一 的 分 析 / 问题 一 要 求 我 们 在 只 有 一 名 玩家 ， 且 他 知道 游戏 过 程 中 每 天 的 天 气 状 况 的 情形 下 ，",2020/B078.pdf#page=2:line=24
2020,B,B078,section_heading,模型假设,模型假设,3,14,0.926501,蒙特卡洛@p1 -> 最短路@p7 -> Floyd@p24 -> ODE@p44,连接词=首先:9、由此:2、说明:1、验证:2、相比:1、为了:1、因此:41；页行中位数=45.0；段落候选中位数=8.0；图表候选=8；公式行候选=517；标题候选=49,三 、 模 型 假设,下 面 为 我 们 进行 问题 解决 的 思维 导 图 。 / 图 2.4.1: 问题 解决 思维 导 图 / 三 、 模 型 假设 / 1. 假设 沙漠 中 各 天 的 天 气相 互 独立 。 / 2. 假设 游戏 参与 者 是 完全 理性 的 。,2020/B078.pdf#page=3:line=14
2020,B,B078,section_heading,符号说明,符号说明,3,18,0.930218,蒙特卡洛@p1 -> 最短路@p7 -> Floyd@p24 -> ODE@p44,连接词=首先:9、由此:2、说明:1、验证:2、相比:1、为了:1、因此:41；页行中位数=45.0；段落候选中位数=8.0；图表候选=8；公式行候选=517；标题候选=49,四 、 符 号 说 明,"2. 假设 游戏 参与 者 是 完全 理性 的 。 / 3. 假设 沙漠 中 天 气 不 存在 突变 。 / 四 、 符 号 说 明 / 关键 符号 符号 说 明 关键 符号 符号 说 明 / 多 到 达 终 点 的 实际 天 数 B, (t) 第 ! 天 水 的 基础 消耗 量",2020/B078.pdf#page=3:line=18
2020,B,B078,section_heading,模型建立,模型建立,4,4,0.896863,蒙特卡洛@p1 -> 最短路@p7 -> Floyd@p24 -> ODE@p44,连接词=首先:9、由此:2、说明:1、验证:2、相比:1、为了:1、因此:41；页行中位数=45.0；段落候选中位数=8.0；图表候选=8；公式行候选=517；标题候选=49,五、模型的建立与求解,中国大学生仕 / 中国大学生在 / 五、模型的建立与求解 / 5.1问题一：已知天气情况时一名玩家的最佳策略模型的建立与求解 / 为求解一名玩家在已知天气情况下的最佳策略，我们首先根据游戏规则列出了每天,2020/B078.pdf#page=4:line=4
2020,B,B078,section_heading,模型求解,模型求解,3,5,0.95692,蒙特卡洛@p1 -> 最短路@p7 -> Floyd@p24 -> ODE@p44,连接词=首先:9、由此:2、说明:1、验证:2、相比:1、为了:1、因此:41；页行中位数=45.0；段落候选中位数=8.0；图表候选=8；公式行候选=517；标题候选=49,"给 出 效用 期 望 ; 然后 就 可 以 给 出 一 般 情况 下 模型 的 求解 方法 , 并 对 本 题 的 情况 进行 求解 。","五 关 进行 讨论 ， 由 于 此 问题 中 有 多 名 玩家 ， 一 名 玩家 的 决策 方案 会 与 别 的 玩家 有 关联 ， / 因此 我 们 需要 参考 博弈 论 的 有 关 资 料 ， 根 据 题 意 构建 支付 矩阵 ， 并 在 两 名 玩家 的 条 件 下 / 给 出 效用 期 望 ; 然后 就 可 以 给 出 一 般 情况 下 模型 的 求解 方法 , 并 对 本 题 的 情况 进行 求解 。 / 2.4 ”问题 三 第 二 部 分 的 分 析 / 问题 三 第 二 部 分 将 上 一 部 分 中 部 分 条 件 更 变 为 只 知道 当天 的 天 气 状况 以 及 其 他 玩",2020/B078.pdf#page=3:line=5
2020,B,B078,section_heading,结果分析,结果分析,9,16,0.946713,蒙特卡洛@p1 -> 最短路@p7 -> Floyd@p24 -> ODE@p44,连接词=首先:9、由此:2、说明:1、验证:2、相比:1、为了:1、因此:41；页行中位数=45.0；段落候选中位数=8.0；图表候选=8；公式行候选=517；标题候选=49,5.1. 3， 已 知 天 气 情况 时 一 名 玩家 的 最 佳 策略 模型 的 结果 分 析,种 情况 使 用 类 似 Step 6 的 方法 进行 处 理 ， 后 一 种 要 加 上 挖 矿 的 收益 。 / Step 8: 一 次 遍历 后 ， 转 Step 3， 以 输出 结果 或 进行 下 一 次 遍历 。 / 5.1. 3， 已 知 天 气 情况 时 一 名 玩家 的 最 佳 策略 模型 的 结果 分 析 / 多 。 第 一 关 的 结果 分 析 / 在 对 求解 不 控 矿 的 贪心 算法 进行 分 析 的 过 程 中 ， [xX cary,2020/B078.pdf#page=9:line=16
2020,B,B078,section_heading,灵敏度分析,灵敏度分析,1,18,0.935804,蒙特卡洛@p1 -> 最短路@p7 -> Floyd@p24 -> ODE@p44,连接词=首先:9、由此:2、说明:1、验证:2、相比:1、为了:1、因此:41；页行中位数=45.0；段落候选中位数=8.0；图表候选=8；公式行候选=517；标题候选=49,元，并将相应结果填入了Result.xlsx文件；随后，我们对该模型进行了灵敏度分析。,模型，并对参与者挖矿和不挖矿的情况分别使用贪心法和回溯法，使用Matlab和C++ / 编程求解，最终得到：在最佳策略下，第一关、第二关的剩余资金分别为10470、12730 / 元，并将相应结果填入了Result.xlsx文件；随后，我们对该模型进行了灵敏度分析。 / 问题二中，考虑到参与者的决策关键为资金的数学期望，因此我们在给出晴朗、高 / 温、沙暴这三种天气的概率的基础之上，得到了每天行走所耗资源对应的金额的期望、,2020/B078.pdf#page=1:line=18
2020,B,B078,section_heading,模型评价,模型评价,21,13,0.962502,蒙特卡洛@p1 -> 最短路@p7 -> Floyd@p24 -> ODE@p44,连接词=首先:9、由此:2、说明:1、验证:2、相比:1、为了:1、因此:41；页行中位数=45.0；段落候选中位数=8.0；图表候选=8；公式行候选=517；标题候选=49,六 、 模 型 的 评价 与 推广,也 会 增加 ， 所 以 玩家 应 选择 尽量 不 同 的 路 / 线 ， 这 与 我 们 得 到 的 路 线 是 相符 的 。 图 5.4. 1， 3 位 玩家 选择 的 路 线 / 六 、 模 型 的 评价 与 推广 / 6.1 | 模型 的 评价 / e@。 模型 的 优点,2020/B078.pdf#page=21:line=13
2020,B,B078,section_heading,改进方案,改进方案,1,40,0.872226,蒙特卡洛@p1 -> 最短路@p7 -> Floyd@p24 -> ODE@p44,连接词=首先:9、由此:2、说明:1、验证:2、相比:1、为了:1、因此:41；页行中位数=45.0；段落候选中位数=8.0；图表候选=8；公式行候选=517；标题候选=49,模型推广到其他领域。,相应的选代算法，以求解得出3位参赛者选择的路线。 / 最后，我们分析了模型的优缺点，在对缺点提出相应的改进方式的基础之上，将该 / 模型推广到其他领域。 / 关键词：最优化模型、贪心法、回溯法、决策模型、蒙特卡洛方法、博奔论 / 关注数学模型,2020/B078.pdf#page=1:line=40
2020,B,B078,section_heading,参考文献,参考文献,22,7,0.930957,蒙特卡洛@p1 -> 最短路@p7 -> Floyd@p24 -> ODE@p44,连接词=首先:9、由此:2、说明:1、验证:2、相比:1、为了:1、因此:41；页行中位数=45.0；段落候选中位数=8.0；图表候选=8；公式行候选=517；标题候选=49,七 、 参 考 文献,"弈 论 的 相关 理论 ， 该 理论 可 用 于 解决 作战 时 兵力 的 分 配 、 合 作 完成 某 项 任务 时 人 员 的 分 / 配 等 多 种 实际 问题 。 / 七 、 参 考 文献 / [1] -周志 华 . 机 器 学 习 [M]. 北京 : 清华 大 学 出 版 社 ; 2016. / [2]- 陈 慧 南 . 算法 设计 与 分 析 〈C++ 语 言 描述 ) [M]. 北京 : 电子 工业 出 版 社 , 2018.",2020/B078.pdf#page=22:line=7
2020,B,B108,paper_overview,,论文总览,1,1,0.677801,最短路@p1,连接词=首先:5、其次:1、进一步:4、由此:3、可知:2、表明:1、说明:2、验证:6、为了:7、因此:26；页行中位数=45.5；段落候选中位数=2.0；图表候选=17；公式行候选=1056；标题候选=78,国大学生仕,国大学生仕 / 中国大学生在 / 中国大学生仕统,2020/B108.pdf#page=1:line=1
2020,B,B108,section_heading,摘要,摘要,1,5,0.505109,最短路@p1,连接词=首先:5、其次:1、进一步:4、由此:3、可知:2、表明:1、说明:2、验证:6、为了:7、因此:26；页行中位数=45.5；段落候选中位数=2.0；图表候选=17；公式行候选=1056；标题候选=78,摘要,中国大学生仕统 / 基于动态规划、统计分析、静态博奔的穿越沙漠游戏策略设计 / 摘要 / 本文研究一个穿越沙漠小游戏的最佳策略问题。我们先在分析游戏机制的基础上编 / 程实现了游戏逻辑模拟，再使用了图动态规划模型得到前两个具体关卡的最优解。再基,2020/B108.pdf#page=1:line=5
2020,B,B108,section_heading,问题重述,问题重述,2,4,0.798777,最短路@p1,连接词=首先:5、其次:1、进一步:4、由此:3、可知:2、表明:1、说明:2、验证:6、为了:7、因此:26；页行中位数=45.5；段落候选中位数=2.0；图表候选=17；公式行候选=1056；标题候选=78,一、问题重述,中国大学生仕统 / 中国大学生在 / 一、问题重述 / 1.1游戏设定 / 本题考虑一个策略选择问题。玩家在一张沙漠地图内，初始拥有一定的资金并购买,2020/B108.pdf#page=2:line=4
2020,B,B108,section_heading,符号说明,符号说明,4,4,0.682416,最短路@p1,连接词=首先:5、其次:1、进一步:4、由此:3、可知:2、表明:1、说明:2、验证:6、为了:7、因此:26；页行中位数=45.5；段落候选中位数=2.0；图表候选=17；公式行候选=1056；标题候选=78,符号说明,中国大学生在统 / 中国大学生仕药 / 符号说明 / 符号 / 意义,2020/B108.pdf#page=4:line=4
2020,B,B108,section_heading,模型求解,模型求解,10,15,0.932565,最短路@p1,连接词=首先:5、其次:1、进一步:4、由此:3、可知:2、表明:1、说明:2、验证:6、为了:7、因此:26；页行中位数=45.5；段落候选中位数=2.0；图表候选=17；公式行候选=1056；标题候选=78,经 过 动态 规划 算法 求解 ， 我 们 得 到 了 第 一 关 最 佳 结 果 行 动 方案 。,"S.1 第 一 关 / 5s.1.1 最 佳 方案 / 经 过 动态 规划 算法 求解 ， 我 们 得 到 了 第 一 关 最 佳 结 果 行 动 方案 。 / ae a, a - cz | 至 / ] <9 y 十 -一 一 zat S780] dG] 3o|",2020/B108.pdf#page=10:line=15
2020,B,B108,section_heading,结果分析,结果分析,13,2,0.96094,最短路@p1,连接词=首先:5、其次:1、进一步:4、由此:3、可知:2、表明:1、说明:2、验证:6、为了:7、因此:26；页行中位数=45.5；段落候选中位数=2.0；图表候选=17；公式行候选=1056；标题候选=78,通过 对 结果 分 析 ， 我 们 得 到 以 下 基本 的 策略 设计 原则 。,5.3 一 般 情况 下 的 最 优 策 略 / 通过 对 结果 分 析 ， 我 们 得 到 以 下 基本 的 策略 设计 原则 。 / (1) 到 达 终点 处 时 玩家 的 资源 恰好 耗 尽 。 为 了 使 到 达 终 点 时 资金 尽 可 能 多 ， 鞠 家 没 / 有 理由 买 多 于 生存 需求 的 水 和 食物 。 玩 家 在 起 点 和 村 庄 购买 资源 的 价格 都 高 于 最 后 在 终,2020/B108.pdf#page=13:line=2
2020,B,B108,section_heading,灵敏度分析,灵敏度分析,1,37,0.913243,最短路@p1,连接词=首先:5、其次:1、进一步:4、由此:3、可知:2、表明:1、说明:2、验证:6、为了:7、因此:26；页行中位数=45.5；段落候选中位数=2.0；图表候选=17；公式行候选=1056；标题候选=78,最后我们分析了模型的优缺点和灵敏度，结果显示模型对于这一类问题具有比较好,择在起点购买足够生存的物资。第六关我们采取类似的方法对于两人局部的竞争进行分 / 析得出了一系列局部策略，由此指导玩家进行决策优化。 / 最后我们分析了模型的优缺点和灵敏度，结果显示模型对于这一类问题具有比较好 / 的适应性，提炼出的规则可以有效指导玩家决策。 / 关键字：动态规划统计分析随机模拟静态博奔,2020/B108.pdf#page=1:line=37
2020,B,B108,section_heading,参考文献,参考文献,29,15,0.966561,最短路@p1,连接词=首先:5、其次:1、进一步:4、由此:3、可知:2、表明:1、说明:2、验证:6、为了:7、因此:26；页行中位数=45.5；段落候选中位数=2.0；图表候选=17；公式行候选=1056；标题候选=78,参考 文献,有 趣 的 问题 上 汇合 。 只 有 创造 性 的 思维 加 上 扎实 的 理论 、 计 算 基本 功 才 能 较 好 地 处 理 一 / 个 实际 问题 。 / 参考 文献 / [1] Strategy (game theory). https: //en.wikipedia. org/wiki/Strategy_(game_ / theory).,2020/B108.pdf#page=29:line=15
2020,B,B108,section_heading,附录,附录,29,24,0.921239,最短路@p1,连接词=首先:5、其次:1、进一步:4、由此:3、可知:2、表明:1、说明:2、验证:6、为了:7、因此:26；页行中位数=45.5；段落候选中位数=2.0；图表候选=17；公式行候选=1056；标题候选=78,附录,"[4]《 运 筹 学 》 教 材 编写 组 . 运筹 学 (修订 版 广 清华 大 学 出 版 社 , 1990. / [5] 胡 奇 英 . 随机 运筹 学 : Stochastic operations research. 清华 大 学 出 版 社 , 2012. / 附录 / A 支撑 材料 列表 / Result.xlsx : 前 两 关 的 结果 呈现",2020/B108.pdf#page=29:line=24
2020,B,B125,paper_overview,,论文总览,1,1,0.661755,Floyd@p1 -> 最短路@p3,连接词=首先:2、验证:3、相比:1、为了:1、从而:1、因此:4；页行中位数=32.5；段落候选中位数=6.0；图表候选=9；公式行候选=185；标题候选=44,中国大学生仕,中国大学生仕 / 中国大学生仕 / 中国大学生在,2020/B125.pdf#page=1:line=1
2020,B,B125,section_heading,摘要,摘要,1,5,0.666024,Floyd@p1 -> 最短路@p3,连接词=首先:2、验证:3、相比:1、为了:1、从而:1、因此:4；页行中位数=32.5；段落候选中位数=6.0；图表候选=9；公式行候选=185；标题候选=44,摘要,中国大学生在 / “穿越沙漠”游戏下玩家的最优策略模型 / 摘要 / “穿越沙漠”游戏要求玩家在规定时间内，利用手中的地图和初始资金，在 / 起点和村庄购买物资，同时可以在矿山获得收益，每天需要根据不同的行为和天,2020/B125.pdf#page=1:line=5
2020,B,B125,section_heading,问题重述,问题重述,2,4,0.81428,Floyd@p1 -> 最短路@p3,连接词=首先:2、验证:3、相比:1、为了:1、从而:1、因此:4；页行中位数=32.5；段落候选中位数=6.0；图表候选=9；公式行候选=185；标题候选=44,一、 问题重述,中国大学生仕药 / 中国大学生在 / 一、 问题重述 / 1．问题背景 / 穿越沙漠的游戏规则是玩家凭借一张地图，利用初始资金购买一定数量,2020/B125.pdf#page=2:line=4
2020,B,B125,section_heading,问题分析,问题分析,3,4,0.822961,Floyd@p1 -> 最短路@p3,连接词=首先:2、验证:3、相比:1、为了:1、从而:1、因此:4；页行中位数=32.5；段落候选中位数=6.0；图表候选=9；公式行候选=185；标题候选=44,二、 问题分析,中国大学生统 / 中国大学生仕统 / 二、 问题分析 / 1．问题1 / 为了研究一般情况下单人玩家的最佳策略，我们需要分析影响玩家决策,2020/B125.pdf#page=3:line=4
2020,B,B125,section_heading,符号说明,符号说明,4,1,0.93229,Floyd@p1 -> 最短路@p3,连接词=首先:2、验证:3、相比:1、为了:1、从而:1、因此:4；页行中位数=32.5；段落候选中位数=6.0；图表候选=9；公式行候选=185；标题候选=44,四 、 符号 说 明 及 名 词 定义,四 、 符号 说 明 及 名 词 定义 / 符号 定义 / 本 第 坟 天 到 第 天 且 到 达 点 ;的 消耗 的 水 和 食物 的 价值,2020/B125.pdf#page=4:line=1
2020,B,B125,section_heading,模型建立,模型建立,4,13,0.965074,Floyd@p1 -> 最短路@p3,连接词=首先:2、验证:3、相比:1、为了:1、从而:1、因此:4；页行中位数=32.5；段落候选中位数=6.0；图表候选=9；公式行候选=185；标题候选=44,五 、 模 型 的 建立 与 求解,Et; 第 ! 天 ， 玩 家 从 点 i 到 其 邻 点 /的 净 收 益 的 数学 期 望 / 4iGs) 玩家 i 下 一 步行 动 的 总 收益 函数 / 五 、 模 型 的 建立 与 求解 / 1 问题 一 / 11 问题 一 模型 的 建立,2020/B125.pdf#page=4:line=13
2020,B,B125,section_heading,模型求解,模型求解,4,21,0.931541,Floyd@p1 -> 最短路@p3,连接词=首先:2、验证:3、相比:1、为了:1、从而:1、因此:4；页行中位数=32.5；段落候选中位数=6.0；图表候选=9；公式行候选=185；标题候选=44,最 短路 径 。 求 最 短路 径 的 问题 我 们 可 以 先 用 Fioyd 算法 求解 。,接 表示 可 以 到 达 。 / 之 后 我 们 可 以 继续 简化 地 图 ， 找 出 起 点 、 村 庄 、 矿 山 和 终点 两 两 之 间 的 / 最 短路 径 。 求 最 短路 径 的 问题 我 们 可 以 先 用 Fioyd 算法 求解 。 / 假设 从 节点 i 到 节点 /的 最 短 距 离 为 wj ， 而 心 j 不 外 乎 两 种 可 能 ; / 1) 从 节点 i 直 接 到 节点 户,2020/B125.pdf#page=4:line=21
2020,B,B125,section_heading,模型评价,模型评价,26,4,0.83349,Floyd@p1 -> 最短路@p3,连接词=首先:2、验证:3、相比:1、为了:1、从而:1、因此:4；页行中位数=32.5；段落候选中位数=6.0；图表候选=9；公式行候选=185；标题候选=44,七、模型评价,中国大学生仕统 / 中国大学生在 / 七、模型评价 / 模型的优点： / （1）问题一的模型充分考虑了影响玩家决策的确定因素与随机因素，使模,2020/B125.pdf#page=26:line=4
2020,B,B125,section_heading,参考文献,参考文献,26,25,0.721196,Floyd@p1 -> 最短路@p3,连接词=首先:2、验证:3、相比:1、为了:1、从而:1、因此:4；页行中位数=32.5；段落候选中位数=6.0；图表候选=9；公式行候选=185；标题候选=44,八、参考文献,"（3）问题三采用玩家到达每一个点的平均收益代替问题一中的实际收益， / 使得对收益的衡量误差增大，存在一定的不准确性。 / 八、参考文献 / [1]张水舰，刘学军，杨洋．动态随机最短路径算法研究[J]．物理学报，2012, / 61 (16) : 7-16.",2020/B125.pdf#page=26:line=25
2020,B,B125,section_heading,附录,附录,27,5,0.81283,Floyd@p1 -> 最短路@p3,连接词=首先:2、验证:3、相比:1、为了:1、从而:1、因此:4；页行中位数=32.5；段落候选中位数=6.0；图表候选=9；公式行候选=185；标题候选=44,附录清单：,中国大学生仕统 / 九、附录 / 附录清单： / 1. / Result.xlsx,2020/B125.pdf#page=27:line=5
2020,B,B175,paper_overview,,论文总览,1,1,0.690458,ODE@p5 -> 最短路@p28,连接词=首先:5、由此:5、可知:2、说明:2、验证:6、为了:7、从而:2、因此:13；页行中位数=46；段落候选中位数=9；图表候选=16；公式行候选=339；标题候选=98,中国大学生在药,中国大学生在药 / 中国大学生仕统 / 中国大学生在,2020/B175.pdf#page=1:line=1
2020,B,B175,section_heading,摘要,摘要,1,5,0.666414,ODE@p5 -> 最短路@p28,连接词=首先:5、由此:5、可知:2、说明:2、验证:6、为了:7、从而:2、因此:13；页行中位数=46；段落候选中位数=9；图表候选=16；公式行候选=339；标题候选=98,摘要,中国大学生在 / 穿越沙漠游戏中的玩家行为决策问题 / 摘要 / 本文对穿越沙漠游戏进行研究。首先确定游戏目标为结余更多资金且成功生存，在此前提下针 / 对天气状况已知情形建立基于动态规划的多阶段决策模型；针对天气状况未知情形建立基于马尔可,2020/B175.pdf#page=1:line=5
2020,B,B175,section_heading,问题重述,问题重述,2,4,0.809538,ODE@p5 -> 最短路@p28,连接词=首先:5、由此:5、可知:2、说明:2、验证:6、为了:7、从而:2、因此:13；页行中位数=46；段落候选中位数=9；图表候选=16；公式行候选=339；标题候选=98,一、 问题重述,中国大学生仕 / 中国大学生在 / 一、 问题重述 / 1.1问题背景 / 考虑如下的小游戏：玩家凭借一张地图，利用初始资金购买一定数量的水和食物（包括食品和,2020/B175.pdf#page=2:line=4
2020,B,B175,section_heading,问题分析,问题分析,3,9,0.690913,ODE@p5 -> 最短路@p28,连接词=首先:5、由此:5、可知:2、说明:2、验证:6、为了:7、从而:2、因此:13；页行中位数=46；段落候选中位数=9；图表候选=16；公式行候选=339；标题候选=98,二、 问题分析,家当天的行动方案和剩余的资源数量，随后确定各自第二天的行动方案。试给出一般情况下玩家应 / 采取的策略，并对附件中的“第六关”进行具体讨论。 / 二、 问题分析 / 学生在线 / 问题一要求在只有一名玩家且已知未来30天天气的情况下，遵循游戏的规则，合理规划食物和,2020/B175.pdf#page=3:line=9
2020,B,B175,section_heading,模型假设,模型假设,4,3,0.922441,ODE@p5 -> 最短路@p28,连接词=首先:5、由此:5、可知:2、说明:2、验证:6、为了:7、从而:2、因此:13；页行中位数=46；段落候选中位数=9；图表候选=16；公式行候选=339；标题候选=98,三 、 模 型 假设,己 知 条 件 条 件 不 同 的 情况 下 ， 分 别 给 出 一 般 情 况 下 玩家 应 采取 的 策略 ， 再 对 第 五 第 六 关 的 实际 情况 / 进行 分 析 ， 验 证 策略 的 可 行 性 。 / 三 、 模 型 假设 / 1、 假 设 所 有 玩家 均 为 理性 人 ， 可 以 在 博弈 的 过 程 中 做 出 正确 的 判断 。 / 2、 假 设 玩家 计算 物资 结余 的 时 间 为 每 天 晚上 进行 完 当 天 所 有 动作 之 后 。,2020/B175.pdf#page=4:line=3
2020,B,B175,section_heading,符号说明,符号说明,4,9,0.929989,ODE@p5 -> 最短路@p28,连接词=首先:5、由此:5、可知:2、说明:2、验证:6、为了:7、从而:2、因此:13；页行中位数=46；段落候选中位数=9；图表候选=16；公式行候选=339；标题候选=98,四 、 符号 说 明,4、 在 模型 建立 过 程 中 物资 不 低 于 阔 值 时 ， 主 要 影响 因素 是 收益 、 消 耗资 金 与 天 气 ， 物 资质 量 的 / 影响 忽略 不 计 。 / 四 、 符号 说 明 / 符号 符号 描述 单位 / B 负重 上 限 kg,2020/B175.pdf#page=4:line=9
2020,B,B175,section_heading,模型建立,模型建立,4,7,0.931282,ODE@p5 -> 最短路@p28,连接词=首先:5、由此:5、可知:2、说明:2、验证:6、为了:7、从而:2、因此:13；页行中位数=46；段落候选中位数=9；图表候选=16；公式行候选=339；标题候选=98,4、 在 模型 建立 过 程 中 物资 不 低 于 阔 值 时 ， 主 要 影响 因素 是 收益 、 消 耗资 金 与 天 气 ， 物 资质 量 的,2、 假 设 玩家 计算 物资 结余 的 时 间 为 每 天 晚上 进行 完 当 天 所 有 动作 之 后 。 / 35 假设 玩家 在 到 达 村 庄 当天 晚上 的 物资 结余 可 以 为 0。 / 4、 在 模型 建立 过 程 中 物资 不 低 于 阔 值 时 ， 主 要 影响 因素 是 收益 、 消 耗资 金 与 天 气 ， 物 资质 量 的 / 影响 忽略 不 计 。 / 四 、 符号 说 明,2020/B175.pdf#page=4:line=7
2020,B,B175,section_heading,模型求解,模型求解,12,2,0.957645,ODE@p5 -> 最短路@p28,连接词=首先:5、由此:5、可知:2、说明:2、验证:6、为了:7、从而:2、因此:13；页行中位数=46；段落候选中位数=9；图表候选=16；公式行候选=339；标题候选=98,根据 如 上 建立 的 基于 动态 规划 的 决策 模型 ， 编 程 进 行 求解 加， 求解 过 程 的 程序 框图 如 下 ;,6.4 第 一 、 二 关 策 略 求解 / 根据 如 上 建立 的 基于 动态 规划 的 决策 模型 ， 编 程 进 行 求解 加， 求解 过 程 的 程序 框图 如 下 ; / c=) / <>,2020/B175.pdf#page=12:line=2
2020,B,B175,section_heading,结果分析,结果分析,7,13,0.93228,ODE@p5 -> 最短路@p28,连接词=首先:5、由此:5、可知:2、说明:2、验证:6、为了:7、从而:2、因此:13；页行中位数=46；段落候选中位数=9；图表候选=16；公式行候选=339；标题候选=98,图 1 最 短路 径 求解 结果,图 所 示 ; / Ge2es 300 / 图 1 最 短路 径 求解 结果 / 观察 图 像 易 知 ， 存 在 多 条 最 短 的 转移 路 径 。 在 本 题 中 ， 除 了 关键 节点 ， 如 起 始点 ， 矿 山 ， 村 庄 ， / 其 余 节 点 没有 明显 的 特征 ， 在 分 析 时 可 看 作 时 同样 的 点 ， 因 此 玩家 在 进行 位 置 的 转移 时 ， 走 的 是 何,2020/B175.pdf#page=7:line=13
2020,B,B175,section_heading,改进方案,改进方案,26,22,0.833496,ODE@p5 -> 最短路@p28,连接词=首先:5、由此:5、可知:2、说明:2、验证:6、为了:7、从而:2、因此:13；页行中位数=46；段落候选中位数=9；图表候选=16；公式行候选=339；标题候选=98,9 .3 模型 推广,1、 第 一 问 中 院 模型 动态 规划 的 维 数 较 高 ， 计 算 复 杂 度 较 高 。 / 2、 由 于 给 出 的 天 气 数据 样本 较 少 ， 使 得 求解 天 气 的 概率 分 布 不 够 稳定 。 / 9 .3 模型 推广 / 问题 二 所 用 的 基于 MDP 的 行动 决策 模型 中 ， 当 物资 不 低 于 阀 值 时 ， 立 即 回报 函数 R 主要 受 状 / 态 转移 导致 的 收益 变化 影响 ， 物 资 变化 影响 忽略 不 计 ， 与 实际 情况 稍 有 偏差 ， 故 引入 水 和 食物 的 物,2020/B175.pdf#page=26:line=22
2020,B,B175,section_heading,参考文献,参考文献,28,4,0.791935,ODE@p5 -> 最短路@p28,连接词=首先:5、由此:5、可知:2、说明:2、验证:6、为了:7、从而:2、因此:13；页行中位数=46；段落候选中位数=9；图表候选=16；公式行候选=339；标题候选=98,参考文献,"中国大学生在统 / 中国大学生仕药 / 参考文献 / [1]KaiYD,ShuLY.基于平面图的最短路径算法的研究[].2001. / [2]厉洋峰.动态规划及其在数学模型中的应用[].中国新技术新产品,2009,000(016):244-245.",2020/B175.pdf#page=28:line=4
2020,B,B175,section_heading,附录,附录,29,4,0.691185,ODE@p5 -> 最短路@p28,连接词=首先:5、由此:5、可知:2、说明:2、验证:6、为了:7、从而:2、因此:13；页行中位数=46；段落候选中位数=9；图表候选=16；公式行候选=339；标题候选=98,附录 A,中国大学生任药 / 中国大学生仕药 / 附录 A / 支撑材料文件列表 / Result.rlsr,2020/B175.pdf#page=29:line=4
2020,C,C109,paper_overview,,论文总览,1,1,0.745936,多目标@p1 -> 线性规划@p1 -> 非线性规划@p1 -> 回归@p30 -> 0-1@p30 -> AHP@p30 -> 层次分析@p30 -> ODE@p58 -> XGBoost@p59 -> Logistic@p60 -> VAR@p64,连接词=首先:8、进一步:12、由此:2、可知:2、表明:2、说明:4、验证:1、为了:4、从而:5、因此:24；页行中位数=48；段落候选中位数=6；图表候选=31；公式行候选=445；标题候选=935,中国大学生仕统,中国大学生仕统 / 基于梯度下降的决策树算法与非线性规划的信贷风险评估 / 与信贷策略模型,2020/C109.pdf#page=1:line=1
2020,C,C109,section_heading,摘要,摘要,1,4,0.618564,多目标@p1 -> 线性规划@p1 -> 非线性规划@p1 -> 回归@p30 -> 0-1@p30 -> AHP@p30 -> 层次分析@p30 -> ODE@p58 -> XGBoost@p59 -> Logistic@p60 -> VAR@p64,连接词=首先:8、进一步:12、由此:2、可知:2、表明:2、说明:4、验证:1、为了:4、从而:5、因此:24；页行中位数=48；段落候选中位数=6；图表候选=31；公式行候选=445；标题候选=935,摘要,基于梯度下降的决策树算法与非线性规划的信贷风险评估 / 与信贷策略模型 / 摘要 / 本文针对中小微企业的信贷决策问题，基于改进的梯度下降算法对决策树模型进行优化， / 建立信贷风险评估判断预测模型，之后基于收益最大、风险最小、客户流失率的最小目标建,2020/C109.pdf#page=1:line=4
2020,C,C109,section_heading,问题分析,问题分析,2,19,0.930379,多目标@p1 -> 线性规划@p1 -> 非线性规划@p1 -> 回归@p30 -> 0-1@p30 -> AHP@p30 -> 层次分析@p30 -> ODE@p58 -> XGBoost@p59 -> Logistic@p60 -> VAR@p64,连接词=首先:8、进一步:12、由此:2、可知:2、表明:2、说明:4、验证:1、为了:4、从而:5、因此:24；页行中位数=48；段落候选中位数=6；图表候选=31；公式行候选=445；标题候选=935,二 、 问题 分 析,3. 基于 信贷 风险 ， 给 出 银行 针对 各 企业 的 最 佳 信贷 策略 。 / 4. 考虑 不 同 突 发 因素 ， 给 出 银行 针对 不 同类 别 企业 的 信贷 调整 策略 。 / 二 、 问题 分 析 / 本 题 要 求 评估 不 同 企业 的 信贷 风险 并 制定 具有 普 适 性 的 信贷 策略 。 解 题 思路 主要 分 为 两 / 步 : 第 一 步 综 合 考虑 企业 实力 和 信誉 等 级 ， 对 其 信贷 风险 进行 量化 评估 ; 第 二 步 基于 信贷 风,2020/C109.pdf#page=2:line=19
2020,C,C109,section_heading,模型假设,模型假设,3,28,0.702731,多目标@p1 -> 线性规划@p1 -> 非线性规划@p1 -> 回归@p30 -> 0-1@p30 -> AHP@p30 -> 层次分析@p30 -> ODE@p58 -> XGBoost@p59 -> Logistic@p60 -> VAR@p64,连接词=首先:8、进一步:12、由此:2、可知:2、表明:2、说明:4、验证:1、为了:4、从而:5、因此:24；页行中位数=48；段落候选中位数=6；图表候选=31；公式行候选=445；标题候选=935,三、模型假设,规划函数，将结果与第二问求得的结果进行对比，得到该银行年度信贷额度为1亿元时的信 / 贷调整策略。 / 三、模型假设 / 1.假设贷款利率仅与客户流失率有关，不考虑其他影响因素； / 2.银行针对各企业的信贷评估仅考虑企业实力、企业信誉两方面：,2020/C109.pdf#page=3:line=28
2020,C,C109,section_heading,符号说明,符号说明,3,32,0.854782,多目标@p1 -> 线性规划@p1 -> 非线性规划@p1 -> 回归@p30 -> 0-1@p30 -> AHP@p30 -> 层次分析@p30 -> ODE@p58 -> XGBoost@p59 -> Logistic@p60 -> VAR@p64,连接词=首先:8、进一步:12、由此:2、可知:2、表明:2、说明:4、验证:1、为了:4、从而:5、因此:24；页行中位数=48；段落候选中位数=6；图表候选=31；公式行候选=445；标题候选=935,四、符号说明,2.银行针对各企业的信贷评估仅考虑企业实力、企业信誉两方面： / 3．银行通过综合评估企业的信贷风险来确定具体的信贷策略，不考虑其他因素。 / 四、符号说明 / 大学生在线 / 符号,2020/C109.pdf#page=3:line=32
2020,C,C109,section_heading,模型建立,模型建立,2,38,0.963102,多目标@p1 -> 线性规划@p1 -> 非线性规划@p1 -> 回归@p30 -> 0-1@p30 -> AHP@p30 -> 层次分析@p30 -> ODE@p58 -> XGBoost@p59 -> Logistic@p60 -> VAR@p64,连接词=首先:8、进一步:12、由此:2、可知:2、表明:2、说明:4、验证:1、为了:4、从而:5、因此:24；页行中位数=48；段落候选中位数=6；图表候选=31；公式行候选=445；标题候选=935,"基于 该 监督 学 习 模型 建立 以 违约 概率 为 目标 函数 的 信贷 风险 评估 模型 , 求 得 各 企业 的 借","成 ,添加 正则 项 约束 函数 并 且 对 目标 函数 进行 优化 ， 同 时 使 用 梯度 下 降 法 进行 迭代 优化 ， 从 / 而 得 到 分 类 效果 更 好 的 强 监督 学 习 模型 。 / 基于 该 监督 学 习 模型 建立 以 违约 概率 为 目标 函数 的 信贷 风险 评估 模型 , 求 得 各 企业 的 借 / 贷 的 违约 概率 ， 并 对 信贷 风险 进行 评估 。 / 2. 基于 步骤 1 所 得 的 各 企业 违约 概率 ,考虑 到 银行 的 贷款 期 限 为 一 年 ， 以 银行 一 年 后",2020/C109.pdf#page=2:line=38
2020,C,C109,section_heading,模型求解,模型求解,12,21,0.964157,多目标@p1 -> 线性规划@p1 -> 非线性规划@p1 -> 回归@p30 -> 0-1@p30 -> AHP@p30 -> 层次分析@p30 -> ODE@p58 -> XGBoost@p59 -> Logistic@p60 -> VAR@p64,连接词=首先:8、进一步:12、由此:2、可知:2、表明:2、说明:4、验证:1、为了:4、从而:5、因此:24；页行中位数=48；段落候选中位数=6；图表候选=31；公式行候选=445；标题候选=935,"首先 本 文 基于 该 模型 求解 出 所 有 自 变 量 对 于 违约 概率 的 影响 程度 , 可 以 看 到 , 银行 对 于","时 这 也 验证 了 本 模型 的 准确 性 和 有 效 性 。 / 5.5.1.1 评估 指标 影响 程度 分 析 / 首先 本 文 基于 该 模型 求解 出 所 有 自 变 量 对 于 违约 概率 的 影响 程度 , 可 以 看 到 , 银行 对 于 / 企业 的 原 信誉 评级 得 分 与 企业 是 否 可 能 违约 的 相关 性 最 高 , 这 说 明了 企业 信誉 等 级 对 企业 信 / 贷 风 险 的 影响 程度 最 大 , 也 证 明了 银行 对 于 企业 的 原 信 誉 评级 是 可 靠 并 且 有 效 的 。 其 次 影响",2020/C109.pdf#page=12:line=21
2020,C,C109,section_heading,结果分析,结果分析,1,15,0.916268,多目标@p1 -> 线性规划@p1 -> 非线性规划@p1 -> 回归@p30 -> 0-1@p30 -> AHP@p30 -> 层次分析@p30 -> ODE@p58 -> XGBoost@p59 -> Logistic@p60 -> VAR@p64,连接词=首先:8、进一步:12、由此:2、可知:2、表明:2、说明:4、验证:1、为了:4、从而:5、因此:24；页行中位数=48；段落候选中位数=6；图表候选=31；公式行候选=445；标题候选=935,企业的信贷风险。求解结果表明，该模型的预测准确率达到96.75%，相较于传统的决策树,中国大学 / 率为目标函数的信贷风险评估模型，对附件1中各企业的违约概率进行定量求解，即得到各 / 企业的信贷风险。求解结果表明，该模型的预测准确率达到96.75%，相较于传统的决策树 / 算法（预测准确率为83.87%）和BP神经网络模型（59.3%），预测效果分别提升了15.36% / 和63.15%。基于得到的各企业的信贷违约概率，考虑到银行贷款期限为一年，本文以银行,2020/C109.pdf#page=1:line=15
2020,C,C109,section_heading,模型评价,模型评价,28,12,0.957917,多目标@p1 -> 线性规划@p1 -> 非线性规划@p1 -> 回归@p30 -> 0-1@p30 -> AHP@p30 -> 层次分析@p30 -> ODE@p58 -> XGBoost@p59 -> Logistic@p60 -> VAR@p64,连接词=首先:8、进一步:12、由此:2、可知:2、表明:2、说明:4、验证:1、为了:4、从而:5、因此:24；页行中位数=48；段落候选中位数=6；图表候选=31；公式行候选=445；标题候选=935,八 、 模型 评价 与 推广,"体现 银行 巨大 的 责任 意识 和 社会 担当 , 产生 了 巨大 的 社会 效益 , 进一步 提升 了 银行 的 信誉 和 / 客户 留存 率 ， 从 这 方面 来 看 ， 这 种 策略 的 调整 是 值得 的 。 / 八 、 模型 评价 与 推广 / 8.1 信贷 风险 评估 模型 / 8.1.1 模型 优点",2020/C109.pdf#page=28:line=12
2020,C,C109,section_heading,改进方案,改进方案,28,32,0.946854,多目标@p1 -> 线性规划@p1 -> 非线性规划@p1 -> 回归@p30 -> 0-1@p30 -> AHP@p30 -> 层次分析@p30 -> ODE@p58 -> XGBoost@p59 -> Logistic@p60 -> VAR@p64,连接词=首先:8、进一步:12、由此:2、可知:2、表明:2、说明:4、验证:1、为了:4、从而:5、因此:24；页行中位数=48；段落候选中位数=6；图表候选=31；公式行候选=445；标题候选=935,8.1.3 模型 推广,"身 数据 量 偏 少 , 同时 间 题 本 身 提供 的 数据 也 较 少 , 因此 本 模型 的 预测 准确 率 还 有 进一步 的 提 / 升 空间 。 / 8.1.3 模型 推广 / 由 于 本 模型 具有 预测 准确 率 高 ， 并 行 式 计算 、 计 算 速度 快 等 优势 ,因此 本 模型 非常 适合 / 用 于 处 理 大 型 数据 集 ， 可 以 进一步 应 用 于 更 多 类 型 、 更 多 行业 、 更 多 数据 量 的 银行 客户 信 达",2020/C109.pdf#page=28:line=32
2020,C,C109,section_heading,参考文献,参考文献,30,3,0.730789,多目标@p1 -> 线性规划@p1 -> 非线性规划@p1 -> 回归@p30 -> 0-1@p30 -> AHP@p30 -> 层次分析@p30 -> ODE@p58 -> XGBoost@p59 -> Logistic@p60 -> VAR@p64,连接词=首先:8、进一步:12、由此:2、可知:2、表明:2、说明:4、验证:1、为了:4、从而:5、因此:24；页行中位数=48；段落候选中位数=6；图表候选=31；公式行候选=445；标题候选=935,九、参考文献,中国大学生仕统 / 中国大学生在药 / 九、参考文献 / [1]】赵池北.中小企业信用风险评估模型比较[J].合作经济与科技，2014(19)：190-191. / [2]林婷婷.基于AHP法的小微企业信用评级指标体系构建研究[J].商场现代化.,2020/C109.pdf#page=30:line=3
2020,C,C142,paper_overview,,论文总览,1,1,0.834499,线性规划@p1 -> 遗传算法@p1 -> 非线性规划@p1 -> 主成分@p1 -> Logistic@p11 -> 回归@p11 -> ODE@p28 -> VAR@p33 -> PCA@p35,连接词=首先:4、其次:1、进一步:5、可知:2、说明:3、相比:1、为了:1、因此:10；页行中位数=46；段落候选中位数=8；图表候选=23；公式行候选=417；标题候选=55,中国大学生仕,中国大学生仕 / 中国大学生仕统 / 中国大学生在,2020/C142.pdf#page=1:line=1
2020,C,C142,section_heading,摘要,摘要,1,5,0.584925,线性规划@p1 -> 遗传算法@p1 -> 非线性规划@p1 -> 主成分@p1 -> Logistic@p11 -> 回归@p11 -> ODE@p28 -> VAR@p33 -> PCA@p35,连接词=首先:4、其次:1、进一步:5、可知:2、说明:3、相比:1、为了:1、因此:10；页行中位数=46；段落候选中位数=8；图表候选=23；公式行候选=417；标题候选=55,摘要,中国大学生在 / 银行对中小微企业的信贷策略 / 摘要 / 本文在规定的银行借贷方案的基础上，处理中小微企业的发票信息，对两类企业的 / 信贷风险进行量化分析，给出相应的信贷策略，并探究突发因素与银行信贷策略的关系，,2020/C142.pdf#page=1:line=5
2020,C,C142,section_heading,问题重述,问题重述,2,4,0.815474,线性规划@p1 -> 遗传算法@p1 -> 非线性规划@p1 -> 主成分@p1 -> Logistic@p11 -> 回归@p11 -> ODE@p28 -> VAR@p33 -> PCA@p35,连接词=首先:4、其次:1、进一步:5、可知:2、说明:3、相比:1、为了:1、因此:10；页行中位数=46；段落候选中位数=8；图表候选=23；公式行候选=417；标题候选=55,1.问题重述,中国大学生在级 / 中国大学生在 / 1.问题重述 / 1.1问题背景 / 改革开放尤其是党的十八大以来，我国的中小微企业发展迅速，在国民经济和社会,2020/C142.pdf#page=2:line=4
2020,C,C142,section_heading,问题分析,问题分析,2,35,0.823582,线性规划@p1 -> 遗传算法@p1 -> 非线性规划@p1 -> 主成分@p1 -> Logistic@p11 -> 回归@p11 -> ODE@p28 -> VAR@p33 -> PCA@p35,连接词=首先:4、其次:1、进一步:5、可知:2、说明:3、相比:1、为了:1、因此:10；页行中位数=46；段落候选中位数=8；图表候选=23；公式行候选=417；标题候选=55,2. 问题分析,发因素，在年度信贷总额为1亿元的条件下，给出相应信贷调整策略。 / 王线 / 2. 问题分析 / 国大学生在线 / 中国大学生在线,2020/C142.pdf#page=2:line=35
2020,C,C142,section_heading,模型假设,模型假设,4,41,0.755929,线性规划@p1 -> 遗传算法@p1 -> 非线性规划@p1 -> 主成分@p1 -> Logistic@p11 -> 回归@p11 -> ODE@p28 -> VAR@p33 -> PCA@p35,连接词=首先:4、其次:1、进一步:5、可知:2、说明:3、相比:1、为了:1、因此:10；页行中位数=46；段落候选中位数=8；图表候选=23；公式行候选=417；标题候选=55,3.1模型假设,中国大学生在线 / 3.模型的假设与符号说明 / 3.1模型假设 / （1）企业的信贷风险仅由题目中所反映的企业实力、信誉以及供求关系的稳定性 / 所决定，不考虑经营者情况等其他主观因素。,2020/C142.pdf#page=4:line=41
2020,C,C142,section_heading,符号说明,符号说明,4,40,0.908013,线性规划@p1 -> 遗传算法@p1 -> 非线性规划@p1 -> 主成分@p1 -> Logistic@p11 -> 回归@p11 -> ODE@p28 -> VAR@p33 -> PCA@p35,连接词=首先:4、其次:1、进一步:5、可知:2、说明:3、相比:1、为了:1、因此:10；页行中位数=46；段落候选中位数=8；图表候选=23；公式行候选=417；标题候选=55,3.模型的假设与符号说明,中国大学生在线 / 中国大学生在线 / 3.模型的假设与符号说明 / 3.1模型假设 / （1）企业的信贷风险仅由题目中所反映的企业实力、信誉以及供求关系的稳定性,2020/C142.pdf#page=4:line=40
2020,C,C142,section_heading,模型建立,模型建立,1,10,0.926826,线性规划@p1 -> 遗传算法@p1 -> 非线性规划@p1 -> 主成分@p1 -> Logistic@p11 -> 回归@p11 -> ODE@p28 -> VAR@p33 -> PCA@p35,连接词=首先:4、其次:1、进一步:5、可知:2、说明:3、相比:1、为了:1、因此:10；页行中位数=46；段落候选中位数=8；图表候选=23；公式行候选=417；标题候选=55,在模型建立方面，对于问题一，本组建立了三级七类的企业风险衡量指标体系，并,给出调整策略。 / 学生在线 / 在模型建立方面，对于问题一，本组建立了三级七类的企业风险衡量指标体系，并 / 中国大学 / 型；对于问题二，本组建立了基于BP神经网络的信誉评价指数预测模型；对于问题三，,2020/C142.pdf#page=1:line=10
2020,C,C142,section_heading,模型求解,模型求解,13,29,0.930959,线性规划@p1 -> 遗传算法@p1 -> 非线性规划@p1 -> 主成分@p1 -> Logistic@p11 -> 回归@p11 -> ODE@p28 -> VAR@p33 -> PCA@p35,连接词=首先:4、其次:1、进一步:5、可知:2、说明:3、相比:1、为了:1、因此:10；页行中位数=46；段落候选中位数=8；图表候选=23；公式行候选=417；标题候选=55,信贷 策略 模型 ， 故 采用 遗传 算法 求解 该 模型 。,遗传 算法 是 一 种 基于 自然 原理 的 启发 式 算法 ， 它 的 本 质 是 通过 和 群体 搜索 技术 ， 根 据 / 适 者 生存 的 原则 逐 代 进 化 ， 最 终 得 到 最 优 解 或 准 最 优 解 。 该 特性 符合 我 们 要 求解 的 最 优 / 信贷 策略 模型 ， 故 采用 遗传 算法 求解 该 模型 。 / 遗传 算法 的 一 般 流 程 分 为 求 初始 种 群 、 确 定 目标 函数 、 交 叉 操 作 、 变 异 操作 和 选择 / 等 若干 步骤 ， 依 据 这 一 流程 编写 求解 程序 ， 随 后 运行 得 到 结果 。,2020/C142.pdf#page=13:line=29
2020,C,C142,section_heading,灵敏度分析,灵敏度分析,25,28,0.9272,线性规划@p1 -> 遗传算法@p1 -> 非线性规划@p1 -> 主成分@p1 -> Logistic@p11 -> 回归@p11 -> ODE@p28 -> VAR@p33 -> PCA@p35,连接词=首先:4、其次:1、进一步:5、可知:2、说明:3、相比:1、为了:1、因此:10；页行中位数=46；段落候选中位数=8；图表候选=23；公式行候选=417；标题候选=55,5. 模型 的 灵敏 度 分 析,的 性 质 雇 定 的， 在 此 情况 下 ， 食 品 、 医 药 和 其 他 人 们 依赖 程度 高 的 行业 受 影响 小 ， 甚 至 / 受到 积极 影响 ， 而 其 他 行业 普遍 受到 较 大 的 消极 影响 。 / 5. 模型 的 灵敏 度 分 析 / 5. 1 银行 年 度 贷款 总 额 / 问题 一 中 的 求解 中 ， 我 们 设置 银行 年 度 贷款 总 额 为 固定 值 1 亿 元 ， 接 下 来 分 析 信 贷,2020/C142.pdf#page=25:line=28
2020,C,C142,section_heading,模型评价,模型评价,27,18,0.96606,线性规划@p1 -> 遗传算法@p1 -> 非线性规划@p1 -> 主成分@p1 -> Logistic@p11 -> 回归@p11 -> ODE@p28 -> VAR@p33 -> PCA@p35,连接词=首先:4、其次:1、进一步:5、可知:2、说明:3、相比:1、为了:1、因此:10；页行中位数=46；段落候选中位数=8；图表候选=23；公式行候选=417；标题候选=55,6. 模型 评价,"分 析 上 图 可 知 ， 年 度 利润 对 比例 因子 的 灵敏 度 很 高 。 因 此 ， 要 提高 模型 的 准确 性 ， / 应 当 进一步 从 真实 统计 规律 中 确定 比例 因子 的 取 值 。 / 6. 模型 评价 / 6.1 优点 与 创新 / (1) 将 多 方面 影响 因素 归纳 为 企业 信誉 、 企 业 实力 、 上 下 游 企 业 供 求 稳定 性 这 三 方面 , 对",2020/C142.pdf#page=27:line=18
2020,C,C142,section_heading,改进方案,改进方案,17,27,0.959034,线性规划@p1 -> 遗传算法@p1 -> 非线性规划@p1 -> 主成分@p1 -> Logistic@p11 -> 回归@p11 -> ODE@p28 -> VAR@p33 -> PCA@p35,连接词=首先:4、其次:1、进一步:5、可知:2、说明:3、相比:1、为了:1、因此:10；页行中位数=46；段落候选中位数=8；图表候选=23；公式行候选=417；标题候选=55,此 模型 进一步 改进 ， 应 该 收集 更 多 的 中 小 企业 信誉 评级 和 发 票 交 易 数据 ， 以 增强 神经 网,分 析 表 格 可 以 看 出 ， 两 级 神经 网 络 的 预测 均 有 一 定 准确 性 ， 但 性 能 并 不 是 非常 好 ， / 这 是 因为 附件 1 中 的 样本 数据 少 ， 且 多 数 指标 与 信誉 相关 性 不 是 很 强 。 未 来 如 果 要 基于 / 此 模型 进一步 改进 ， 应 该 收集 更 多 的 中 小 企业 信誉 评级 和 发 票 交 易 数据 ， 以 增强 神经 网 / 络 的 性 能 。 / (2) 信贷 风险 量化 评价 模型 求解,2020/C142.pdf#page=17:line=27
2020,C,C142,section_heading,参考文献,参考文献,28,8,0.913435,线性规划@p1 -> 遗传算法@p1 -> 非线性规划@p1 -> 主成分@p1 -> Logistic@p11 -> 回归@p11 -> ODE@p28 -> VAR@p33 -> PCA@p35,连接词=首先:4、其次:1、进一步:5、可知:2、说明:3、相比:1、为了:1、因此:10；页行中位数=46；段落候选中位数=8；图表候选=23；公式行候选=417；标题候选=55,参考 文献,"(3) 可 以 收集 真实 的 统计 数据 ， 对 违约 概率 函数 的 方差 、 信 贷 调 整 策略 的 比例 因子 进行 / 精确 的 计算 。 / 参考 文献 / [1] Bs, PBS. 数学 建 模 算 法 与 应 用 [M. 北京 : 国防 工业 出 版 社 ，2016-2. / [2] 梁 益 琳 . 创新 型 中 小 企业 成 长 、 融 资 约 柬 与 信贷 策略 研究 [D]. 山东 : 山东 大 学 ，",2020/C142.pdf#page=28:line=8
2020,C,C142,section_heading,附录,附录,28,14,0.959111,线性规划@p1 -> 遗传算法@p1 -> 非线性规划@p1 -> 主成分@p1 -> Logistic@p11 -> 回归@p11 -> ODE@p28 -> VAR@p33 -> PCA@p35,连接词=首先:4、其次:1、进一步:5、可知:2、说明:3、相比:1、为了:1、因此:10；页行中位数=46；段落候选中位数=8；图表候选=23；公式行候选=417；标题候选=55,附录,[3] 国家 统计 局 .2017 年 国民 经 济 行业 分 类 〈GB/T 4754—2017) [2020-9-12]. / http://www. stats. gov. cn/t js j/t jbz/hyf1bz/201710/t20171012 1541679. html / 附录 / 由 于 本 文 模型 所 用 到 的 全 部 代码 太 多 ， 所 以 附录 只 包含 了 涉及 核心 思想 的 源 代码 ， / 其 余 可 见于 支撑 材料 。,2020/C142.pdf#page=28:line=14
2020,C,C170,paper_overview,,论文总览,1,1,0.702916,回归@p1 -> TOPSIS@p1 -> 0-1@p4 -> 熵权@p14 -> VAR@p35,连接词=首先:9、其次:4、进一步:3、由此:1、可知:1、说明:8、相比:1、为了:2、从而:4、因此:16；页行中位数=35.0；段落候选中位数=9.0；图表候选=25；公式行候选=133；标题候选=206,中国大学生在药,中国大学生在药 / 中国大学生仕 / 中国大学生在,2020/C170.pdf#page=1:line=1
2020,C,C170,section_heading,摘要,摘要,1,5,0.665411,回归@p1 -> TOPSIS@p1 -> 0-1@p4 -> 熵权@p14 -> VAR@p35,连接词=首先:9、其次:4、进一步:3、由此:1、可知:1、说明:8、相比:1、为了:2、从而:4、因此:16；页行中位数=35.0；段落候选中位数=9.0；图表候选=25；公式行候选=133；标题候选=206,摘要,中国大学生在 / 针对中小微企业最优信贷决策研究 / 摘要 / 中小微企业由于其自身实力较弱和贷款担保不足，银行往往仅根据企业以往的信用记 / 录以及企业的发票信息来判断企业的信贷风险，这就需要有一个合理、高效的信贷风险量,2020/C170.pdf#page=1:line=5
2020,C,C170,section_heading,问题重述,问题重述,2,4,0.749903,回归@p1 -> TOPSIS@p1 -> 0-1@p4 -> 熵权@p14 -> VAR@p35,连接词=首先:9、其次:4、进一步:3、由此:1、可知:1、说明:8、相比:1、为了:2、从而:4、因此:16；页行中位数=35.0；段落候选中位数=9.0；图表候选=25；公式行候选=133；标题候选=206,一、问题重述,中国大学生仕练 / 中国大学生在 / 一、问题重述 / 1.背景知识 / 中小微企业是我国经济中重要的组成部分，中小微企业的发展有利于刺激我国经济的,2020/C170.pdf#page=2:line=4
2020,C,C170,section_heading,问题分析,问题分析,3,11,0.813638,回归@p1 -> TOPSIS@p1 -> 0-1@p4 -> 熵权@p14 -> VAR@p35,连接词=首先:9、其次:4、进一步:3、由此:1、可知:1、说明:8、相比:1、为了:2、从而:4、因此:16；页行中位数=35.0；段落候选中位数=9.0；图表候选=25；公式行候选=133；标题候选=206,二、问题分析,析附件2中302家企业的信贷风险和银行的最优信贷决策有何变化，并给定具体事件进行 / 具体分析。 / 二、问题分析 / 中国大学生 / 中国大学,2020/C170.pdf#page=3:line=11
2020,C,C170,section_heading,模型假设,模型假设,5,4,0.855572,回归@p1 -> TOPSIS@p1 -> 0-1@p4 -> 熵权@p14 -> VAR@p35,连接词=首先:9、其次:4、进一步:3、由此:1、可知:1、说明:8、相比:1、为了:2、从而:4、因此:16；页行中位数=35.0；段落候选中位数=9.0；图表候选=25；公式行候选=133；标题候选=206,三、模型假设,中国大学生仕药 / 中国大学生仕药 / 三、模型假设 / 1.公司的发票信息可以完全反映公司的经营状态 / 2.企业是否违约会直接影响企业下期信誉评级,2020/C170.pdf#page=5:line=4
2020,C,C170,section_heading,符号说明,符号说明,5,9,0.801942,回归@p1 -> TOPSIS@p1 -> 0-1@p4 -> 熵权@p14 -> VAR@p35,连接词=首先:9、其次:4、进一步:3、由此:1、可知:1、说明:8、相比:1、为了:2、从而:4、因此:16；页行中位数=35.0；段落候选中位数=9.0；图表候选=25；公式行候选=133；标题候选=206,四、符号说明,3.突发事件的发生带来的影响将持续到贷款期结束 / 4.贷款利率和公司信誉和实力成正相关，与信贷风险成负相关 / 四、符号说明 / 一学生在线 / 大学生在线,2020/C170.pdf#page=5:line=9
2020,C,C170,section_heading,模型建立,模型建立,3,4,0.933075,回归@p1 -> TOPSIS@p1 -> 0-1@p4 -> 熵权@p14 -> VAR@p35,连接词=首先:9、其次:4、进一步:3、由此:1、可知:1、说明:8、相比:1、为了:2、从而:4、因此:16；页行中位数=35.0；段落候选中位数=9.0；图表候选=25；公式行候选=133；标题候选=206,1.对附件一中有信贷记录的123家企业的信贷风险进行量化分析，并建立模型判断银,中国大学生仕药 / 中国大学生在 / 1.对附件一中有信贷记录的123家企业的信贷风险进行量化分析，并建立模型判断银 / 行对每个企业的信贷决策。 / 2.根据附件一的数据来预测302家无信贷记录企业的信用等级和违约概率，通过问题,2020/C170.pdf#page=3:line=4
2020,C,C170,section_heading,模型求解,模型求解,4,9,0.953059,回归@p1 -> TOPSIS@p1 -> 0-1@p4 -> 熵权@p14 -> VAR@p35,连接词=首先:9、其次:4、进一步:3、由此:1、可知:1、说明:8、相比:1、为了:2、从而:4、因此:16；页行中位数=35.0；段落候选中位数=9.0；图表候选=25；公式行候选=133；标题候选=206,是一个排序变量，因此文章采用BP神经网络模型求解，将附件一中已标记的数据作为训,量，针对这种二值变量可以通过使用Logit回归，利用附件一中的数据，用极大似然法估 / 计出参数，然后代入附件二的相应数据求出附件二企业违约的概率。对于信用等级，由于 / 是一个排序变量，因此文章采用BP神经网络模型求解，将附件一中已标记的数据作为训 / 练样本，然后用训练完成的神经网络来对附件二企业的信用等级进行预测。将附件二中的 / 学生在线,2020/C170.pdf#page=4:line=9
2020,C,C170,section_heading,模型检验,模型检验,25,10,0.931778,回归@p1 -> TOPSIS@p1 -> 0-1@p4 -> 熵权@p14 -> VAR@p35,连接词=首先:9、其次:4、进一步:3、由此:1、可知:1、说明:8、相比:1、为了:2、从而:4、因此:16；页行中位数=35.0；段落候选中位数=9.0；图表候选=25；公式行候选=133；标题候选=206,由 上 图 结果 可 知 ， 由 该 BP 网 路 预测 出 的 信誉 评分 可 信 度 较 高 ， 模 型 检验 通过 。,° a» manget a LJ 0 2 Taaget 50 » / 图 6.6 BP 神经 网 络 精度 检验 / 由 上 图 结果 可 知 ， 由 该 BP 网 路 预测 出 的 信誉 评分 可 信 度 较 高 ， 模 型 检验 通过 。 / 6.2.4 量化 信贷 风险 / 根据 上 文 预测 出 的 违约 概率 和 信用 等 级 -结合 附件 2 企业 自身 的 发 票数 据 ， 采 用 和 问,2020/C170.pdf#page=25:line=10
2020,C,C170,section_heading,模型评价,模型评价,33,23,0.963442,回归@p1 -> TOPSIS@p1 -> 0-1@p4 -> 熵权@p14 -> VAR@p35,连接词=首先:9、其次:4、进一步:3、由此:1、可知:1、说明:8、相比:1、为了:2、从而:4、因此:16；页行中位数=35.0；段落候选中位数=9.0；图表候选=25；公式行候选=133；标题候选=206,七 、 模 型 评价 与 改进,展 。 以 上 两 点 原因 都 有 效 地 促进 了 高 新 技术 产业 的 信贷 风险 的 降低 ， 导 致 银行 信贷 决策 的 / 倾斜 和 调整 。 / 七 、 模 型 评价 与 改进 / 7.1 模型 评价 / 7.1.1 模型 的 优点,2020/C170.pdf#page=33:line=23
2020,C,C170,section_heading,参考文献,参考文献,34,21,0.854733,回归@p1 -> TOPSIS@p1 -> 0-1@p4 -> 熵权@p14 -> VAR@p35,连接词=首先:9、其次:4、进一步:3、由此:1、可知:1、说明:8、相比:1、为了:2、从而:4、因此:16；页行中位数=35.0；段落候选中位数=9.0；图表候选=25；公式行候选=133；标题候选=206,八、参考文献,"3.通过运用博奔论知识，丰富银行的信贷决策模型，在原有的基础上加上企业、银行 / 各主体的博奔和联系，给出更加精确的信贷决策。 / 八、参考文献 / [2]高佳姬。基于RAROC的小企业贷款定价研究[D].浙江大学. / [4]陈强.高级计量经济学及Stata应用[M].高等教育出版社,2010.",2020/C170.pdf#page=34:line=21
2020,C,C170,section_heading,附录,附录,35,1,0.964858,回归@p1 -> TOPSIS@p1 -> 0-1@p4 -> 熵权@p14 -> VAR@p35,连接词=首先:9、其次:4、进一步:3、由此:1、可知:1、说明:8、相比:1、为了:2、从而:4、因此:16；页行中位数=35.0；段落候选中位数=9.0；图表候选=25；公式行候选=133；标题候选=206,附录,附录 / ql.m / 1. clear,2020/C170.pdf#page=35:line=1
2020,C,C227,paper_overview,,论文总览,1,1,0.717761,Logistic@p1 -> XGBoost@p1 -> 回归@p1 -> 聚类@p1 -> 随机森林@p1 -> 多目标@p1 -> 0-1@p2 -> 线性规划@p3 -> 非线性规划@p3 -> ODE@p28,连接词=首先:9、由此:1、可知:2、说明:3、验证:2、从而:2、因此:4；页行中位数=40；段落候选中位数=6；图表候选=11；公式行候选=285；标题候选=393,中国大学生仕统,中国大学生仕统 / 银行对中小微企业的信贷决策分析 / 摘要,2020/C227.pdf#page=1:line=1
2020,C,C227,section_heading,摘要,摘要,1,3,0.663562,Logistic@p1 -> XGBoost@p1 -> 回归@p1 -> 聚类@p1 -> 随机森林@p1 -> 多目标@p1 -> 0-1@p2 -> 线性规划@p3 -> 非线性规划@p3 -> ODE@p28,连接词=首先:9、由此:1、可知:2、说明:3、验证:2、从而:2、因此:4；页行中位数=40；段落候选中位数=6；图表候选=11；公式行候选=285；标题候选=393,摘要,中国大学生仕统 / 银行对中小微企业的信贷决策分析 / 摘要 / 本文研究银行如何根据中小微企业的实力、信誉对其信贷风险做出评估，然后依 / 据信贷风险等因素来确定是否放贷及贷款额度、利率和期限等信贷策略。,2020/C227.pdf#page=1:line=3
2020,C,C227,section_heading,问题重述,问题重述,2,2,0.801677,Logistic@p1 -> XGBoost@p1 -> 回归@p1 -> 聚类@p1 -> 随机森林@p1 -> 多目标@p1 -> 0-1@p2 -> 线性规划@p3 -> 非线性规划@p3 -> ODE@p28,连接词=首先:9、由此:1、可知:2、说明:3、验证:2、从而:2、因此:4；页行中位数=40；段落候选中位数=6；图表候选=11；公式行候选=285；标题候选=393,一、问题重述,中国大学生仕统 / 一、问题重述 / 1.1 问题背景 / 在实践中，由于中小企业规模相对较小，无较多抵押资产，银行通常根据信贷政,2020/C227.pdf#page=2:line=2
2020,C,C227,section_heading,问题分析,问题分析,2,20,0.742468,Logistic@p1 -> XGBoost@p1 -> 回归@p1 -> 聚类@p1 -> 随机森林@p1 -> 多目标@p1 -> 0-1@p2 -> 线性规划@p3 -> 非线性规划@p3 -> ODE@p28,连接词=首先:9、由此:1、可知:2、说明:3、验证:2、从而:2、因此:4；页行中位数=40；段落候选中位数=6；图表候选=11；公式行候选=285；标题候选=393,二、问题分析,1亿元时信贷策略的调整。 / 生在线 / 二、问题分析 / 中国 / 中国大学生在,2020/C227.pdf#page=2:line=20
2020,C,C227,section_heading,模型假设,模型假设,3,20,0.849068,Logistic@p1 -> XGBoost@p1 -> 回归@p1 -> 聚类@p1 -> 随机森林@p1 -> 多目标@p1 -> 0-1@p2 -> 线性规划@p3 -> 非线性规划@p3 -> ODE@p28,连接词=首先:9、由此:1、可知:2、说明:3、验证:2、从而:2、因此:4；页行中位数=40；段落候选中位数=6；图表候选=11；公式行候选=285；标题候选=393,三、模型假设,目标进行修改，得到调整后的多目标规划模型，解出模型后得到银行在当期情况下的 / 信贷策略。 / 三、模型假设 / 1、同一信誉评级下，本文认为所有企业的信贷风险一致。银行将给予相同信誉评 / 级企业相同的贷款额度与年利率。,2020/C227.pdf#page=3:line=20
2020,C,C227,section_heading,符号说明,符号说明,3,36,0.804743,Logistic@p1 -> XGBoost@p1 -> 回归@p1 -> 聚类@p1 -> 随机森林@p1 -> 多目标@p1 -> 0-1@p2 -> 线性规划@p3 -> 非线性规划@p3 -> ODE@p28,连接词=首先:9、由此:1、可知:2、说明:3、验证:2、从而:2、因此:4；页行中位数=40；段落候选中位数=6；图表候选=11；公式行候选=285；标题候选=393,四、符号说明,高附件内企业都不会放弃贷款。 / 生在线 / 四、符号说明 / 中国大学生在线 / 中国,2020/C227.pdf#page=3:line=36
2020,C,C227,section_heading,模型建立,模型建立,8,8,0.881997,Logistic@p1 -> XGBoost@p1 -> 回归@p1 -> 聚类@p1 -> 随机森林@p1 -> 多目标@p1 -> 0-1@p2 -> 线性规划@p3 -> 非线性规划@p3 -> ODE@p28,连接词=首先:9、由此:1、可知:2、说明:3、验证:2、从而:2、因此:4；页行中位数=40；段落候选中位数=6；图表候选=11；公式行候选=285；标题候选=393,5.3.3模型建立,模型将使用前文从附件一中提取出20个特征，共123个样本进行训练。使用 / 据进行标准化，将数据处理至0到1之间。 / 5.3.3模型建立 / 中国大学 / 投票(voting)是在分类算法中广泛运用的集成学习算法之一。投票主要有硬投票,2020/C227.pdf#page=8:line=8
2020,C,C227,section_heading,模型求解,模型求解,1,23,0.913995,Logistic@p1 -> XGBoost@p1 -> 回归@p1 -> 聚类@p1 -> 随机森林@p1 -> 多目标@p1 -> 0-1@p2 -> 线性规划@p3 -> 非线性规划@p3 -> ODE@p28,连接词=首先:9、由此:1、可知:2、说明:3、验证:2、从而:2、因此:4；页行中位数=40；段落候选中位数=6；图表候选=11；公式行候选=285；标题候选=393,87.8%。完成信誉评级和违约风险判断后，就可以进行多目标规划模型求解，得出银行,XGBoost模型，实现对信誉评级的多分类预测。XGBoost在训练集上综合准确率为 / 中国大 / 87.8%。完成信誉评级和违约风险判断后，就可以进行多目标规划模型求解，得出银行 / 的信贷策略。 / 针对问题三，本文以新冠疫情这个突发事件为例，综合考虑企业的信贷风险和疫,2020/C227.pdf#page=1:line=23
2020,C,C227,section_heading,模型评价,模型评价,19,9,0.929558,Logistic@p1 -> XGBoost@p1 -> 回归@p1 -> 聚类@p1 -> 随机森林@p1 -> 多目标@p1 -> 0-1@p2 -> 线性规划@p3 -> 非线性规划@p3 -> ODE@p28,连接词=首先:9、由此:1、可知:2、说明:3、验证:2、从而:2、因此:4；页行中位数=40；段落候选中位数=6；图表候选=11；公式行候选=285；标题候选=393,八 、 模 型 评价,C， 87 11.20% 100002 / CQ 15 13% 100006 / 八 、 模 型 评价 / 8.1 模型 优点 / 1 数据 特征 提取 时 ， 考 虑 到 企业 实力 、 对 上 下 游 企业 的 影响 能 力 、 发 展 潜力 、 抗,2020/C227.pdf#page=19:line=9
2020,C,C227,section_heading,改进方案,改进方案,19,21,0.967475,Logistic@p1 -> XGBoost@p1 -> 回归@p1 -> 聚类@p1 -> 随机森林@p1 -> 多目标@p1 -> 0-1@p2 -> 线性规划@p3 -> 非线性规划@p3 -> ODE@p28,连接词=首先:9、由此:1、可知:2、说明:3、验证:2、从而:2、因此:4；页行中位数=40；段落候选中位数=6；图表候选=11；公式行候选=285；标题候选=393,8.3 模型 改进 方向,1、 对 于 客户 流失 率 选 择 的 时 候 ， 一 段 区 间 内 的 贷款 年 利率 用 的 是 一 个 客户 流失 / 2、 特 征 提 取 过 多 ， 有 些 变量 互相 有 相关 性 。 / 8.3 模型 改进 方向 / 1、 可 以 使 用 函数 对 附件 3 的 数据 进行 拟 合 ， 将 离散 的 客户 流失 率 连 续 化 ， 多 目标 / 规划 的 结果 会 更 精确 。,2020/C227.pdf#page=19:line=21
2020,C,C227,section_heading,参考文献,参考文献,19,25,0.928865,Logistic@p1 -> XGBoost@p1 -> 回归@p1 -> 聚类@p1 -> 随机森林@p1 -> 多目标@p1 -> 0-1@p2 -> 线性规划@p3 -> 非线性规划@p3 -> ODE@p28,连接词=首先:9、由此:1、可知:2、说明:3、验证:2、从而:2、因此:4；页行中位数=40；段落候选中位数=6；图表候选=11；公式行候选=285；标题候选=393,九 、 参 考 文献,"规划 的 结果 会 更 精确 。 / 2、 在 不 对 分 类 效果 有 较 大 影响 的 前 提 下 ， 可 以 考虑 使 用 因子 分 析 简 化 特征 数量 。 / 九 、 参 考 文献 / [1] 王晓燕 .上 市 民营 企业 信用 风险 度量 方法 研究 [D]. 山 东 大 学 ,2020. / [2] 刘 琪 .小 额 贷款 公司 个 人 贷款 信用 风险 评估 研究 [D]. 扬 州 大 学 ,2011.",2020/C227.pdf#page=19:line=25
2020,C,C305,paper_overview,,论文总览,1,1,0.647967,Logistic@p1 -> 回归@p1 -> 0-1@p1 -> 多目标@p1 -> ODE@p44 -> PCA@p47 -> 主成分@p52,连接词=首先:8、进一步:1、可知:1、说明:5、为了:1、因此:4；页行中位数=49；段落候选中位数=6；图表候选=15；公式行候选=266；标题候选=2032,中国大学生仕药,中国大学生仕药 / 中国大学生仕 / 中国大学生在,2020/C305.pdf#page=1:line=1
2020,C,C305,section_heading,摘要,摘要,1,5,0.666053,Logistic@p1 -> 回归@p1 -> 0-1@p1 -> 多目标@p1 -> ODE@p44 -> PCA@p47 -> 主成分@p52,连接词=首先:8、进一步:1、可知:1、说明:5、为了:1、因此:4；页行中位数=49；段落候选中位数=6；图表候选=15；公式行候选=266；标题候选=2032,摘要,中国大学生在 / 银行基于大数据挖掘对中小微企业的信贷决策问题 / 摘要 / 本文主要研究了银行针对中小微企业的信贷决策问题。信贷决策需要银行利用各企 / 业的相关资料与信息，在对企业进行综合评价之后做出是否放贷、放贷多少、期限多久,2020/C305.pdf#page=1:line=5
2020,C,C305,section_heading,问题重述,问题重述,2,4,0.79427,Logistic@p1 -> 回归@p1 -> 0-1@p1 -> 多目标@p1 -> ODE@p44 -> PCA@p47 -> 主成分@p52,连接词=首先:8、进一步:1、可知:1、说明:5、为了:1、因此:4；页行中位数=49；段落候选中位数=6；图表候选=15；公式行候选=266；标题候选=2032,一问题重述,中国大学生在 / 中国大学生在 / 一问题重述 / 1.1问题背景 / 对于中小微企业的信贷问题，从一方面来说，其企业规模相对较小、缺少用于抵押,2020/C305.pdf#page=2:line=4
2020,C,C305,section_heading,问题分析,问题分析,2,24,0.797349,Logistic@p1 -> 回归@p1 -> 0-1@p1 -> 多目标@p1 -> ODE@p44 -> PCA@p47 -> 主成分@p52,连接词=首先:8、进一步:1、可知:1、说明:5、为了:1、因此:4；页行中位数=49；段落候选中位数=6；图表候选=15；公式行候选=266；标题候选=2032,二 问题分析,贷风险和可能出现的突发因素（例如：新冠疫情）对各企业的影响，最后给出该银行在 / 年度信贷总额为1亿元时的信贷调整策略。 / 二 问题分析 / 2.1对问题一的分析 / 根据问题一的相关说明与条件，目前已知企业的名称、信誉评级、是否违约、企业,2020/C305.pdf#page=2:line=24
2020,C,C305,section_heading,模型假设,模型假设,4,4,0.905793,Logistic@p1 -> 回归@p1 -> 0-1@p1 -> 多目标@p1 -> ODE@p44 -> PCA@p47 -> 主成分@p52,连接词=首先:8、进一步:1、可知:1、说明:5、为了:1、因此:4；页行中位数=49；段落候选中位数=6；图表候选=15；公式行候选=266；标题候选=2032,三模型基本假设与合理性说明,中国大学生仕统 / 中国大学生在 / 三模型基本假设与合理性说明 / 假设1：市场的风险与信誉风险之间没有关系，即在该小问中只考虑企业信誉风险 / 对银行决策的影响，将市场风险看作不存在。,2020/C305.pdf#page=4:line=4
2020,C,C305,section_heading,符号说明,符号说明,4,20,0.831544,Logistic@p1 -> 回归@p1 -> 0-1@p1 -> 多目标@p1 -> ODE@p44 -> PCA@p47 -> 主成分@p52,连接词=首先:8、进一步:1、可知:1、说明:5、为了:1、因此:4；页行中位数=49；段落候选中位数=6；图表候选=15；公式行候选=266；标题候选=2032,四符号说明,而与其他因素无关。平均收益率、交易费率、风险损失率是目前已知的较为重要的数据， / 若考虑其他未知因素和影响甚小的因素不利于数学模型的建立。 / 四符号说明 / 符号 / 符号说明,2020/C305.pdf#page=4:line=20
2020,C,C305,section_heading,模型建立,模型建立,4,19,0.876423,Logistic@p1 -> 回归@p1 -> 0-1@p1 -> 多目标@p1 -> ODE@p44 -> PCA@p47 -> 主成分@p52,连接词=首先:8、进一步:1、可知:1、说明:5、为了:1、因此:4；页行中位数=49；段落候选中位数=6；图表候选=15；公式行候选=266；标题候选=2032,若考虑其他未知因素和影响甚小的因素不利于数学模型的建立。,假设5：净收益和总体的风险只会受到平均收益率、交易费率、风险损失率的影响， / 而与其他因素无关。平均收益率、交易费率、风险损失率是目前已知的较为重要的数据， / 若考虑其他未知因素和影响甚小的因素不利于数学模型的建立。 / 四符号说明 / 符号,2020/C305.pdf#page=4:line=19
2020,C,C305,section_heading,模型求解,模型求解,44,32,0.884677,Logistic@p1 -> 回归@p1 -> 0-1@p1 -> 多目标@p1 -> ODE@p44 -> PCA@p47 -> 主成分@p52,连接词=首先:8、进一步:1、可知:1、说明:5、为了:1、因此:4；页行中位数=49；段落候选中位数=6；图表候选=15；公式行候选=266；标题候选=2032,解决问题：多目标规划模型的求解,文件名：LINGO1.lg4 / 大学生在线 / 解决问题：多目标规划模型的求解 / 中国大 / model:,2020/C305.pdf#page=44:line=32
2020,C,C305,section_heading,结果分析,结果分析,11,12,0.933075,Logistic@p1 -> 回归@p1 -> 0-1@p1 -> 多目标@p1 -> ODE@p44 -> PCA@p47 -> 主成分@p52,连接词=首先:8、进一步:1、可知:1、说明:5、为了:1、因此:4；页行中位数=49；段落候选中位数=6；图表候选=15；公式行候选=266；标题候选=2032,5.6 结果 分 析 与 检验,"E123 25.1285% 否 0.0000 0.0000% 0 / YE: 由 于 全 部 表格 过 大 ， 此 处 只 放 了 部 分 数据 。 详 细 表 格 数据 见 附录 ? / 5.6 结果 分 析 与 检验 / 本 问 中 所 得 的 贷款 额度 、 贷 款 利 率 等 结果 根本 上 是 基于 企业 守 约 率 计 算得 出 的 ， 因 / 此 企业 守 约 率 的 准确 性 是 本 问 所 有 的 结果 精确 的 关键 所 在 , 所 以 下 面 将 就 企业 守 约 率 的",2020/C305.pdf#page=11:line=12
2020,C,C305,section_heading,模型评价,模型评价,21,1,0.966172,Logistic@p1 -> 回归@p1 -> 0-1@p1 -> 多目标@p1 -> ODE@p44 -> PCA@p47 -> 主成分@p52,连接词=首先:8、进一步:1、可知:1、说明:5、为了:1、因此:4；页行中位数=49；段落候选中位数=6；图表候选=15；公式行候选=266；标题候选=2032,八 模型 评价 与 推广,八 模型 评价 与 推广 / 10.1 模型 优点 / > “本 文 在 建 模 之 前 都 对 数据 进行 了 预 处 理 ， 使 得 数据 更 加 真实 可 靠 。,2020/C305.pdf#page=21:line=1
2020,C,C305,section_heading,改进方案,改进方案,1,31,0.935958,Logistic@p1 -> 回归@p1 -> 0-1@p1 -> 多目标@p1 -> ODE@p44 -> PCA@p47 -> 主成分@p52,连接词=首先:8、进一步:1、可知:1、说明:5、为了:1、因此:4；页行中位数=49；段落候选中位数=6；图表候选=15；公式行候选=266；标题候选=2032,最后，本文对模型进行了优、缺点评价与模型推广，得出该模型还可以向银行面对,指标进行改进。改进完成后，问题三与问题二类似，可以继续套用问题一中的模型进行 / 求解，最后利用MATLAB软件编程计算得到决策调整（结果详见附录四）。 / 最后，本文对模型进行了优、缺点评价与模型推广，得出该模型还可以向银行面对 / 的其他对象和生活的其它方面进行推广的结论。 / 关键词：中小微企业的信贷决策问题；Logistic模型；多目标规划模型；欧氏距离,2020/C305.pdf#page=1:line=31
2020,C,C305,section_heading,参考文献,参考文献,22,1,0.886595,Logistic@p1 -> 回归@p1 -> 0-1@p1 -> 多目标@p1 -> ODE@p44 -> PCA@p47 -> 主成分@p52,连接词=首先:8、进一步:1、可知:1、说明:5、为了:1、因此:4；页行中位数=49；段落候选中位数=6；图表候选=15；公式行候选=266；标题候选=2032,参考 文献,"参考 文献 / [1] 周 民 志 .商业 银行 小 企业 信贷 工作 策略 研究 .商场 现代 化 ,2007(11Z):362-363. 熊 能, 马 佳 , 赵 文 / 杰 , 王 小 瑟 , 张 今 .供应 链 金融 模式 下 的 信用 风险 评价 [ 吕 . 南 开 管理 评论 ,2009,12(04):92-98+106.",2020/C305.pdf#page=22:line=1
2020,C,C305,section_heading,附录,附录,1,18,0.917193,Logistic@p1 -> 回归@p1 -> 0-1@p1 -> 多目标@p1 -> ODE@p44 -> PCA@p47 -> 主成分@p52,连接词=首先:8、进一步:1、可知:1、说明:5、为了:1、因此:4；页行中位数=49；段落候选中位数=6；图表候选=15；公式行候选=266；标题候选=2032,银行放贷的具体决策（详细结果见附录二）。,为决策变量，以风险尽可能小利润尽可能多为目标函数，以银行放贷的额度、银行放 / 贷年利率和流失率等为约束条件建立多目标决策模型，最后利用MATLAB软件编程得到 / 银行放贷的具体决策（详细结果见附录二）。 / 针对问题二，在对问题二进行分析之后发现：问题二是建立在问题一的基础之上的， / 它可以看作问题一的推广。两题目的要求与条件大致相同，所以只是问题二中缺少部分,2020/C305.pdf#page=1:line=18
2021,A,A028,paper_overview,,论文总览,1,1,0.899836,蒙特卡洛@p1 -> VAR@p25,连接词=首先:5、由此:7、可知:8、说明:5、验证:4、从而:3、因此:10；页行中位数=39.0；段落候选中位数=7.5；图表候选=14；公式行候选=370；标题候选=72,“FAST”主动反射面调节模型,“FAST”主动反射面调节模型 / 摘要 / 本文从求解FAST主动反射面形状的调节问题出发，通过考虑变形目标的基本要求和评,2021/A028.pdf#page=1:line=1
2021,A,A028,section_heading,摘要,摘要,1,2,0.665626,蒙特卡洛@p1 -> VAR@p25,连接词=首先:5、由此:7、可知:8、说明:5、验证:4、从而:3、因此:10；页行中位数=39.0；段落候选中位数=7.5；图表候选=14；公式行候选=370；标题候选=72,摘要,“FAST”主动反射面调节模型 / 摘要 / 本文从求解FAST主动反射面形状的调节问题出发，通过考虑变形目标的基本要求和评 / 判指标，求解理想抛物面；分析了因反射面板形状原因而导致的，工作抛物面和理想抛物面,2021/A028.pdf#page=1:line=2
2021,A,A028,section_heading,问题重述,问题重述,2,1,0.848013,蒙特卡洛@p1 -> VAR@p25,连接词=首先:5、由此:7、可知:8、说明:5、验证:4、从而:3、因此:10；页行中位数=39.0；段落候选中位数=7.5；图表候选=14；公式行候选=370；标题候选=72,一、问题重述,一、问题重述 / 50Om口径球面射电望远镜FAST(Five-hundred-meterApertureSphericalTelescope) / 是我国具有自主知识产权的目前全球最大、最灵敏的、射电天文望远镜。它是一个多学科研,2021/A028.pdf#page=2:line=1
2021,A,A028,section_heading,问题分析,问题分析,2,13,0.848284,蒙特卡洛@p1 -> VAR@p25,连接词=首先:5、由此:7、可知:8、说明:5、验证:4、从而:3、因此:10；页行中位数=39.0；段落候选中位数=7.5；图表候选=14；公式行候选=370；标题候选=72,二、问题分析,问题3：在问题2的调节方案下，计算调节后的吸收比，并与原球面反射面的吸收比作 / 比较。（吸收比指馈源舱的有效区域接收到的信号与300m口径反射面反射的信号之比） / 二、问题分析 / 由于题中几何体的对称性，大部分问题只需要考虑截面上二维的情况。 / 由于待观测星体S可以认为离FAST无穷远，故入射信号可以认为是沿星体S-球心C方向,2021/A028.pdf#page=2:line=13
2021,A,A028,section_heading,模型假设,模型假设,4,28,0.935277,蒙特卡洛@p1 -> VAR@p25,连接词=首先:5、由此:7、可知:8、说明:5、验证:4、从而:3、因此:10；页行中位数=39.0；段落候选中位数=7.5；图表候选=14；公式行候选=370；标题候选=72,四 、 模型 假设,实际 工作 面 接收 比 / te tam ， / 四 、 模型 假设 / 1 每 一 块 反射 面板 均 为 基准 球面 一 部 分 ， 即 其 曲率 半径 为 基准 反射 球面 半径 ， 在 调整 过 程 / 中 不 变形 。,2021/A028.pdf#page=4:line=28
2021,A,A028,section_heading,符号说明,符号说明,4,1,0.92911,蒙特卡洛@p1 -> VAR@p25,连接词=首先:5、由此:7、可知:8、说明:5、验证:4、从而:3、因此:10；页行中位数=39.0；段落候选中位数=7.5；图表候选=14；公式行候选=370；标题候选=72,三 、 符 号 说 明,三 、 符 号 说 明 / 符号 说 明 单位 / 过 被 观测 的 天 体,2021/A028.pdf#page=4:line=1
2021,A,A028,section_heading,模型建立,模型建立,5,1,0.896757,蒙特卡洛@p1 -> VAR@p25,连接词=首先:5、由此:7、可知:8、说明:5、验证:4、从而:3、因此:10；页行中位数=39.0；段落候选中位数=7.5；图表候选=14；公式行候选=370；标题候选=72,五、模型建立与求解,五、模型建立与求解 / 5.1问题1：理想拖物面的求解和分析 / 5.1.1模型准备：,2021/A028.pdf#page=5:line=1
2021,A,A028,section_heading,模型求解,模型求解,2,25,0.922613,蒙特卡洛@p1 -> VAR@p25,连接词=首先:5、由此:7、可知:8、说明:5、验证:4、从而:3、因此:10；页行中位数=39.0；段落候选中位数=7.5；图表候选=14；公式行候选=370；标题候选=72,(i)的求解过程：设抛物面焦距为p，由于需要焦点在P上，结合附件1中节点位置的数,"+0.6m之间的方法。（iii)考虑面板调节因素，建立评判指标，如：促动器伸缩量的平均值， / 促动器伸缩量的最大值，对符合题目要求的抛物面进行评判比较、求出理想撼物面。 / (i)的求解过程：设抛物面焦距为p，由于需要焦点在P上，结合附件1中节点位置的数 / 据，可知抛物面的项点坐标为(0,0,-300.4-p+F)，即为所求条件。 / （ii）的求解过程：由题，促动器沿径向安装，调节主索节点，各相邻主索节点间大致等",2021/A028.pdf#page=2:line=25
2021,A,A028,section_heading,结果分析,结果分析,7,26,0.898072,蒙特卡洛@p1 -> VAR@p25,连接词=首先:5、由此:7、可知:8、说明:5、验证:4、从而:3、因此:10；页行中位数=39.0；段落候选中位数=7.5；图表候选=14；公式行候选=370；标题候选=72,5.1.4求解结果与结果分析：,(8) / 4(F -12) +4(F -12) / 5.1.4求解结果与结果分析： / 5.1.4.1求解结果： / 综合解上述方程，得到：,2021/A028.pdf#page=7:line=26
2021,A,A028,section_heading,模型检验,模型检验,21,15,0.881515,蒙特卡洛@p1 -> VAR@p25,连接词=首先:5、由此:7、可知:8、说明:5、验证:4、从而:3、因此:10；页行中位数=39.0；段落候选中位数=7.5；图表候选=14；公式行候选=370；标题候选=72,5.3.4结果与误差分析：,求得基准反射球面的接收比为 / nbasic / 5.3.4结果与误差分析： / 根据求解结果，通过调节促动器伸缩量，将反射面板从基准反射球面移动到理想抛物 / 关注数学模型,2021/A028.pdf#page=21:line=15
2021,A,A028,section_heading,模型评价,模型评价,22,14,0.790601,蒙特卡洛@p1 -> VAR@p25,连接词=首先:5、由此:7、可知:8、说明:5、验证:4、从而:3、因此:10；页行中位数=39.0；段落候选中位数=7.5；图表候选=14；公式行候选=370；标题候选=72,六、模型评价,虽然位对上述误差做定量分析，但通过定性分析，这些误差影响都较小，不会对结果 / 造成太大影响。 / 六、模型评价 / 模型优点： / 1.理想抛物面求解模型的指标选取合理，以促动器总伸缩量最小作为最优抛物面指标，并,2021/A028.pdf#page=22:line=14
2021,A,A028,section_heading,改进方案,改进方案,22,31,0.834963,蒙特卡洛@p1 -> VAR@p25,连接词=首先:5、由此:7、可知:8、说明:5、验证:4、从而:3、因此:10；页行中位数=39.0；段落候选中位数=7.5；图表候选=14；公式行候选=370；标题候选=72,模型改进和推广：,3．求解理想抛物面和考虑反射面板调节时，仅考虑几何因素，未考虑力学因素，可能存在 / 不妥当之处。但这也是因为题目所给条件较少，且应力分析难度大。 / 模型改进和推广： / 1.求解理想抛物面时考虑300米口径外周围面板所受影响，将其囊入理想抛物面的评价。 / 2.求解300米口径内反射面板拟合时，将边缘处面板考虑进来。,2021/A028.pdf#page=22:line=31
2021,A,A028,section_heading,参考文献,参考文献,23,1,0.836836,蒙特卡洛@p1 -> VAR@p25,连接词=首先:5、由此:7、可知:8、说明:5、验证:4、从而:3、因此:10；页行中位数=39.0；段落候选中位数=7.5；图表候选=14；公式行候选=370；标题候选=72,七、参考文献,"七、参考文献 / [1]南仁东.500m球反射面射电望远镜FAST[J].中国科学G辑：物理学、力学、天文 / 学,2005(05)：320.",2021/A028.pdf#page=23:line=1
2021,A,A115,paper_overview,,论文总览,1,1,0.833947,未检出,连接词=首先:3、可知:4、验证:1、为了:1、因此:9；页行中位数=39；段落候选中位数=6；图表候选=18；公式行候选=362；标题候选=58,基于自标优化的“FAST”主动反射面形状调节研究,基于自标优化的“FAST”主动反射面形状调节研究 / 摘要 / FAST的创新技术之一是主动反射面，其工作抛物面状态是否能够接近为一个理,2021/A115.pdf#page=1:line=1
2021,A,A115,section_heading,摘要,摘要,1,2,0.665898,未检出,连接词=首先:3、可知:4、验证:1、为了:1、因此:9；页行中位数=39；段落候选中位数=6；图表候选=18；公式行候选=362；标题候选=58,摘要,基于自标优化的“FAST”主动反射面形状调节研究 / 摘要 / FAST的创新技术之一是主动反射面，其工作抛物面状态是否能够接近为一个理 / 想抛物面是整个系统关键。本文通过建立基于目标优化的主动反射面调节模型，求解,2021/A115.pdf#page=1:line=2
2021,A,A115,section_heading,问题重述,问题重述,2,1,0.853994,未检出,连接词=首先:3、可知:4、验证:1、为了:1、因此:9；页行中位数=39；段落候选中位数=6；图表候选=18；公式行候选=362；标题候选=58,一、问题重述,一、问题重述 / 1.1问题背景 / 射电望远镜是人类观测遥远宇宙中微弱信号的一种重要工具。南仁东于1994年提,2021/A115.pdf#page=2:line=1
2021,A,A115,section_heading,问题分析,问题分析,3,16,0.790023,未检出,连接词=首先:3、可知:4、验证:1、为了:1、因此:9；页行中位数=39；段落候选中位数=6；图表候选=18；公式行候选=362；标题候选=58,二、问题分析,主动反射面反射信号之比），并且与未通过主动反射面调节之前的基础球面的反射电 / 磁波信号接收比作比较。 / 二、问题分析 / 2.1问题一的分析 / 问题一是在待观测天体位于基准球面正上方时，确定理想抛物面的问题。在此之,2021/A115.pdf#page=3:line=16
2021,A,A115,section_heading,模型假设,模型假设,4,46,0.830383,未检出,连接词=首先:3、可知:4、验证:1、为了:1、因此:9；页行中位数=39；段落候选中位数=6；图表候选=18；公式行候选=362；标题候选=58,三、模型假设,在照射区域边界的反射面板。故考采取一个修正系数来减小求得的馈源舱接收比使 / 之尽量符合实际情况。求得接收比之后，与基准反射球面的接收比较即可。 / 三、模型假设 / 为了适当地对模型进行合理简化，本文给出如下假设： / 1．忽略安装时的工程实际间隙，假设主索节点的坐标就是反射面板的顶点坐标。,2021/A115.pdf#page=4:line=46
2021,A,A115,section_heading,符号说明,符号说明,5,1,0.927097,未检出,连接词=首先:3、可知:4、验证:1、为了:1、因此:9；页行中位数=39；段落候选中位数=6；图表候选=18；公式行候选=362；标题候选=58,四 、 符号 说 明,四 、 符号 说 明 / 序号 符号 意义 / 1 r 极 径,2021/A115.pdf#page=5:line=1
2021,A,A115,section_heading,模型建立,模型建立,5,14,0.967539,未检出,连接词=首先:3、可知:4、验证:1、为了:1、因此:9；页行中位数=39；段落候选中位数=6；图表候选=18；公式行候选=362；标题候选=58,五 、 模 型 的 建立 与 求解,"10 0; 反射 面板 的 法 向 量 与 天 体 入 射 信号 的 夹 角 / 11 i 馈 源 舱 的 接收 比 / 五 、 模 型 的 建立 与 求解 / 5.1 问题 一 : 结合 反射 面板 调节 因素 ， 确 定理 想 抛 物 面 / 针对 于 问题 一 , 需要 建立 理想 抛物 面 , 使 得 该 理想 抛物 面 能 够 满足 反射 面板 的 调",2021/A115.pdf#page=5:line=14
2021,A,A115,section_heading,模型求解,模型求解,1,7,0.913622,未检出,连接词=首先:3、可知:4、验证:1、为了:1、因此:9；页行中位数=39；段落候选中位数=6；图表候选=18；公式行候选=362；标题候选=58,针对于问题一，本文建立了基于变步长搜索算法求解的单目标优化模型。本文将,出了能够满足反射面板调节因素的理想抛物面，并对实际反射面板的调节方式（伸缩 / 量、变动位置等）进行了研究。 / 针对于问题一，本文建立了基于变步长搜索算法求解的单目标优化模型。本文将 / 工作抛物面尽可能贴近理想抛物面的优化目标转化为工作状态下主动反射面的主索素 / 节点就在求解得出的理想抛物面上。首先经过初步建立针对伸缩范围最小的单目标优,2021/A115.pdf#page=1:line=7
2021,A,A115,section_heading,结果分析,结果分析,1,17,0.934029,未检出,连接词=首先:3、可知:4、验证:1、为了:1、因此:9；页行中位数=39；段落候选中位数=6；图表候选=18；公式行候选=362；标题候选=58,方程。最后经过结果分析与敏感性分析，通过分析理想抛物面底端位置参数变化后最,来。并且本文给出了问题一主索节点之间距离变化幅度符合要求与否的情况存入 / Excel表放入附件中。此时，所有促动器的最大伸缩量为0.3499米，相邻节点之间的 / 方程。最后经过结果分析与敏感性分析，通过分析理想抛物面底端位置参数变化后最 / 大径向伸缩量的变化的情况，得知建立的模型稳定性好。 / 针对于问题二，本文提出了两个模型。模型I本质上是延续问题一的求解思路，,2021/A115.pdf#page=1:line=17
2021,A,A115,section_heading,灵敏度分析,灵敏度分析,1,17,0.934029,未检出,连接词=首先:3、可知:4、验证:1、为了:1、因此:9；页行中位数=39；段落候选中位数=6；图表候选=18；公式行候选=362；标题候选=58,方程。最后经过结果分析与敏感性分析，通过分析理想抛物面底端位置参数变化后最,来。并且本文给出了问题一主索节点之间距离变化幅度符合要求与否的情况存入 / Excel表放入附件中。此时，所有促动器的最大伸缩量为0.3499米，相邻节点之间的 / 方程。最后经过结果分析与敏感性分析，通过分析理想抛物面底端位置参数变化后最 / 大径向伸缩量的变化的情况，得知建立的模型稳定性好。 / 针对于问题二，本文提出了两个模型。模型I本质上是延续问题一的求解思路，,2021/A115.pdf#page=1:line=17
2021,A,A115,section_heading,模型评价,模型评价,21,24,0.95986,未检出,连接词=首先:3、可知:4、验证:1、为了:1、因此:9；页行中位数=39；段落候选中位数=6；图表候选=18；公式行候选=362；标题候选=58,七 、 模 型 的 评价 与 推广,由 上 述 最 大 径 向 伸缩 量 随 抛 物 面 项 点 移动 距离 的 变化 情况 可 以 得 出 ， 每 次 改变 项 / 点 位 置 都 可 以 稳定 的 得 出 最 大 径 向 伸缩 量 ， 说 明 模 型 的 稳定 性 好 ， / 七 、 模 型 的 评价 与 推广 / 7. 1 模型 的 优点 / 1. 本 文 将 主 索 节点 的 变化 值 直接 用 极 径 的 变化 来 计算 ， 符 合 实际 情况 ， 在 主 索 节,2021/A115.pdf#page=21:line=24
2021,A,A115,section_heading,参考文献,参考文献,22,4,0.877024,未检出,连接词=首先:3、可知:4、验证:1、为了:1、因此:9；页行中位数=39；段落候选中位数=6；图表候选=18；公式行候选=362；标题候选=58,八 、 参 考 文献,阳 能 聚焦 热电 站 ， 通 过 本 文 建立 的 模型 可 以 根据 一 天 中 太阳 角度 的 变化 ， 调 节 主 动 反 / 射 面 使 得 太阳 光 汇 聚 的 效率 最 高 。 / 八 、 参 考 文献 / [HU 南 仁 东 .5S00m 球 反 射 面 射电 望远镜 FAST). PALS G 辑 :物理 学 、 力 学 、 天 / 文学 .2005(05):3-20.,2021/A115.pdf#page=22:line=4
2021,A,A115,section_heading,附录,附录,23,1,0.967279,未检出,连接词=首先:3、可知:4、验证:1、为了:1、因此:9；页行中位数=39；段落候选中位数=6；图表候选=18；公式行候选=362；标题候选=58,附录,附录 / 1， 问题 1 主 程序 / 2. 问题 1 图 像 生成 程序,2021/A115.pdf#page=23:line=1
2021,A,A217,paper_overview,,论文总览,1,1,0.804462,蒙特卡洛@p1 -> PCA@p12 -> 0-1@p13 -> VAR@p19 -> ODE@p22,连接词=首先:8、其次:3、进一步:1、可知:2、验证:1、相比:1、为了:1、从而:5、因此:5；页行中位数=36；段落候选中位数=3；图表候选=12；公式行候选=494；标题候选=2065,"""FAST""工作抛物面的优化设计","""FAST""工作抛物面的优化设计 / 摘要 / 本文基于FAST的工作原理，通过机理分析、坐标变换、非线性最小二乘优化等方",2021/A217.pdf#page=1:line=1
2021,A,A217,section_heading,摘要,摘要,1,2,0.66622,蒙特卡洛@p1 -> PCA@p12 -> 0-1@p13 -> VAR@p19 -> ODE@p22,连接词=首先:8、其次:3、进一步:1、可知:2、验证:1、相比:1、为了:1、从而:5、因此:5；页行中位数=36；段落候选中位数=3；图表候选=12；公式行候选=494；标题候选=2065,摘要,"""FAST""工作抛物面的优化设计 / 摘要 / 本文基于FAST的工作原理，通过机理分析、坐标变换、非线性最小二乘优化等方 / 法，建立了反射面板调节优化模型，并利用BFGS算法、蒙特卡洛积分算法等算法，对",2021/A217.pdf#page=1:line=2
2021,A,A217,section_heading,问题重述,问题重述,2,1,0.925594,蒙特卡洛@p1 -> PCA@p12 -> 0-1@p13 -> VAR@p19 -> ODE@p22,连接词=首先:8、其次:3、进一步:1、可知:2、验证:1、相比:1、为了:1、从而:5、因此:5；页行中位数=36；段落候选中位数=3；图表候选=12；公式行候选=494；标题候选=2065,一 、 问题 重 述,一 、 问题 重 述 / 1.1 问题 背景 / 中 国 天 眼 CFAST) 由 主动 反射 面 、 馈 源 舱 及 其 他 系统 组 成 ， 其 中 主动 反射 面 是 由 主,2021/A217.pdf#page=2:line=1
2021,A,A217,section_heading,问题分析,问题分析,3,16,0.928149,蒙特卡洛@p1 -> PCA@p12 -> 0-1@p13 -> VAR@p19 -> ODE@p22,连接词=首先:8、其次:3、进一步:1、可知:2、验证:1、相比:1、为了:1、从而:5、因此:5；页行中位数=36；段落候选中位数=3；图表候选=12；公式行候选=494；标题候选=2065,四 、 问题 分 析,"12 (x° (i), y° (i),z° @@)) FS At (ee RIERA | / 13 (tw (i), yw (i), zw) FS AIMERV SERIES ”一 一 / 四 、 问题 分 析 / 4.1 问题 一 的 分 析 / 问题 一 要 求 当 aw= 02, B=90? 时 ， 结 合 反射 面板 调节 因素 ， 确 定理 想 抛物 面 。",2021/A217.pdf#page=3:line=16
2021,A,A217,section_heading,符号说明,符号说明,3,1,0.929974,蒙特卡洛@p1 -> PCA@p12 -> 0-1@p13 -> VAR@p19 -> ODE@p22,连接词=首先:8、其次:3、进一步:1、可知:2、验证:1、相比:1、为了:1、从而:5、因此:5；页行中位数=36；段落候选中位数=3；图表候选=12；公式行候选=494；标题候选=2065,三 、 符号 说 明,三 、 符号 说 明 / 序号 ”符号 意义 单位 / 1 Ly 抛物 线 及 旋转 抛物 面 的 焦距 m,2021/A217.pdf#page=3:line=1
2021,A,A217,section_heading,模型建立,模型建立,2,14,0.930626,蒙特卡洛@p1 -> PCA@p12 -> 0-1@p13 -> VAR@p19 -> ODE@p22,连接词=首先:8、其次:3、进一步:1、可知:2、验证:1、相比:1、为了:1、从而:5、因此:5；页行中位数=36；段落候选中位数=3；图表候选=12；公式行候选=494；标题候选=2065,近 理 想 抛物 面 ， 以 获得 反射 后 的 最 佳 接收 效果 。 建 立 模型 解决 以 下 问题,"1.2 问题 提出 / 在 反射 面板 调节 约束 下 ， 确 定 一 个 理想 抛物 面 ， 调 节 促 动 器 ， 使 工作 抛物 面 尽量 贴 / 近 理 想 抛物 面 ， 以 获得 反射 后 的 最 佳 接收 效果 。 建 立 模型 解决 以 下 问题 / @ 问题 一 : AMR AAS OF ERM IE LAT. Ba=0°, B=90° HM, AH / 虑 反射 面板 调节 因素 ， 确 定理 想 抛物 面 。",2021/A217.pdf#page=2:line=14
2021,A,A217,section_heading,模型求解,模型求解,8,7,0.968131,蒙特卡洛@p1 -> PCA@p12 -> 0-1@p13 -> VAR@p19 -> ODE@p22,连接词=首先:8、其次:3、进一步:1、可知:2、验证:1、相比:1、为了:1、从而:5、因此:5；页行中位数=36；段落候选中位数=3；图表候选=12；公式行候选=494；标题候选=2065,5.2 问题 一 模型 的 求解,_ 2? 了 4 / *=977- 9 &-¥P) (6-22) / 5.2 问题 一 模型 的 求解 / 5.2.1 算法 设计 / 首先 对 目标 函数 (5-20) 的 数值 特性 进行 定性 分 析 ， 可 知 焦距 石 诀 定 了 理想 抛物 面 和,2021/A217.pdf#page=8:line=7
2021,A,A217,section_heading,结果分析,结果分析,18,24,0.964844,蒙特卡洛@p1 -> PCA@p12 -> 0-1@p13 -> VAR@p19 -> ODE@p22,连接词=首先:8、其次:3、进一步:1、可知:2、验证:1、相比:1、为了:1、从而:5、因此:5；页行中位数=36；段落候选中位数=3；图表候选=12；公式行候选=494；标题候选=2065,7.2.2 问题 三 的 结果 与 分 析,19: 如 果 遍 历 三 角形 没 结束 ， 践 转 到 第 2 行 继续 遍历 / 20: 输出 au/GL50?r) 即 为 所 求 接收 率 ; / 7.2.2 问题 三 的 结果 与 分 析 / 基于 算法 3， 在 MATLAB 中 编程 进行 求解 ， 给 出 求解 出 的 在 相同 区 间 下 ， 工 作 态 / CE) 与 基准 态 〈 右 ) 中 ， 反 射 面板 与 有 效 入 射 点 区 域 的 纹理 对 比 图 。 其 中 ， 黑 点 表示,2021/A217.pdf#page=18:line=24
2021,A,A217,section_heading,模型评价,模型评价,20,3,0.874302,蒙特卡洛@p1 -> PCA@p12 -> 0-1@p13 -> VAR@p19 -> ODE@p22,连接词=首先:8、其次:3、进一步:1、可知:2、验证:1、相比:1、为了:1、从而:5、因此:5；页行中位数=36；段落候选中位数=3；图表候选=12；公式行候选=494；标题候选=2065,八、模型的评价与推广,观察光斑分布偏移，由图13可得工作态下与基准态下，多次蒙特卡落积分的数值 / 波动量范围都在10-3的维度上，波动量较小，可以认为结果合理。 / 八、模型的评价与推广 / 8.1模型的评价 / 本文构建的FAST射电望远镜的工作抛物面调整模型，对于利用促动器调整工作抛,2021/A217.pdf#page=20:line=3
2021,A,A217,section_heading,参考文献,参考文献,20,29,0.811285,蒙特卡洛@p1 -> PCA@p12 -> 0-1@p13 -> VAR@p19 -> ODE@p22,连接词=首先:8、其次:3、进一步:1、可知:2、验证:1、相比:1、为了:1、从而:5、因此:5；页行中位数=36；段落候选中位数=3；图表候选=12；公式行候选=494；标题候选=2065,九、参考文献,"射电望远镜所有促动器伸缩量的调整策略，构建出可以投入实际调度的工作抛物面调整 / 模型。 / 九、参考文献 / [1]】杨凡，李广云，王力．三维坐标转换方法研究[].测绘通报，2010（6)：5-7 / [2]龚纯，王正林.精通MATLAB最优化计算[M]电子工业出版社,2009.",2021/A217.pdf#page=20:line=29
2021,B,B007,paper_overview,,论文总览,1,1,0.87837,回归@p1 -> 聚类@p1 -> 0-1@p24 -> VAR@p40 -> ODE@p41,连接词=首先:6、其次:1、进一步:1、可知:2、表明:1、说明:1、验证:1、为了:2、从而:5、因此:20；页行中位数=31；段落候选中位数=7；图表候选=17；公式行候选=137；标题候选=52,C4烯烃制备分析与试验设计,C4烯烃制备分析与试验设计 / 摘要 / C4烯烃可用于化学工业生产与医药制造，是重要的基础化工原料，是石油化,2021/B007.pdf#page=1:line=1
2021,B,B007,section_heading,摘要,摘要,1,2,0.659222,回归@p1 -> 聚类@p1 -> 0-1@p24 -> VAR@p40 -> ODE@p41,连接词=首先:6、其次:1、进一步:1、可知:2、表明:1、说明:1、验证:1、为了:2、从而:5、因此:20；页行中位数=31；段落候选中位数=7；图表候选=17；公式行候选=137；标题候选=52,摘要,C4烯烃制备分析与试验设计 / 摘要 / C4烯烃可用于化学工业生产与医药制造，是重要的基础化工原料，是石油化 / 工产业的基础。近些年，随着国内化工产业的不断进步，C烯烃的综合利用越来,2021/B007.pdf#page=1:line=2
2021,B,B007,section_heading,问题重述,问题重述,2,10,0.903448,回归@p1 -> 聚类@p1 -> 0-1@p24 -> VAR@p40 -> ODE@p41,连接词=首先:6、其次:1、进一步:1、可知:2、表明:1、说明:1、验证:1、为了:2、从而:5、因此:20；页行中位数=31；段落候选中位数=7；图表候选=17；公式行候选=137；标题候选=52,1.2 ”问题 重 述,"烃 的 选择 性 和 收 率 , 不 仅 能 为 企业 带 来 明显 的 经 济 效益 ,同时 也 能 促进 我 国 相关 / 化 工 企 业 的 发 展 。 / 1.2 ”问题 重 述 / 某 化 工 实验 室 针 对 不 同 催化 剂 在 不 同 温度 下 做 了 一 组 实验 , 结果 如 附件 1 和 / 附件 2 所 示 。 请 通过 数学 建 模 完成 下 列 问题",2021/B007.pdf#page=2:line=10
2021,B,B007,section_heading,问题分析,问题分析,2,21,0.914592,回归@p1 -> 聚类@p1 -> 0-1@p24 -> VAR@p40 -> ODE@p41,连接词=首先:6、其次:1、进一步:1、可知:2、表明:1、说明:1、验证:1、为了:2、从而:5、因此:20；页行中位数=31；段落候选中位数=7；图表候选=17；公式行候选=137；标题候选=52,2 问题 分 析,收 率 尽 可 能 高 。 / 问题 四 : 如 果 人 允许 再 增加 五 次 实验 ， 应 如 何 设计 ， 并 给 出 详细 理由 。 / 2 问题 分 析 / 2.1 ”问题 一 的 分 析 / 问题 一 要 求 探 讨 对 每 种 催化 剂 组 合 分 别 研究 乙醇 转化 率 、C4 断 烃 的 选择 性,2021/B007.pdf#page=2:line=21
2021,B,B007,section_heading,模型假设,模型假设,3,30,0.95248,回归@p1 -> 聚类@p1 -> 0-1@p24 -> VAR@p40 -> ODE@p41,连接词=首先:6、其次:1、进一步:1、可知:2、表明:1、说明:1、验证:1、为了:2、从而:5、因此:20；页行中位数=31；段落候选中位数=7；图表候选=17；公式行候选=137；标题候选=52,3 ”模型 假设,"使 化 学 反应 过 于 剧烈 而 导致 危险 发 生 的 组 合 , 并 以 问题 三 所 得 最 佳 最 优 结 果 代 普 。 / 最 终 ， 根 据 均 匀 设 计 实 验 法 设计 出 了 所 求 的 5 种 实验 。 / 3 ”模型 假设 / 为 了 构建 更 为 精确 的 数学 模型 , 本 文 根 据 实际 情况 做 出 以 下 合理 的 假设 或 条 / FAR:",2021/B007.pdf#page=3:line=30
2021,B,B007,section_heading,符号说明,符号说明,4,4,0.964641,回归@p1 -> 聚类@p1 -> 0-1@p24 -> VAR@p40 -> ODE@p41,连接词=首先:6、其次:1、进一步:1、可知:2、表明:1、说明:1、验证:1、为了:2、从而:5、因此:20；页行中位数=31；段落候选中位数=7；图表候选=17；公式行候选=137；标题候选=52,本 文中 涉及 到 的 主要 变量 符号 说 明 :,"实验 失败 或 数据 出 现 差错 。 / 4 符号 申明 / 本 文中 涉及 到 的 主要 变量 符号 说 明 : / 符号 符号 含义 及 说 明 / uv STREAM ARMA SM, i= 1,2",2021/B007.pdf#page=4:line=4
2021,B,B007,section_heading,模型建立,模型建立,4,20,0.937335,回归@p1 -> 聚类@p1 -> 0-1@p24 -> VAR@p40 -> ODE@p41,连接词=首先:6、其次:1、进一步:1、可知:2、表明:1、说明:1、验证:1、为了:2、从而:5、因此:20；页行中位数=31；段落候选中位数=7；图表候选=17；公式行候选=137；标题候选=52,5 ”模型 建立,"设 轨 表示 乙醇 转化 率 ， 了 妨 表 示 C4 烯烃 选择 性 ，zl 表 示 Co/SiO2 质 量 ，z> 表 / 示 Co 负载 量 ，z3 表 示 HAP 质量 ，z4 表 示 乙 醇 浓 度 ，zs 表 示 温 度 。 / 5 ”模型 建立 / 5.1 ”问题 一 的 求解 与 分 析 / 根据 题 意 将 问题 分 为 两 个 小 问 。 第 一 小 问 对 实验 类 型 分 组 , 通过 在 数据 的 可",2021/B007.pdf#page=4:line=20
2021,B,B007,section_heading,模型求解,模型求解,20,19,0.95592,回归@p1 -> 聚类@p1 -> 0-1@p24 -> VAR@p40 -> ODE@p41,连接词=首先:6、其次:1、进一步:1、可知:2、表明:1、说明:1、验证:1、为了:2、从而:5、因此:20；页行中位数=31；段落候选中位数=7；图表候选=17；公式行候选=137；标题候选=52,5.3.3.1C4烯烃最大收率时的催化剂最佳配比模型的求解,"s.t. / i=1,2,...,5 / 5.3.3.1C4烯烃最大收率时的催化剂最佳配比模型的求解 / Case1：当在相同的实验条件时，使用多元线性回归优化的模型进行求解 / 在相同实验条件下时，所有的自变量的取值与附件1中的数据取值限制相",2021/B007.pdf#page=20:line=19
2021,B,B007,section_heading,结果分析,结果分析,5,31,0.922112,回归@p1 -> 聚类@p1 -> 0-1@p24 -> VAR@p40 -> ODE@p41,连接词=首先:6、其次:1、进一步:1、可知:2、表明:1、说明:1、验证:1、为了:2、从而:5、因此:20；页行中位数=31；段落候选中位数=7；图表候选=17；公式行候选=137；标题候选=52,实验 组 B3、B4、B1、B6、B2 中 质量 比 逐 渐 增 加 ， 由 试验 结果 分 析 可 知 ，,"在 Bl 至 B6 中 ,Bl1、B2、B3、B4、B6 中 以 催化 剂 质量 比 为 变量 进行 研究 ， / B5 为 其 他 变量 的 对 照 试验 。 因 此 本 文 同样 将 其 作为 一 类 实验 进行 分 析 。 / 实验 组 B3、B4、B1、B6、B2 中 质量 比 逐 渐 增 加 ， 由 试验 结果 分 析 可 知 ， / 随 着 温度 的 升 高 质量 比 越 大 C4 顽 烃 选择 性 就 越 高 。B1 与 B2 以 乙醇 浓度 为 变 / 量 ， 当 升 高 乙 醉 浓 度 时 ， 可 以 得 知 随 着 温度 升 高 ， 乙 酸 转 化 率 与 C4 场 烃 选 择 性",2021/B007.pdf#page=5:line=31
2021,B,B007,section_heading,模型检验,模型检验,11,2,0.933026,回归@p1 -> 聚类@p1 -> 0-1@p24 -> VAR@p40 -> ODE@p41,连接词=首先:6、其次:1、进一步:1、可知:2、表明:1、说明:1、验证:1、为了:2、从而:5、因此:20；页行中位数=31；段落候选中位数=7；图表候选=17；公式行候选=137；标题候选=52,5.2.2 模型 建立 及 误差 分 析,"25 温度 / 5.2.2 模型 建立 及 误差 分 析 / 根据 附件 1 中 的 拆 解数 据 作 为 自 变 量 ,进行 多 元 回归 分 析 ， 从 而 得 到 标准 回 / 归 系 数 ， 进 而 分 析 对 乙醇 转化 率 、C4 烯烃 选择 性 大 小 的 主要 影响 成 分 。 针 对 本",2021/B007.pdf#page=11:line=2
2021,B,B007,section_heading,灵敏度分析,灵敏度分析,22,25,0.928446,回归@p1 -> 聚类@p1 -> 0-1@p24 -> VAR@p40 -> ODE@p41,连接词=首先:6、其次:1、进一步:1、可知:2、表明:1、说明:1、验证:1、为了:2、从而:5、因此:20；页行中位数=31；段落候选中位数=7；图表候选=17；公式行候选=137；标题候选=52,6 “灵敏 度 分 析,第 四 次 实验 条 件 : 350C 下 ，100mg 3.5wt% Co/SiO:，100mg HAP. / 第 五 次 实验 条 件 : 380C 下 ，200mg 0.5wt% Co/SiO:，200mg HAP。 / 6 “灵敏 度 分 析 / 根据 问题 二 中 的 分 析 可 知 ， 漫 度 等 自 变 量 对 因 变 量 的 变化 有 着 强烈 的 影响 ， / 因此 我 们 通过 对 C4 顽 烃 收 率 的 回归 方程 中 温度 的 系数 进行 灵敏 度 分 析 ， 使 其 值,2021/B007.pdf#page=22:line=25
2021,B,B007,section_heading,模型评价,模型评价,23,19,0.965096,回归@p1 -> 聚类@p1 -> 0-1@p24 -> VAR@p40 -> ODE@p41,连接词=首先:6、其次:1、进一步:1、可知:2、表明:1、说明:1、验证:1、为了:2、从而:5、因此:20；页行中位数=31；段落候选中位数=7；图表候选=17；公式行候选=137；标题候选=52,7 “模型 的 评价 与 推广,20.633319 1L.39816 23.0609 19 12.09176 / 21.118839 11.53688 23.546439 12.23048 / 7 “模型 的 评价 与 推广 / 7.1 ”模型 的 优点 / lL. 方差 分 析 将 有 助 于 探究 自 变量 之 间 的 相互 作用 ， 从 而 探究 更 深层 次 自 变,2021/B007.pdf#page=23:line=19
2021,B,B007,section_heading,改进方案,改进方案,18,3,0.831355,回归@p1 -> 聚类@p1 -> 0-1@p24 -> VAR@p40 -> ODE@p41,连接词=首先:6、其次:1、进一步:1、可知:2、表明:1、说明:1、验证:1、为了:2、从而:5、因此:20；页行中位数=31；段落候选中位数=7；图表候选=17；公式行候选=137；标题候选=52,多元线性回归模型改进,开始 / 建立初始单目标最优解模型 / 多元线性回归模型改进 / 基于多元线性回归模型的单目标最优 / 解模型,2021/B007.pdf#page=18:line=3
2021,B,B007,section_heading,参考文献,参考文献,24,16,0.956497,回归@p1 -> 聚类@p1 -> 0-1@p24 -> VAR@p40 -> ODE@p41,连接词=首先:6、其次:1、进一步:1、可知:2、表明:1、说明:1、验证:1、为了:2、从而:5、因此:20；页行中位数=31；段落候选中位数=7；图表候选=17；公式行候选=137；标题候选=52,8 “参考 文献,"在 化 学 反应 时 ,更 全 面 的 分 析 各 个 生成 物 之 间 的 关系 ,此 时 可 以 再 对 该 模型 进行 / 延伸 ， 在 医学 诊断 、 化 学 实验 预测 中 发 挥 更 大 的 作用 ， 做 到 “未 卜 先知 ”。 / 8 “参考 文献 / [1] 任 丽 萍 , 赵 国 良 , 腾 加 伟 , 王 仰 东 , 谢 在 库 ; La 修饰 ZSM—5 分 子 得 催化 剂 用 于 Cs / SEAS REAL BEB) PH [J]; 工业 催化 ; 2007 年 03 期 .",2021/B007.pdf#page=24:line=16
2021,B,B007,section_heading,附录,附录,25,1,0.809709,回归@p1 -> 聚类@p1 -> 0-1@p24 -> VAR@p40 -> ODE@p41,连接词=首先:6、其次:1、进一步:1、可知:2、表明:1、说明:1、验证:1、为了:2、从而:5、因此:20；页行中位数=31；段落候选中位数=7；图表候选=17；公式行候选=137；标题候选=52,附 录,附 录 / A. M—A (La / 催化 剂 组 合 分 类 表,2021/B007.pdf#page=25:line=1
2021,B,B026,paper_overview,,论文总览,1,1,0.80137,Logistic@p9 -> 回归@p9,连接词=首先:7、其次:2、进一步:2、可知:5、说明:2、验证:3、相比:1、为了:1、从而:1、因此:4；页行中位数=36.5；段落候选中位数=8.5；图表候选=16；公式行候选=147；标题候选=226,Hop: Pit = hiz=...= hil4，i=12.v7。 (16),Hop: Pit = hiz=...= hil4，i=12.v7。 (16) / 备 择 假 设 为 : / Ha: u 1j， Va aad: nz7i 不 全 相等 ， 《17),2021/B026.pdf#page=1:line=1
2021,B,B026,section_heading,摘要,摘要,11,2,0.665796,Logistic@p9 -> 回归@p9,连接词=首先:7、其次:2、进一步:2、可知:5、说明:2、验证:3、相比:1、为了:1、从而:1、因此:4；页行中位数=36.5；段落候选中位数=8.5；图表候选=16；公式行候选=147；标题候选=226,摘要,基于双因素方差分析的乙醇制备C4烯烃的研究 / 摘要 / 本文研究的是乙醇偶合制备C4烯烃过程中，催化剂组合与温度对乙醇转化 / 率和C4烯烃的选择性的影响，通过建立双因素方差分析模型和优化模型，求解,2021/B026.pdf#page=11:line=2
2021,B,B026,section_heading,问题重述,问题重述,19,9,0.883525,Logistic@p9 -> 回归@p9,连接词=首先:7、其次:2、进一步:2、可知:5、说明:2、验证:3、相比:1、为了:1、从而:1、因此:4；页行中位数=36.5；段落候选中位数=8.5；图表候选=16；公式行候选=147；标题候选=226,1.2问题的重述,等气体的排放，缓解全球温室效应[2]。因此探究不同催化剂组合与温度对乙醇 / 偶合制备烯烃的影响具有重要的研究价值。 / 1.2问题的重述 / 根据所给的不同催化剂组合和不同温度条件下对乙醇偶合制备烯烃反应的实 / 验观察数据，解决下列问题：,2021/B026.pdf#page=19:line=9
2021,B,B026,section_heading,问题分析,问题分析,19,19,0.840036,Logistic@p9 -> 回归@p9,连接词=首先:7、其次:2、进一步:2、可知:5、说明:2、验证:3、相比:1、为了:1、从而:1、因此:4；页行中位数=36.5；段落候选中位数=8.5；图表候选=16；公式行候选=147；标题候选=226,二、问题分析,并找出温度低于350度时能使烯烃收率最高的催化剂组合和温度。 / （4）再设计5次实验并给出设计理由。 / 二、问题分析 / 对于问题一：分别对装料方式1、II建立了两个回归模型，首先针对附件1 / 中不同催化剂组合，画出散点图，根据散点图数据变化趋势以及反应原理，可建,2021/B026.pdf#page=19:line=19
2021,B,B026,section_heading,模型假设,模型假设,20,3,0.82216,Logistic@p9 -> 回归@p9,连接词=首先:7、其次:2、进一步:2、可知:5、说明:2、验证:3、相比:1、为了:1、从而:1、因此:4；页行中位数=36.5；段落候选中位数=8.5；图表候选=16；公式行候选=147；标题候选=226,三、模型假设,验的角度出发，对一些附件1中没有实验的情况作出补充：根据附件2数据，增 / 加采样时刻。 / 三、模型假设 / 1.假设用于反应的乙醇除乙醇浓度外其余条件均相同。 / 2.假设所给数据均真实可靠。,2021/B026.pdf#page=20:line=3
2021,B,B026,section_heading,符号说明,符号说明,20,7,0.823098,Logistic@p9 -> 回归@p9,连接词=首先:7、其次:2、进一步:2、可知:5、说明:2、验证:3、相比:1、为了:1、从而:1、因此:4；页行中位数=36.5；段落候选中位数=8.5；图表候选=16；公式行候选=147；标题候选=226,四、符号说明,2.假设所给数据均真实可靠。 / 3.假设该反应不为可逆反应。 / 四、符号说明 / 符号 / 含义,2021/B026.pdf#page=20:line=7
2021,B,B026,section_heading,模型建立,模型建立,4,10,0.966551,Logistic@p9 -> 回归@p9,连接词=首先:7、其次:2、进一步:2、可知:5、说明:2、验证:3、相比:1、为了:1、从而:1、因此:4；页行中位数=36.5；段落候选中位数=8.5；图表候选=16；公式行候选=147；标题候选=226,6.3 问题 三 模型 的 建立 和 求解,"在 乙醇 转化 率 方面 ， 最 优 催化 剂 组 合 为 A7 组 ， 最 差 为 B3 A; 在 C4 烯烃 选择 / 性 方面 ， 最 优 催化 剂 组 合 为 Al 组 ， 最 差 为 Al1 组 。 / 6.3 问题 三 模型 的 建立 和 求解 / 本 题 要 找 出 最 优 的 催化 剂 和 温度 组 合 ， 使 得 C4 烯烃 收 率 达 到 最 大 。 我 们 考 / 虑 将 原 有 催化 剂 组 合 中 各 个 因素 分 开 讨 论 ,与 刘 度 一 起 作为 自 变 量 , 找 出 他 们 与",2021/B026.pdf#page=4:line=10
2021,B,B026,section_heading,模型求解,模型求解,2,1,0.950493,Logistic@p9 -> 回归@p9,连接词=首先:7、其次:2、进一步:2、可知:5、说明:2、验证:3、相比:1、为了:1、从而:1、因此:4；页行中位数=36.5；段落候选中位数=8.5；图表候选=16；公式行候选=147；标题候选=226,6.2.2 模型 的 求解,6.2.2 模型 的 求解 / 首先 ， 需 要 对 总 偏差 平方 和 进行 分 解 处 理 ， 有 / X= yo Xi (26),2021/B026.pdf#page=2:line=1
2021,B,B026,section_heading,结果分析,结果分析,2,18,0.94871,Logistic@p9 -> 回归@p9,连接词=首先:7、其次:2、进一步:2、可知:5、说明:2、验证:3、相比:1、为了:1、从而:1、因此:4；页行中位数=36.5；段落候选中位数=8.5；图表候选=16；公式行候选=147；标题候选=226,6.2. 3 模型 的 结果 与 分 析,"类 似 易 证 ， 当 Hoa、Hoa 成 立时 ,， 盖 ， 有 号 ， 号 ， 芋 依次 服从 自由 度 为 r 一 1s / 一 1(r 一 1)(s 一 1 的 卡 方 分 布 ， AS,; Sp SF， ST 相 互 独立 。 / 6.2. 3 模型 的 结果 与 分 析 / 利用 SPSS 软件 进行 双 因 素 方差 分 析 《〈 运 用 SPSS25 求解 具体 文件 见 支撑 材 / 料 ) ， 可 得",2021/B026.pdf#page=2:line=18
2021,B,B026,section_heading,模型评价,模型评价,9,1,0.964636,Logistic@p9 -> 回归@p9,连接词=首先:7、其次:2、进一步:2、可知:5、说明:2、验证:3、相比:1、为了:1、从而:1、因此:4；页行中位数=36.5；段落候选中位数=8.5；图表候选=16；公式行候选=147；标题候选=226,七 、 模 型 的 评价 与 推广,七 、 模 型 的 评价 与 推广 / 7.1 模型 的 优点 / 1、 本 文 首先 用 三 次 样 条 插值 法 对 数据 进行 播 值 补 全 ， 增 加 数据 点 ， 提 高 了 回归,2021/B026.pdf#page=9:line=1
2021,B,B026,section_heading,参考文献,参考文献,9,23,0.91531,Logistic@p9 -> 回归@p9,连接词=首先:7、其次:2、进一步:2、可知:5、说明:2、验证:3、相比:1、为了:1、从而:1、因此:4；页行中位数=36.5；段落候选中位数=8.5；图表候选=16；公式行候选=147；标题候选=226,八 、 人 参考 文献,"等 相关 研究 工作 中 。 以 及 本 文 所 建立 的 Logistic MK MAMA, SATE, / 适合 推广 到 化 学 化 工 实 验 、 人 口 增 长 预测 、 生 物种 群 预测 等 相关 问题 中 去 。 / 八 、 人 参考 文献 / [1] 乙醇 偶合 制备 丁 醇 及 C4 Mike. AAI. 大 连理 工大 学 . 2018 / [2] 一 类 Guerbet 反应 选择 性 的 数学 建 模 研 究 ， 郑 明 迷 江 新 华 ， 北 京 化 工大",2021/B026.pdf#page=9:line=23
2021,B,B026,section_heading,附录,附录,10,1,0.963771,Logistic@p9 -> 回归@p9,连接词=首先:7、其次:2、进一步:2、可知:5、说明:2、验证:3、相比:1、为了:1、从而:1、因此:4；页行中位数=36.5；段落候选中位数=8.5；图表候选=16；公式行候选=147；标题候选=226,附录,附录 / 附录 说 明 : / 1. 数据 可 视 化 散 点 图,2021/B026.pdf#page=10:line=1
2021,B,B050,paper_overview,,论文总览,1,1,0.868888,回归@p1 -> 主成分@p1 -> 线性规划@p3 -> 非线性规划@p3 -> PDE@p30 -> ODE@p41 -> VAR@p42 -> PCA@p42,连接词=首先:14、其次:2、进一步:5、说明:6、验证:9、因此:10；页行中位数=37；段落候选中位数=6；图表候选=21；公式行候选=615；标题候选=140,乙醇偶合制备C4烯烃的多元回归与神经网络模型,乙醇偶合制备C4烯烃的多元回归与神经网络模型 / 摘要 / 乙醇催化偶合是制备C4烯烃的重要方法，本文对乙醇催化偶合制备C4烯烃,2021/B050.pdf#page=1:line=1
2021,B,B050,section_heading,摘要,摘要,1,2,0.665703,回归@p1 -> 主成分@p1 -> 线性规划@p3 -> 非线性规划@p3 -> PDE@p30 -> ODE@p41 -> VAR@p42 -> PCA@p42,连接词=首先:14、其次:2、进一步:5、说明:6、验证:9、因此:10；页行中位数=37；段落候选中位数=6；图表候选=21；公式行候选=615；标题候选=140,摘要,乙醇偶合制备C4烯烃的多元回归与神经网络模型 / 摘要 / 乙醇催化偶合是制备C4烯烃的重要方法，本文对乙醇催化偶合制备C4烯烃 / 工艺条件进行研究，建立多元回归模型与BP神经网络模型，对各问题进行分析。,2021/B050.pdf#page=1:line=2
2021,B,B050,section_heading,问题重述,问题重述,2,1,0.844656,回归@p1 -> 主成分@p1 -> 线性规划@p3 -> 非线性规划@p3 -> PDE@p30 -> ODE@p41 -> VAR@p42 -> PCA@p42,连接词=首先:14、其次:2、进一步:5、说明:6、验证:9、因此:10；页行中位数=37；段落候选中位数=6；图表候选=21；公式行候选=615；标题候选=140,一、问题重述,一、问题重述 / 1.1问题背景 / C4烯烃作为重要的化工原料，广泛应用在化工产品及医药的生产中，乙醇,2021/B050.pdf#page=2:line=1
2021,B,B050,section_heading,问题分析,问题分析,2,20,0.831796,回归@p1 -> 主成分@p1 -> 线性规划@p3 -> 非线性规划@p3 -> PDE@p30 -> ODE@p41 -> VAR@p42 -> PCA@p42,连接词=首先:14、其次:2、进一步:5、说明:6、验证:9、因此:10；页行中位数=37；段落候选中位数=6；图表候选=21；公式行候选=615；标题候选=140,二、问题分析,问题四：结合前三问分析的结论与制定的方案，在此基础上再增加5次实 / 验，给出具体的设计方案，并说明详细理由。 / 二、问题分析 / 该问题以化工生产领域中乙醇催化偶合制备C4烯烃为背景，在性能数据表 / 中给出了在不同催化剂组合及不同温度条件下，乙醇转化率、C4烯烃选择性、乙,2021/B050.pdf#page=2:line=20
2021,B,B050,section_heading,模型假设,模型假设,4,4,0.777973,回归@p1 -> 主成分@p1 -> 线性规划@p3 -> 非线性规划@p3 -> PDE@p30 -> ODE@p41 -> VAR@p42 -> PCA@p42,连接词=首先:14、其次:2、进一步:5、说明:6、验证:9、因此:10；页行中位数=37；段落候选中位数=6；图表候选=21；公式行候选=615；标题候选=140,三、模型假设,只是我们通过模型得到的预测值，因此我们需要对全温度、低于350度的数据各 / 进行一次实验，以此比较实验值与预测值的差距，并进行误差分析。 / 三、模型假设 / 1、假设实验数据允许存在一定的误差范围。 / 2、假设做对比实验时遵循控制变量法控制其他实验条件完全相同。,2021/B050.pdf#page=4:line=4
2021,B,B050,section_heading,符号说明,符号说明,4,8,0.904706,回归@p1 -> 主成分@p1 -> 线性规划@p3 -> 非线性规划@p3 -> PDE@p30 -> ODE@p41 -> VAR@p42 -> PCA@p42,连接词=首先:14、其次:2、进一步:5、说明:6、验证:9、因此:10；页行中位数=37；段落候选中位数=6；图表候选=21；公式行候选=615；标题候选=140,四、符号说明及名词定义,2、假设做对比实验时遵循控制变量法控制其他实验条件完全相同。 / 3、假设问题三中“若使温度低于350度”表示温度小于等于350度的情况。 / 四、符号说明及名词定义 / 符号 / 定义,2021/B050.pdf#page=4:line=8
2021,B,B050,section_heading,模型建立,模型建立,1,33,0.906152,回归@p1 -> 主成分@p1 -> 线性规划@p3 -> 非线性规划@p3 -> PDE@p30 -> ODE@p41 -> VAR@p42 -> PCA@p42,连接词=首先:14、其次:2、进一步:5、说明:6、验证:9、因此:10；页行中位数=37；段落候选中位数=6；图表候选=21；公式行候选=615；标题候选=140,以及在神经网络模型中确定的各个自变量权重建立模型，最终设计出具体的5,对于问题四，我们从寻找C4烯烃收率在全局范围内的最优峰值和验证问题 / 三中求解出的两组最优值是否符合预测值出发，利用欧式距离建立的广度模型 / 以及在神经网络模型中确定的各个自变量权重建立模型，最终设计出具体的5 / 次实验：400mg1wt%Co/si02-400mgHAP-乙醇浓度0.9ml/min，400度；500mg / 1wt%Co/Si02-500mgHAP-乙醇浓度0.9ml/min，450度600mg1wt%Co/Si02,2021/B050.pdf#page=1:line=33
2021,B,B050,section_heading,模型求解,模型求解,7,25,0.959336,回归@p1 -> 主成分@p1 -> 线性规划@p3 -> 非线性规划@p3 -> PDE@p30 -> ODE@p41 -> VAR@p42 -> PCA@p42,连接词=首先:14、其次:2、进一步:5、说明:6、验证:9、因此:10；页行中位数=37；段落候选中位数=6；图表候选=21；公式行候选=615；标题候选=140,5.1.2 各 催化 剂 组 合 重要 指标 与 温度 关系 模型 的 求解,"组 合 全 部 进行 上 述 过 程 , 发 现 对 于 每 种 组 合 三 次 多 项 式 拟 合 的 效果 均 更 好 ,最 终 / 可 确定 出 具体 方程 。 / 5.1.2 各 催化 剂 组 合 重要 指标 与 温度 关系 模型 的 求解 / 5. 1. 2. 1 两 个 指标 与 温度 关系 具体 拟 合 曲线 方程 / 我 们 利用 Origin 软件 中 曲线 拟 合 函数 ， 以 温度 为 自 变 量 ， 乙 醇 转化 率 和 C4",2021/B050.pdf#page=7:line=25
2021,B,B050,section_heading,结果分析,结果分析,3,7,0.886574,回归@p1 -> 主成分@p1 -> 线性规划@p3 -> 非线性规划@p3 -> PDE@p30 -> ODE@p41 -> VAR@p42 -> PCA@p42,连接词=首先:14、其次:2、进一步:5、说明:6、验证:9、因此:10；页行中位数=37；段落候选中位数=6；图表候选=21；公式行候选=615；标题候选=140,2.2350度时某催化剂组合单次实验测试结果分析,与温度的关系，并对n的值进行最优确定。最终可根据乙醇转化率拟合的类别、 / C4烯烃选择性峰值的存在情况进行分类，得到每种催化剂组合的具体分类情况。 / 2.2350度时某催化剂组合单次实验测试结果分析 / 问题一第二部分要求针对附件2中反应温度为350度时某种催化剂组合在 / 单次实验不同时间测试结果进行分析。首先我们可在附件一基础上分析得出乙醇,2021/B050.pdf#page=3:line=7
2021,B,B050,section_heading,模型检验,模型检验,4,3,0.893716,回归@p1 -> 主成分@p1 -> 线性规划@p3 -> 非线性规划@p3 -> PDE@p30 -> ODE@p41 -> VAR@p42 -> PCA@p42,连接词=首先:14、其次:2、进一步:5、说明:6、验证:9、因此:10；页行中位数=37；段落候选中位数=6；图表候选=21；公式行候选=615；标题候选=140,进行一次实验，以此比较实验值与预测值的差距，并进行误差分析。,BP神经网络模型对全温度、低于350度的现有实验条件进行了搜索，但找到的 / 只是我们通过模型得到的预测值，因此我们需要对全温度、低于350度的数据各 / 进行一次实验，以此比较实验值与预测值的差距，并进行误差分析。 / 三、模型假设 / 1、假设实验数据允许存在一定的误差范围。,2021/B050.pdf#page=4:line=3
2021,B,B050,section_heading,模型评价,模型评价,26,11,0.930756,回归@p1 -> 主成分@p1 -> 线性规划@p3 -> 非线性规划@p3 -> PDE@p30 -> ODE@p41 -> VAR@p42 -> PCA@p42,连接词=首先:14、其次:2、进一步:5、说明:6、验证:9、因此:10；页行中位数=37；段落候选中位数=6；图表候选=21；公式行候选=615；标题候选=140,七 、 模 型 评价,(4) 在 第 四 问 中 ， 对 不 同 变量 选取 了 不 同 的 权重 。 权 重 的 不 确定 性 可 能 会 导致 / 误差 的 出 现 。 / 七 、 模 型 评价 / 7.1 模型 优点 / (1) 模型 在 一 定 程度 上 准确 且 巧妙 的 描述 了 问题 ， 并 做 出 了 一 些 简化 ， 易 于 理,2021/B050.pdf#page=26:line=11
2021,B,B050,section_heading,改进方案,改进方案,26,25,0.950739,回归@p1 -> 主成分@p1 -> 线性规划@p3 -> 非线性规划@p3 -> PDE@p30 -> ODE@p41 -> VAR@p42 -> PCA@p42,连接词=首先:14、其次:2、进一步:5、说明:6、验证:9、因此:10；页行中位数=37；段落候选中位数=6；图表候选=21；公式行候选=615；标题候选=140,7.3 模型 改进,(2) BP 神经 网 络 存在 缺点 ， 如 收敛 速度 慢 ， 网 络 易 陷 于 局 部 极 小 ， 学 习 过 程 常 / 常会 发 生 震荡 。 / 7.3 模型 改进 / C1) 我 们 现 有 的 解 题 方法 是 利用 Matlab 的 神经 网 络 工作 箱 进 行 机 器 学 习 。 进 一 / 步 地 改进 可 以 利用 精度 、 效 率 更 高 的 机 器 学 习 方 式 。,2021/B050.pdf#page=26:line=25
2021,B,B050,section_heading,参考文献,参考文献,26,30,0.922418,回归@p1 -> 主成分@p1 -> 线性规划@p3 -> 非线性规划@p3 -> PDE@p30 -> ODE@p41 -> VAR@p42 -> PCA@p42,连接词=首先:14、其次:2、进一步:5、说明:6、验证:9、因此:10；页行中位数=37；段落候选中位数=6；图表候选=21；公式行候选=615；标题候选=140,八 、 参 考 文献,"(2) 回归 分 析 中 可 以 对 数据 进行 进一步 处 理 ， 增 加 非 线性 的 回归 项 ， 以 提高 R / 的 值 。 / 八 、 参 考 文献 / (NAB. 乙醇 偶合 制备 丁 醇 及 C_4 烯烃 [D]. 大 连理 工大 学 ,2018. / (2) 2a 谢 金 星 叶 俊 . 数学 模型 [M]. 第 五 版 . 高 等 教育 出 版 社 , 2018.",2021/B050.pdf#page=26:line=30
2021,B,B050,section_heading,附录,附录,27,1,0.662465,回归@p1 -> 主成分@p1 -> 线性规划@p3 -> 非线性规划@p3 -> PDE@p30 -> ODE@p41 -> VAR@p42 -> PCA@p42,连接词=首先:14、其次:2、进一步:5、说明:6、验证:9、因此:10；页行中位数=37；段落候选中位数=6；图表候选=21；公式行候选=615；标题候选=140,附录,附录 / 参考文献 / 乙醇偶合制备丁醇及c_4烯烃_吕绍沛.caj（见支撑材料）,2021/B050.pdf#page=27:line=1
2021,B,B160,paper_overview,,论文总览,1,1,0.927244,回归@p1 -> ODE@p25,连接词=首先:7、其次:2、可知:1、说明:6、验证:2、相比:1、为了:3、因此:19；页行中位数=34.0；段落候选中位数=7.5；图表候选=24；公式行候选=102；标题候选=96,乙醇制备C4烯烃催化剂组合的分析与设计,乙醇制备C4烯烃催化剂组合的分析与设计 / 摘要本文主要讨论乙醇催化偶合制备C4烯烃时，不同催化剂组合及温度对 / 乙醇转化率和C4烯烃选择性的影响、C4烯烃收率最高时的催化剂组合与温度最,2021/B160.pdf#page=1:line=1
2021,B,B160,section_heading,问题重述,问题重述,2,1,0.854828,回归@p1 -> ODE@p25,连接词=首先:7、其次:2、可知:1、说明:6、验证:2、相比:1、为了:3、因此:19；页行中位数=34.0；段落候选中位数=7.5；图表候选=24；公式行候选=102；标题候选=96,一、问题重述,一、问题重述 / 随着当前化工产业的不断发展，烯烃的需求量逐年增大，因此C4烯烃的制 / 备也备受人们关注。相比于传统的化石能源，乙醇是一种能够生产制备C4烯烃,2021/B160.pdf#page=2:line=1
2021,B,B160,section_heading,问题分析,问题分析,3,1,0.844704,回归@p1 -> ODE@p25,连接词=首先:7、其次:2、可知:1、说明:6、验证:2、相比:1、为了:3、因此:19；页行中位数=34.0；段落候选中位数=7.5；图表候选=24；公式行候选=102；标题候选=96,二、问题分析,二、问题分析 / 2.1问题一的分析 / 针对问题一，对附件1中每种催化剂组合，分别对乙醇转化率与温度、C4,2021/B160.pdf#page=3:line=1
2021,B,B160,section_heading,模型假设,模型假设,5,1,0.853632,回归@p1 -> ODE@p25,连接词=首先:7、其次:2、可知:1、说明:6、验证:2、相比:1、为了:3、因此:19；页行中位数=34.0；段落候选中位数=7.5；图表候选=24；公式行候选=102；标题候选=96,三、模型假设,三、模型假设 / 为了便于模型建立与求解，现作如下假设： / 1.假设附件1中数据已经达到化学平衡；,2021/B160.pdf#page=5:line=1
2021,B,B160,section_heading,符号说明,符号说明,5,6,0.849499,回归@p1 -> ODE@p25,连接词=首先:7、其次:2、可知:1、说明:6、验证:2、相比:1、为了:3、因此:19；页行中位数=34.0；段落候选中位数=7.5；图表候选=24；公式行候选=102；标题候选=96,四、符号说明,2.假设反应温度保持恒定，忽略化学反应放热吸热； / 3.假设问题四中设计的实验条件均能达到。 / 四、符号说明 / 符号 / 说明,2021/B160.pdf#page=5:line=6
2021,B,B160,section_heading,模型建立,模型建立,5,2,0.929017,回归@p1 -> ODE@p25,连接词=首先:7、其次:2、可知:1、说明:6、验证:2、相比:1、为了:3、因此:19；页行中位数=34.0；段落候选中位数=7.5；图表候选=24；公式行候选=102；标题候选=96,为了便于模型建立与求解，现作如下假设：,三、模型假设 / 为了便于模型建立与求解，现作如下假设： / 1.假设附件1中数据已经达到化学平衡； / 2.假设反应温度保持恒定，忽略化学反应放热吸热；,2021/B160.pdf#page=5:line=2
2021,B,B160,section_heading,模型求解,模型求解,1,27,0.936174,回归@p1 -> ODE@p25,连接词=首先:7、其次:2、可知:1、说明:6、验证:2、相比:1、为了:3、因此:19；页行中位数=34.0；段落候选中位数=7.5；图表候选=24；公式行候选=102；标题候选=96,中的quadprogO函数对该模型求解，得到：C4烯烃最优收率为56.3%。再改变温,决策变量，以最高C4烯烃收率作为目标函数，以各个影响因素的取值范围作为 / 约束条件，建立C4烯烃收率最高的优化模型。然后基于最小二乘法，利用Matlab / 中的quadprogO函数对该模型求解，得到：C4烯烃最优收率为56.3%。再改变温 / 度约束条件，使得最高温度不超过350度，得到此时C4烯烃最优收率为29.8%。 / 针对问题四，结合前三问的分析结论，为更好探究催化剂等因素对反应的影,2021/B160.pdf#page=1:line=27
2021,B,B160,section_heading,结果分析,结果分析,3,34,0.910433,回归@p1 -> ODE@p25,连接词=首先:7、其次:2、可知:1、说明:6、验证:2、相比:1、为了:3、因此:19；页行中位数=34.0；段落候选中位数=7.5；图表候选=24；公式行候选=102；标题候选=96,提高试验效率，对多因素试验进行分析图。试验结果分析流程如图2所示。,其次，不考虑因素间的交互作用，对6种影响因素进行定量分析。由于试验 / 因素较多，全面试验方法受限制，因此考虑结合正交试验设计，减少试验次数、 / 提高试验效率，对多因素试验进行分析图。试验结果分析流程如图2所示。 / 最后，由于实际试验中，各因素间会互相影响，所以考虑交互作用，分别建 / 立C4烯烃选择性与乙醇转化率的多元多项式回归模型。首先，将催化剂组合中,2021/B160.pdf#page=3:line=34
2021,B,B160,section_heading,模型评价,模型评价,20,17,0.946777,回归@p1 -> ODE@p25,连接词=首先:7、其次:2、可知:1、说明:6、验证:2、相比:1、为了:3、因此:19；页行中位数=34.0；段落候选中位数=7.5；图表候选=24；公式行候选=102；标题候选=96,六 、 模 型 评价 及 推广,算 ， 通 过 C4 燃 烃 实际 值 与 理论 值 的 对 比 说 明 问 题 三 优化 模型 的 合理 性 ， 具 体 因 / 素 取 值 见 表 9 中 DS. / 六 、 模 型 评价 及 推广 / 模型 优点 / 1. 采用 多 项 式 回 归 可 以 对 复杂 的 函数 进行 拟 合并 对 非 线性 数据 进行 预测 ， 并 且,2021/B160.pdf#page=20:line=17
2021,B,B160,section_heading,改进方案,改进方案,20,30,0.963917,回归@p1 -> ODE@p25,连接词=首先:7、其次:2、可知:1、说明:6、验证:2、相比:1、为了:3、因此:19；页行中位数=34.0；段落候选中位数=7.5；图表候选=24；公式行候选=102；标题候选=96,模型 推广,"2. 使 用 quadprog() 函 数 求全 局 最 优 解 ， 会 存在 一 定 的 误差 ,可 以 考虑 使 用 优化 智 / 能 算法 进行 求解 。 / 模型 推广 / 1. 多 元 回归 模型 还 可 以 用 于 预测 天 气 状况 、 地 震 、 洪 涂 灾害 等 ; / 2. 多 元 多 项 式 优 化 模型 的 求解 还 可 以 使 用 遗传 算法 、 模拟 退火 算法 以 及 粒子 群",2021/B160.pdf#page=20:line=30
2021,B,B160,section_heading,参考文献,参考文献,21,24,0.960019,回归@p1 -> ODE@p25,连接词=首先:7、其次:2、可知:1、说明:6、验证:2、相比:1、为了:3、因此:19；页行中位数=34.0；段落候选中位数=7.5；图表候选=24；公式行候选=102；标题候选=96,参考 文献,"print gBest / end procedure / 参考 文献 / [1] 20%. 炼 厂 混合 C4 与 乙醇 制 丙烯 反应 研究 [D]. 西北 大 学 , 2011. / [2] 3%. EM, Fiat, PAR, 王 文 超 . 拟 合 系数 定常 回归 法 分 析 生 物 柴油 酯 化",2021/B160.pdf#page=21:line=24
2021,B,B160,section_heading,附录,附录,22,1,0.902571,回归@p1 -> ODE@p25,连接词=首先:7、其次:2、可知:1、说明:6、验证:2、相比:1、为了:3、因此:19；页行中位数=34.0；段落候选中位数=7.5；图表候选=24；公式行候选=102；标题候选=96,附 录,附 录 / 附录 1: 问题 一 ，Matlab 中 数据 读 入 程序 (完整 程序 见 支撑 材料 ) / 201,2021/B160.pdf#page=22:line=1
2021,C,C006,paper_overview,,论文总览,1,1,0.880811,多目标@p1 -> 遗传算法@p1 -> TOPSIS@p1 -> VAR@p15 -> 回归@p17 -> Logistic@p29 -> ODE@p39,连接词=首先:7、进一步:10、可知:2、表明:2、说明:4、相比:1、为了:2、从而:1、因此:10；页行中位数=40.0；段落候选中位数=7.0；图表候选=13；公式行候选=678；标题候选=78,生产企业原材料订购与运输的评价与规划模型,生产企业原材料订购与运输的评价与规划模型 / 摘要 / 本文针对现有的生产企业原材料订购与运输方案的制定问题，通过历史订,2021/C006.pdf#page=1:line=1
2021,C,C006,section_heading,摘要,摘要,1,2,0.662046,多目标@p1 -> 遗传算法@p1 -> TOPSIS@p1 -> VAR@p15 -> 回归@p17 -> Logistic@p29 -> ODE@p39,连接词=首先:7、进一步:10、可知:2、表明:2、说明:4、相比:1、为了:2、从而:1、因此:10；页行中位数=40.0；段落候选中位数=7.0；图表候选=13；公式行候选=678；标题候选=78,摘要,生产企业原材料订购与运输的评价与规划模型 / 摘要 / 本文针对现有的生产企业原材料订购与运输方案的制定问题，通过历史订 / 货和供货数据，针对供货商建立反映了其重要性的多指标评价模型，对模型筛,2021/C006.pdf#page=1:line=2
2021,C,C006,section_heading,问题重述,问题重述,2,1,0.810167,多目标@p1 -> 遗传算法@p1 -> TOPSIS@p1 -> VAR@p15 -> 回归@p17 -> Logistic@p29 -> ODE@p39,连接词=首先:7、进一步:10、可知:2、表明:2、说明:4、相比:1、为了:2、从而:1、因此:10；页行中位数=40.0；段落候选中位数=7.0；图表候选=13；公式行候选=678；标题候选=78,一、问题重述,一、问题重述 / 某生产企业每年按48周安排生产，需提前制定24周的原材料订货和转运 / 计划。计划的制定需要根据产能要求确定每周的原材料供货商和相应每周的原,2021/C006.pdf#page=2:line=1
2021,C,C006,section_heading,问题分析,问题分析,2,25,0.792963,多目标@p1 -> 遗传算法@p1 -> TOPSIS@p1 -> VAR@p15 -> 回归@p17 -> Logistic@p29 -> ODE@p39,连接词=首先:7、进一步:10、可知:2、表明:2、说明:4、相比:1、为了:2、从而:1、因此:10；页行中位数=40.0；段落候选中位数=7.0；图表候选=13；公式行候选=678；标题候选=78,二、问题分析,其规律，确定该企业每周产能可提高多少，制定新的订购方案，对新方 / 案的实施效果进行分析。 / 二、问题分析 / 货的数据，题目要求据此制定未来24周的订货与转运方案。供货商供货的不稳 / 定性，使得生产企业的供货链上游不可避免的产生风险。为了有效地管理风,2021/C006.pdf#page=2:line=25
2021,C,C006,section_heading,模型假设,模型假设,3,33,0.849435,多目标@p1 -> 遗传算法@p1 -> TOPSIS@p1 -> VAR@p15 -> 回归@p17 -> Logistic@p29 -> ODE@p39,连接词=首先:7、进一步:10、可知:2、表明:2、说明:4、相比:1、为了:2、从而:1、因此:10；页行中位数=40.0；段落候选中位数=7.0；图表候选=13；公式行候选=678；标题候选=78,三、基本假设与符号说明,产能的因素转变为转运商每周的总转运量。据此问题二的订购方案中的目标函 / 数，重新求解符合问题四的订购方案。 / 三、基本假设与符号说明 / 3.1基本假设 / (1)该生产企业再过去五年内的生产规模相对稳定，未出现较大变化；,2021/C006.pdf#page=3:line=33
2021,C,C006,section_heading,符号说明,符号说明,3,33,0.849435,多目标@p1 -> 遗传算法@p1 -> TOPSIS@p1 -> VAR@p15 -> 回归@p17 -> Logistic@p29 -> ODE@p39,连接词=首先:7、进一步:10、可知:2、表明:2、说明:4、相比:1、为了:2、从而:1、因此:10；页行中位数=40.0；段落候选中位数=7.0；图表候选=13；公式行候选=678；标题候选=78,三、基本假设与符号说明,产能的因素转变为转运商每周的总转运量。据此问题二的订购方案中的目标函 / 数，重新求解符合问题四的订购方案。 / 三、基本假设与符号说明 / 3.1基本假设 / (1)该生产企业再过去五年内的生产规模相对稳定，未出现较大变化；,2021/C006.pdf#page=3:line=33
2021,C,C006,section_heading,模型建立,模型建立,1,8,0.958087,多目标@p1 -> 遗传算法@p1 -> TOPSIS@p1 -> VAR@p15 -> 回归@p17 -> Logistic@p29 -> ODE@p39,连接词=首先:7、进一步:10、可知:2、表明:2、说明:4、相比:1、为了:2、从而:1、因此:10；页行中位数=40.0；段落候选中位数=7.0；图表候选=13；公式行候选=678；标题候选=78,本题的数据较多，在建立模型前首先对数据进行预处理，发现附件数据,试以保障生产稳定性、原材料订购结构优化和产能提升为优化目标，通过遗传 / 算法对模型进行求解，得到基于三种优化目标最佳的订购方案与运输方案。 / 本题的数据较多，在建立模型前首先对数据进行预处理，发现附件数据 / 不存在明显的错误和缺失。在比较附件1的历史订货数据与供货数据的偏差 / 后，发现存在供货质量极低的33家供货商，将这类明显的低质量供货商剔除，,2021/C006.pdf#page=1:line=8
2021,C,C006,section_heading,模型求解,模型求解,9,9,0.96098,多目标@p1 -> 遗传算法@p1 -> TOPSIS@p1 -> VAR@p15 -> 回归@p17 -> Logistic@p29 -> ODE@p39,连接词=首先:7、进一步:10、可知:2、表明:2、说明:4、相比:1、为了:2、从而:1、因此:10；页行中位数=40.0；段落候选中位数=7.0；图表候选=13；公式行候选=678；标题候选=78,5.3 基于 TOPSIS 的 多 指标 评价 模型 的 求解,方案 和 最 劣 方 案 间 的 距离 ， 获 得 各 评价 对 象 与 最 优 方案 的 相对 接近 程度 ， 以 此 / 作为 评价 优 劣 的 依据 。 / 5.3 基于 TOPSIS 的 多 指标 评价 模型 的 求解 / 5.3.1 算法 求解 / (1) 坑 权 法 求解 流程 如 下 ，,2021/C006.pdf#page=9:line=9
2021,C,C006,section_heading,结果分析,结果分析,9,28,0.962579,多目标@p1 -> 遗传算法@p1 -> TOPSIS@p1 -> VAR@p15 -> 回归@p17 -> Logistic@p29 -> ODE@p39,连接词=首先:7、进一步:10、可知:2、表明:2、说明:4、相比:1、为了:2、从而:1、因此:10；页行中位数=40.0；段落候选中位数=7.0；图表候选=13；公式行候选=678；标题候选=78,5.3.2 求解 结果 展示,Step 6 根据 贴近 程度 大 小 进行 排序 ， 给 出 评价 结果 / Output: 各 供 货 商 TOPSIS 评价 结果 / 5.3.2 求解 结果 展示 / 连续 性 评价 指标 ”间隔 次 数 ”平均 间隔 周 数 “平均 连续 供 货 周 数 / 权重 0.4383 0.3560 0.2057,2021/C006.pdf#page=9:line=28
2021,C,C006,section_heading,灵敏度分析,灵敏度分析,21,13,0.948673,多目标@p1 -> 遗传算法@p1 -> TOPSIS@p1 -> VAR@p15 -> 回归@p17 -> Logistic@p29 -> ODE@p39,连接词=首先:7、进一步:10、可知:2、表明:2、说明:4、相比:1、为了:2、从而:1、因此:10；页行中位数=40.0；段落候选中位数=7.0；图表候选=13；公式行候选=678；标题候选=78,平 ， 这 一 现象 表明 了 本 文 所 提出 的 模型 对 库存 成 本 的 高 敏感 性 ， 说 明了 模型 ，,得 注意 的 时 ， 在 下 一 周 库存 产量 马上 回归 到 了 基准 水 平 周围 。 此 差异 较 大 现象 / 可 能 是 由 于 供 货 商 的 供 货 不 稳定 性 造成 ， 而 库存 产量 再 下 一 周迅 速 回归 正常 水 / 平 ， 这 一 现象 表明 了 本 文 所 提出 的 模型 对 库存 成 本 的 高 敏感 性 ， 说 明了 模型 ， / 使 得 能 更 加 合理 的 制定 每 周 订 购 方案 。 / 24 周 订购 方案 各 类 原材料 占 比,2021/C006.pdf#page=21:line=13
2021,C,C006,section_heading,模型评价,模型评价,1,16,0.917902,多目标@p1 -> 遗传算法@p1 -> TOPSIS@p1 -> VAR@p15 -> 回归@p17 -> Logistic@p29 -> ODE@p39,连接词=首先:7、进一步:10、可知:2、表明:2、说明:4、相比:1、为了:2、从而:1、因此:10；页行中位数=40.0；段落候选中位数=7.0；图表候选=13；公式行候选=678；标题候选=78,型，对每个供货商的重要性程度进行评价。基于模型的评价结果，本文筛选出,6个指标分别为供货次数、平均供货量、单次最大供货量、供货稳定性、供货 / 一致性和合理供货比例。通过TOPSIS法，结合6个指标，建立多指标评价模 / 型，对每个供货商的重要性程度进行评价。基于模型的评价结果，本文筛选出 / 了50家最重要的供货商，其中得分最高三家的供货商分别为S140，S229， / S361，这三家供货商的得分分别为0.9435，0.8755和0.8401。,2021/C006.pdf#page=1:line=16
2021,C,C006,section_heading,改进方案,改进方案,28,30,0.960186,多目标@p1 -> 遗传算法@p1 -> TOPSIS@p1 -> VAR@p15 -> 回归@p17 -> Logistic@p29 -> ODE@p39,连接词=首先:7、进一步:10、可知:2、表明:2、说明:4、相比:1、为了:2、从而:1、因此:10；页行中位数=40.0；段落候选中位数=7.0；图表候选=13；公式行候选=678；标题候选=78,九 、 模 型 的 评价 与 改进 方向,15790 立方 米 左 右 ， 可 见 产能 具备 提升 潜力 时 ， 该 生产 企业 的 产能 可 得 到 显著 / 提升 。 / 九 、 模 型 的 评价 与 改进 方向 / 28 OO / Pcs afl 获取 更 多 资讯,2021/C006.pdf#page=28:line=30
2021,C,C006,section_heading,参考文献,参考文献,5,26,0.932757,多目标@p1 -> 遗传算法@p1 -> TOPSIS@p1 -> VAR@p15 -> 回归@p17 -> Logistic@p29 -> ODE@p39,连接词=首先:7、进一步:10、可知:2、表明:2、说明:4、相比:1、为了:2、从而:1、因此:10；页行中位数=40.0；段落候选中位数=7.0；图表候选=13；公式行候选=678；标题候选=78,根据 参考 文献 可 知 ， 评 价 指标 应 当 刻 画 的 是 被 评价 对 象 的 特征 或 属性 。 每,货 商 的 重要 性 程度 。 / 5.1 建 模 前 准备 / 根据 参考 文献 可 知 ， 评 价 指标 应 当 刻 画 的 是 被 评价 对 象 的 特征 或 属性 。 每 / 一 项 所 选取 的 评判 指标 均 为 从 不 同方 面 反 映 评价 对 象 所 具有 某 种 特征 大 小 的 一 / 个 度量 。 而 在 多 个 评价 指标 构成 指标 体系 时 ， 构 建 评价 指标 体系 的 原则 在 于 :,2021/C006.pdf#page=5:line=26
2021,C,C006,section_heading,附录,附录,29,30,0.956958,多目标@p1 -> 遗传算法@p1 -> TOPSIS@p1 -> VAR@p15 -> 回归@p17 -> Logistic@p29 -> ODE@p39,连接词=首先:7、进一步:10、可知:2、表明:2、说明:4、相比:1、为了:2、从而:1、因此:10；页行中位数=40.0；段落候选中位数=7.0；图表候选=13；公式行候选=678；标题候选=78,附录 1: 支撑 材料 文件 列表,"工程 ,2004(08):24-27. / [4] 南 通 市 建设 工程 造价 管理 处 〈 通 建 价 [2020]37 号 ) / 附录 1: 支撑 材料 文件 列表 / 附录 2: 补充 表格 、 图 片 和 公式 推导 / 附录 3: Python 代码",2021/C006.pdf#page=29:line=30
2021,C,C085,paper_overview,,论文总览,1,1,0.92112,0-1@p1 -> 整数规划@p1 -> TOPSIS@p1 -> ODE@p28 -> RNN@p54,连接词=首先:6、其次:2、说明:4、相比:1、因此:6；页行中位数=40.0；段落候选中位数=3.5；图表候选=15；公式行候选=603；标题候选=88,基于双层和随机规划的原材料订购与运输问题,基于双层和随机规划的原材料订购与运输问题 / 摘要 / 本文主要建立双层随机规划模型、带有偏差变量的随机规划模型、随机整数规划模,2021/C085.pdf#page=1:line=1
2021,C,C085,section_heading,摘要,摘要,1,2,0.662909,0-1@p1 -> 整数规划@p1 -> TOPSIS@p1 -> ODE@p28 -> RNN@p54,连接词=首先:6、其次:2、说明:4、相比:1、因此:6；页行中位数=40.0；段落候选中位数=3.5；图表候选=15；公式行候选=603；标题候选=88,摘要,基于双层和随机规划的原材料订购与运输问题 / 摘要 / 本文主要建立双层随机规划模型、带有偏差变量的随机规划模型、随机整数规划模 / 型并通过基于动态权重的离散化贪心和动态规划算法、二分答案算法为企业解决原材料,2021/C085.pdf#page=1:line=2
2021,C,C085,section_heading,问题重述,问题重述,2,1,0.819779,0-1@p1 -> 整数规划@p1 -> TOPSIS@p1 -> ODE@p28 -> RNN@p54,连接词=首先:6、其次:2、说明:4、相比:1、因此:6；页行中位数=40.0；段落候选中位数=3.5；图表候选=15；公式行候选=603；标题候选=88,一、问题重述,一、问题重述 / 1.1问题背景 / 由于原材料的采购成本直接影响企业的生产效益，一些建筑和装饰板材的生产企业,2021/C085.pdf#page=2:line=1
2021,C,C085,section_heading,问题分析,问题分析,2,26,0.789262,0-1@p1 -> 整数规划@p1 -> TOPSIS@p1 -> ODE@p28 -> RNN@p54,连接词=首先:6、其次:2、说明:4、相比:1、因此:6；页行中位数=40.0；段落候选中位数=3.5；图表候选=15；公式行候选=603；标题候选=88,二、问题分析,4、在现有原材料的供应商和转运商的实际情况下建立数学模型确定每周提高的产 / 能并计划未来24周的订购和转运方案。 / 二、问题分析 / 首先对附件数据进行预处理，判断各家供应商供货量具有周期性，存在淡季与旺季， / 部分具有泊松分布特性。,2021/C085.pdf#page=2:line=26
2021,C,C085,section_heading,模型假设,模型假设,3,29,0.853194,0-1@p1 -> 整数规划@p1 -> TOPSIS@p1 -> ODE@p28 -> RNN@p54,连接词=首先:6、其次:2、说明:4、相比:1、因此:6；页行中位数=40.0；段落候选中位数=3.5；图表候选=15；公式行候选=603；标题候选=88,三、基本假设,图1：问题分析总体可视图 / ov.cn / 三、基本假设 / 1、假设初始库存量满足企业两周产能的约束； / 关注数学模型,2021/C085.pdf#page=3:line=29
2021,C,C085,section_heading,符号说明,符号说明,4,5,0.82514,0-1@p1 -> 整数规划@p1 -> TOPSIS@p1 -> ODE@p28 -> RNN@p54,连接词=首先:6、其次:2、说明:4、相比:1、因此:6；页行中位数=40.0；段落候选中位数=3.5；图表候选=15；公式行候选=603；标题候选=88,四、符号说明,4、假设考虑平均运输损耗，则实际规划材料所能产生的产能应为28488m3； / 5、假设在分析采购成本时C的采购单价为1。 / 四、符号说明 / 符号 / 符号说明,2021/C085.pdf#page=4:line=5
2021,C,C085,section_heading,模型建立,模型建立,4,35,0.846854,0-1@p1 -> 整数规划@p1 -> TOPSIS@p1 -> ODE@p28 -> RNN@p54,连接词=首先:6、其次:2、说明:4、相比:1、因此:6；页行中位数=40.0；段落候选中位数=3.5；图表候选=15；公式行候选=603；标题候选=88,五、模型的建立与求解,注：其它符号将在文中具体说明 / 生在线 / 五、模型的建立与求解 / cn / 5.1数据预处理,2021/C085.pdf#page=4:line=35
2021,C,C085,section_heading,模型求解,模型求解,3,8,0.904405,0-1@p1 -> 整数规划@p1 -> TOPSIS@p1 -> ODE@p28 -> RNN@p54,连接词=首先:6、其次:2、说明:4、相比:1、因此:6；页行中位数=40.0；段落候选中位数=3.5；图表候选=15；公式行候选=603；标题候选=88,用基于动态权重的离散化贪心和动态规划算法求解并分析实施效果。,变量，以最小化每周运输损耗为上层规划的优化目标，以最小化每周原材料订购成本为 / 下层规划的优化目标建立双层随机规划模型。注意一家转运商可能不够的情况。最后利 / 用基于动态权重的离散化贪心和动态规划算法求解并分析实施效果。 / 2.3问题三的分析 / 基于问题二的决策变量，以较多采购A类、较少采购C类原材料和减少转运商的转,2021/C085.pdf#page=3:line=8
2021,C,C085,section_heading,结果分析,结果分析,7,25,0.931631,0-1@p1 -> 整数规划@p1 -> TOPSIS@p1 -> ODE@p28 -> RNN@p54,连接词=首先:6、其次:2、说明:4、相比:1、因此:6；页行中位数=40.0；段落候选中位数=3.5；图表候选=15；公式行候选=603；标题候选=88,5.1.4 $H#QSK-TOPS1S 模型 的 求解 与 结果 分 析,"values = rj + Hae + 33 + Tad, (5-2-5) / 其 中 waluej 表 示 第 1 家 供应 商 得 分 ， 得 分 越 高 ， 对 应 的 供应 商 越 重要 。 / 5.1.4 $H#QSK-TOPS1S 模型 的 求解 与 结果 分 析 / 1、 确 定 权 重 / 本 文 将 4 种 指标 作为 评价 标准 对 402 SEM PEAT SEEMS PO), HOHE RAL",2021/C085.pdf#page=7:line=25
2021,C,C085,section_heading,灵敏度分析,灵敏度分析,22,12,0.926529,0-1@p1 -> 整数规划@p1 -> TOPSIS@p1 -> ODE@p28 -> RNN@p54,连接词=首先:6、其次:2、说明:4、相比:1、因此:6；页行中位数=40.0；段落候选中位数=3.5；图表候选=15；公式行候选=603；标题候选=88,灵敏 度 分 析,考虑 转运 损耗 则 期 望 最 高 产能 为 31781 x (1 — 1.374294%) = 31344m3 / 六 、 模 型 的 评价 与 改进 / 灵敏 度 分 析 / 设置 参数 Imdl 和 lmdr 表示 考虑 前 后 周 的 界限 ， 即 对 第 i 周 ， 从 i+lmdl( 非 正 数 ) 考 虑 / 到 i+lmdr 周 ， 判 断 这 个 范围 内 能 够 规划 材料 能 否 满足 本 周 的 产能 。-3 则 为 [-3.0]，2 则,2021/C085.pdf#page=22:line=12
2021,C,C085,section_heading,模型评价,模型评价,22,11,0.96516,0-1@p1 -> 整数规划@p1 -> TOPSIS@p1 -> ODE@p28 -> RNN@p54,连接词=首先:6、其次:2、说明:4、相比:1、因此:6；页行中位数=40.0；段落候选中位数=3.5；图表候选=15；公式行候选=603；标题候选=88,六 、 模 型 的 评价 与 改进,动 较 大 ， 其 他 时 刻 产 能 提高 率 较为 平稳 ， 整 体 产 能 提高 率 的 均值 为 12.7%， 结 果 较 优 。 / 考虑 转运 损耗 则 期 望 最 高 产能 为 31781 x (1 — 1.374294%) = 31344m3 / 六 、 模 型 的 评价 与 改进 / 灵敏 度 分 析 / 设置 参数 Imdl 和 lmdr 表示 考虑 前 后 周 的 界限 ， 即 对 第 i 周 ， 从 i+lmdl( 非 正 数 ) 考 虑,2021/C085.pdf#page=22:line=11
2021,C,C085,section_heading,参考文献,参考文献,23,15,0.929848,0-1@p1 -> 整数规划@p1 -> TOPSIS@p1 -> ODE@p28 -> RNN@p54,连接词=首先:6、其次:2、说明:4、相比:1、因此:6；页行中位数=40.0；段落候选中位数=3.5；图表候选=15；公式行候选=603；标题候选=88,七 、 参 考 文献,"由 此 可 以 判断 提早 准备 对 产能 提高 的 效果 更 好 。 但 比较 同时 前 后 看 1 周 ， 和 只 向 前 或 者 / 向 后 看 1 周 的 结果 ， 发 现 同 时 规划 前 后 几 周 对 产能 提高 存在 更 为 明显 的 效果 。 / 七 、 参 考 文献 / (1) & BR. 基于 焙 权 法 TOPSIS 模型 的 房地产 企业 财务 风险 评估 [机 .中 国 市 / 场 , 2021, {4} (16) :156-159+171.",2021/C085.pdf#page=23:line=15
2021,C,C085,section_heading,附录,附录,28,1,0.791801,0-1@p1 -> 整数规划@p1 -> TOPSIS@p1 -> ODE@p28 -> RNN@p54,连接词=首先:6、其次:2、说明:4、相比:1、因此:6；页行中位数=40.0；段落候选中位数=3.5；图表候选=15；公式行候选=603；标题候选=88,附录2data.py,附录2data.py / 介绍：处理附件1近5年402家供应商的相关数据xlsx文件，生成ACB各自每周的订货和供货 / 表格订货量.xlsx和供货量.xlsx,2021/C085.pdf#page=28:line=1
2021,C,C169,paper_overview,,论文总览,1,1,0.910518,0-1@p1 -> 多目标@p1 -> 整数规划@p1 -> 粒子群@p1 -> 线性规划@p1 -> 遗传算法@p2 -> MOPSO@p24 -> VAR@p31,连接词=首先:4、其次:1、进一步:1、由此:2、可知:2、表明:2、说明:8、相比:1、为了:12、从而:7、因此:8；页行中位数=38；段落候选中位数=5；图表候选=10；公式行候选=654；标题候选=148,基于优化算法的企业原材料订购与运输规划模型,基于优化算法的企业原材料订购与运输规划模型 / 摘要 / 为保障生产企业持续稳定发展，本文建立了综合评价模型帮助企业筛选高质量合,2021/C169.pdf#page=1:line=1
2021,C,C169,section_heading,摘要,摘要,1,2,0.66639,0-1@p1 -> 多目标@p1 -> 整数规划@p1 -> 粒子群@p1 -> 线性规划@p1 -> 遗传算法@p2 -> MOPSO@p24 -> VAR@p31,连接词=首先:4、其次:1、进一步:1、由此:2、可知:2、表明:2、说明:8、相比:1、为了:12、从而:7、因此:8；页行中位数=38；段落候选中位数=5；图表候选=10；公式行候选=654；标题候选=148,摘要,基于优化算法的企业原材料订购与运输规划模型 / 摘要 / 为保障生产企业持续稳定发展，本文建立了综合评价模型帮助企业筛选高质量合 / 作供应商，并根据企业生产需求和供应商、转运商实际情况制定未来半年的订购和运,2021/C169.pdf#page=1:line=2
2021,C,C169,section_heading,问题重述,问题重述,2,1,0.806615,0-1@p1 -> 多目标@p1 -> 整数规划@p1 -> 粒子群@p1 -> 线性规划@p1 -> 遗传算法@p2 -> MOPSO@p24 -> VAR@p31,连接词=首先:4、其次:1、进一步:1、由此:2、可知:2、表明:2、说明:8、相比:1、为了:12、从而:7、因此:8；页行中位数=38；段落候选中位数=5；图表候选=10；公式行候选=654；标题候选=148,一、问题重述,一、问题重述 / 某建筑和装饰板材的生产企业使用的原材料总体分为A、B、C三类，每立方米产 / 品消耗A、B、C类原材料分别为0.6、0.66、0.72立方米。这三类原材料的采购单价,2021/C169.pdf#page=2:line=1
2021,C,C169,section_heading,问题分析,问题分析,2,22,0.819497,0-1@p1 -> 多目标@p1 -> 整数规划@p1 -> 粒子群@p1 -> 线性规划@p1 -> 遗传算法@p2 -> MOPSO@p24 -> VAR@p31,连接词=首先:4、其次:1、进一步:1、由此:2、可知:2、表明:2、说明:8、相比:1、为了:12、从而:7、因此:8；页行中位数=38；段落候选中位数=5；图表候选=10；公式行候选=654；标题候选=148,二、问题分析,4、在已知企业的产能可提高的前提下，根据现有原材料供应商和转运商的实际情 / 况，确定每周的产能可以提高多少，并给出未来24周的订购和转运方案。 / 二、问题分析 / 某建筑和装饰板材的生产企业所用原材料总体分为A、B、C三种类型，企业会根 / 据产能要求和库存量提前确定24周每周的原材料供应商和每周的订购数量，并确定,2021/C169.pdf#page=2:line=22
2021,C,C169,section_heading,符号说明,符号说明,4,5,0.929956,0-1@p1 -> 多目标@p1 -> 整数规划@p1 -> 粒子群@p1 -> 线性规划@p1 -> 遗传算法@p2 -> MOPSO@p24 -> VAR@p31,连接词=首先:4、其次:1、进一步:1、由此:2、可知:2、表明:2、说明:8、相比:1、为了:12、从而:7、因此:8；页行中位数=38；段落候选中位数=5；图表候选=10；公式行候选=654；标题候选=148,四 、 符 号 说 明,7. 假设 在 企业 通过 技术 改造 具备 了 提高 产能 的 潜力 时 ， 此 时 由 制定 的 订购 和 转运 / 方案 使 原材料 接受 量 增 大 ， 认 为 此 时 该 生产 企业 的 产能 与 接受 量 相 匹 配 。 / 四 、 符 号 说 明 / 表 1 符号 说 明 / 符号 说 明,2021/C169.pdf#page=4:line=5
2021,C,C169,section_heading,模型建立,模型建立,4,17,0.946052,0-1@p1 -> 多目标@p1 -> 整数规划@p1 -> 粒子群@p1 -> 线性规划@p1 -> 遗传算法@p2 -> MOPSO@p24 -> VAR@p31,连接词=首先:4、其次:1、进一步:1、由此:2、可知:2、表明:2、说明:8、相比:1、为了:12、从而:7、因此:8；页行中位数=38；段落候选中位数=5；图表候选=10；公式行候选=654；标题候选=148,五 、 问 题 一 的 模型 建立 与 求解,L 损耗 率 / 转运 量 / 五 、 问 题 一 的 模型 建立 与 求解 / 5.1 基于 投影 寻 踪 法 的 供 货 能 力 评价 模型 的 建立 / 要 求 建立 一 套 能 够 反映 保障 企业 生产 重要 性 的 数学 模型 ， 在 此 基础 上 确定 50,2021/C169.pdf#page=4:line=17
2021,C,C169,section_heading,模型求解,模型求解,1,30,0.943569,0-1@p1 -> 多目标@p1 -> 整数规划@p1 -> 粒子群@p1 -> 线性规划@p1 -> 遗传算法@p2 -> MOPSO@p24 -> VAR@p31,连接词=首先:4、其次:1、进一步:1、由此:2、可知:2、表明:2、说明:8、相比:1、为了:12、从而:7、因此:8；页行中位数=38；段落候选中位数=5；图表候选=10；公式行候选=654；标题候选=148,后周供货量的相互影响等约束条件，建立线性规划模型。模型求解结果显示每周运输,针对问题四，通过分析得知该企业每周的产能可以提高多少取决于每周收到的原 / 材料的等效产能，故以该等效产能最大为目标函数，综合考虑运输总量，供货量，前 / 后周供货量的相互影响等约束条件，建立线性规划模型。模型求解结果显示每周运输 / 总量都约为最大运输量，即该企业产能的提升主要受到现有转运商实际情况的限制， / 最终得到该企业平均最大原材料等效产能为73944立方米，所以该企业产能可以提升,2021/C169.pdf#page=1:line=30
2021,C,C169,section_heading,结果分析,结果分析,1,30,0.943569,0-1@p1 -> 多目标@p1 -> 整数规划@p1 -> 粒子群@p1 -> 线性规划@p1 -> 遗传算法@p2 -> MOPSO@p24 -> VAR@p31,连接词=首先:4、其次:1、进一步:1、由此:2、可知:2、表明:2、说明:8、相比:1、为了:12、从而:7、因此:8；页行中位数=38；段落候选中位数=5；图表候选=10；公式行候选=654；标题候选=148,后周供货量的相互影响等约束条件，建立线性规划模型。模型求解结果显示每周运输,针对问题四，通过分析得知该企业每周的产能可以提高多少取决于每周收到的原 / 材料的等效产能，故以该等效产能最大为目标函数，综合考虑运输总量，供货量，前 / 后周供货量的相互影响等约束条件，建立线性规划模型。模型求解结果显示每周运输 / 总量都约为最大运输量，即该企业产能的提升主要受到现有转运商实际情况的限制， / 最终得到该企业平均最大原材料等效产能为73944立方米，所以该企业产能可以提升,2021/C169.pdf#page=1:line=30
2021,C,C169,section_heading,附录,附录,27,21,0.922663,0-1@p1 -> 多目标@p1 -> 整数规划@p1 -> 粒子群@p1 -> 线性规划@p1 -> 遗传算法@p2 -> MOPSO@p24 -> VAR@p31,连接词=首先:4、其次:1、进一步:1、由此:2、可知:2、表明:2、说明:8、相比:1、为了:12、从而:7、因此:8；页行中位数=38；段落候选中位数=5；图表候选=10；公式行候选=654；标题候选=148,结果 详 见 附录 B。,k=1 / 74 基于 线性 规划 的 新 转运 方案 模型 的 求解 / 结果 详 见 附录 B。 / 八 、 问 题 四 的 模型 建立 与 求解 / 8.1 基于 线性 规划 的 产能 模型 的 建立,2021/C169.pdf#page=27:line=21
2021,C,C283,paper_overview,,论文总览,1,1,0.922107,多目标@p1 -> 层次分析@p8 -> VAR@p44,连接词=首先:9、进一步:1、可知:3、表明:3、说明:2、验证:3、相比:1、为了:2、因此:1；页行中位数=41.5；段落候选中位数=3.0；图表候选=8；公式行候选=488；标题候选=91,双目标贪心优化下的企业原料订购运输方案,双目标贪心优化下的企业原料订购运输方案 / 摘要 / 生产企业的原料订购与运输计刻受采购成本、运输损耗、原料类型等各种因素影响，且部分特征与,2021/C283.pdf#page=1:line=1
2021,C,C283,section_heading,摘要,摘要,1,2,0.650637,多目标@p1 -> 层次分析@p8 -> VAR@p44,连接词=首先:9、进一步:1、可知:3、表明:3、说明:2、验证:3、相比:1、为了:2、因此:1；页行中位数=41.5；段落候选中位数=3.0；图表候选=8；公式行候选=488；标题候选=91,摘要,双目标贪心优化下的企业原料订购运输方案 / 摘要 / 生产企业的原料订购与运输计刻受采购成本、运输损耗、原料类型等各种因素影响，且部分特征与 / 时间相关，本文基于某企业所需三种原料属性与多家原料供应商、原料转运商的历史交易信息，建立存,2021/C283.pdf#page=1:line=2
2021,C,C283,section_heading,问题重述,问题重述,2,2,0.853635,多目标@p1 -> 层次分析@p8 -> VAR@p44,连接词=首先:9、进一步:1、可知:3、表明:3、说明:2、验证:3、相比:1、为了:2、因此:1；页行中位数=41.5；段落候选中位数=3.0；图表候选=8；公式行候选=488；标题候选=91,1 问题 重 述,2 / 1 问题 重 述 / 1.1 问题 背景 / 已 知 某 建 筑 板 材 生 产 企业 需要 对 自身 产能 原料 的 订购 与 运输 进行 未 来 24 周 的 计划 ， 使 得 任何,2021/C283.pdf#page=2:line=2
2021,C,C283,section_heading,问题分析,问题分析,4,26,0.904758,多目标@p1 -> 层次分析@p8 -> VAR@p44,连接词=首先:9、进一步:1、可知:3、表明:3、说明:2、验证:3、相比:1、为了:2、因此:1；页行中位数=41.5；段落候选中位数=3.0；图表候选=8；公式行候选=488；标题候选=91,4 问题 分 析,H2: 行 号 说 明 表 / TE: 表 中 未 出 现 的 符 导 在 文中 均 有 详细 说 明 。 / 4 问题 分 析 / 4.1 问题 一 的 分 析 / 该 间 主 要 对 402 家 供 货 商 的 情况 进行 整体 评价 分 析 ， 以 便于 后 续 方 案 的 建 模 与 求解 评价 分 析,2021/C283.pdf#page=4:line=26
2021,C,C283,section_heading,符号说明,符号说明,4,2,0.834941,多目标@p1 -> 层次分析@p8 -> VAR@p44,连接词=首先:9、进一步:1、可知:3、表明:3、说明:2、验证:3、相比:1、为了:2、因此:1；页行中位数=41.5；段落候选中位数=3.0；图表候选=8；公式行候选=488；标题候选=91,3 符号 说 明,4 / 3 符号 说 明 / 符号 | 人 久 X 说 明 | 单位 / k PRR (1 < k < 24) 次 序,2021/C283.pdf#page=4:line=2
2021,C,C283,section_heading,模型建立,模型建立,12,10,0.922039,多目标@p1 -> 层次分析@p8 -> VAR@p44,连接词=首先:9、进一步:1、可知:3、表明:3、说明:2、验证:3、相比:1、为了:2、因此:1；页行中位数=41.5；段落候选中位数=3.0；图表候选=8；公式行候选=488；标题候选=91,6.1 模型 建立,图 4: HS SRA ek / 6 问题 二 中 贪心 算法 求解 双 目 标 优化 问题 / 6.1 模型 建立 / 在 分 析 中 我 们 指出 ， 这 一 问 的 模型 包含 多 个 部 分 : 内 层 的 经 济 进货 存 星 模型， 外 层 的 双 目 标定 / 量规 划 问题 ， 以 及 问题 一 中 求 得 的 供应 商 模型 。 以 下 对 这 几 个子 模 型 分 别 进行 建 模 与 解说 。,2021/C283.pdf#page=12:line=10
2021,C,C283,section_heading,模型求解,模型求解,1,23,0.927293,多目标@p1 -> 层次分析@p8 -> VAR@p44,连接词=首先:9、进一步:1、可知:3、表明:3、说明:2、验证:3、相比:1、为了:2、因此:1；页行中位数=41.5；段落候选中位数=3.0；图表候选=8；公式行候选=488；标题候选=91,在原负心算法中添加定向筛选环节，提高对C类原料的动态排斥度。应用新模型求解，得A类/C类,针对间题三，以压缩存储成本为目标，对第二问模型进行定向权重重排筛选操作，首先论证存储成 / 分，指定重判权重：A类1.05，B类1，C类0.95，处理原评分得到新体系下供应商评分及排序。另外 / 在原负心算法中添加定向筛选环节，提高对C类原料的动态排斥度。应用新模型求解，得A类/C类 / 周供应量比值为7.34，平均转运损耗为72.73单位/周，验证了推论方向的正确性，并给出了具体供货 / 量与商家匹配决策方案。,2021/C283.pdf#page=1:line=23
2021,C,C283,section_heading,结果分析,结果分析,18,17,0.923992,多目标@p1 -> 层次分析@p8 -> VAR@p44,连接词=首先:9、进一步:1、可知:3、表明:3、说明:2、验证:3、相比:1、为了:2、因此:1；页行中位数=41.5；段落候选中位数=3.0；图表候选=8；公式行候选=488；标题候选=91,(一 ) 结果 分 析,"ial { No Dp), if Dy +15 < 2500 wrens / 6.3 方案 的 实施 效果 分 析 / (一 ) 结果 分 析 / 取 定 进货 参数 为 1.5， 分 别 对 四 个 关键 式 进行 实验 ， 求 得 结果 分 别 如 下 5: / PHBA, SABER LARK, WAR D 进货 成 本 略 高 于 AL, C, ATED)",2021/C283.pdf#page=18:line=17
2021,C,C283,section_heading,灵敏度分析,灵敏度分析,18,20,0.920241,多目标@p1 -> 层次分析@p8 -> VAR@p44,连接词=首先:9、进一步:1、可知:3、表明:3、说明:2、验证:3、相比:1、为了:2、因此:1；页行中位数=41.5；段落候选中位数=3.0；图表候选=8；公式行候选=488；标题候选=91,始 阶 段 刚刚 满足 约束 条 件 ， 稳 健 性 不 强 ; 公式 A 与 C 的 结果 均 较 为 可 观 且 相 接近 ， 但 公式 C 的 定,"取 定 进货 参数 为 1.5， 分 别 对 四 个 关键 式 进行 实验 ， 求 得 结果 分 别 如 下 5: / PHBA, SABER LARK, WAR D 进货 成 本 略 高 于 AL, C, ATED) / 始 阶 段 刚刚 满足 约束 条 件 ， 稳 健 性 不 强 ; 公式 A 与 C 的 结果 均 较 为 可 观 且 相 接近 ， 但 公式 C 的 定 / 义 更 加 上 贴 合 实际 ， 故 最 终 选 择 公 式 C 为 关键 式 。 / 基于 此 方案 ， 多 次 实验 求 得 相关 目标 值 。 选 取 频 率 较 高 旦 目标 较 优 的 典型 代表 方案 ， 将 方案 列",2021/C283.pdf#page=18:line=20
2021,C,C283,section_heading,模型评价,模型评价,26,17,0.807496,多目标@p1 -> 层次分析@p8 -> VAR@p44,连接词=首先:9、进一步:1、可知:3、表明:3、说明:2、验证:3、相比:1、为了:2、因此:1；页行中位数=41.5；段落候选中位数=3.0；图表候选=8；公式行候选=488；标题候选=91,9 模型 评价,"提升 了 53% 的 收益 。 每 周平 均 获得 产能 为 43667， 即 在 基本 维持 未 来 两 局 消耗 需求 的 约束 下 ,库存 / 量 也 将 逐渐 上 升 / 9 模型 评价 / 9.1 优点 分 析 / (一 ) 多 种 评价 指标 方式 协同 确定",2021/C283.pdf#page=26:line=17
2021,C,C283,section_heading,参考文献,参考文献,4,33,0.927945,多目标@p1 -> 层次分析@p8 -> VAR@p44,连接词=首先:9、进一步:1、可知:3、表明:3、说明:2、验证:3、相比:1、为了:2、因此:1；页行中位数=41.5；段落候选中位数=3.0；图表候选=8；公式行候选=488；标题候选=91,构建 供 货 特征 评价 指标 ， 对 预 各 供 货 商 集 进行 量化 分 析 。 此 处 的 指标 评定 参考 文献 并 结合 该 数,过 少 ， 难 以 在 忽略 偶然 因素 的 影响 下 确定 其 供 货 特点 ， 故 对 其 进行 排除 。 该 合格 指标 可 通过 订单 数 / 量 、 总 订货 量 等 等 进行 判断 。 / 构建 供 货 特征 评价 指标 ， 对 预 各 供 货 商 集 进行 量化 分 析 。 此 处 的 指标 评定 参考 文献 并 结合 该 数 / 据 集 分 析 进 行 构建 。 根 据 历 史 订 单 情 况 给 每 个 供 货 商 打 分 ， 并 且 引 入 层次 分 析 法 、 入 权 法 等 打分 式 / DR,2021/C283.pdf#page=4:line=33
2021,C,C283,section_heading,附录,附录,9,23,0.916533,多目标@p1 -> 层次分析@p8 -> VAR@p44,连接词=首先:9、进一步:1、可知:3、表明:3、说明:2、验证:3、相比:1、为了:2、因此:1；页行中位数=41.5；段落候选中位数=3.0；图表候选=8；公式行候选=488；标题候选=91,标 ， 便 于 观察 。 具 体 见 附录 A.,"除 此 以 外 ， 求 出 9 个 指标 对 应 的 值 。 注 意 到 指标 中 供 货 量 方差 几 9 、 供 货 波动 性 £O 、 交 货 准 / FAME ? 是 极 小 型 指标 其 余 是 极 大 型 指标 ,分 别 用 不 同 的 方法 将 它们 标准 化 , 并 且 均 化 为 极 大 型 指 / 标 ， 便 于 观察 。 具 体 见 附录 A. / 5.2.2 ”供应 商 重 要 性 的 评价 与 分 析 / 首先 ， 运 用 SPSSAU 求 出 各 指标 权重 ， 如 下 图 3 蓝 字 所 示 。 蔷 如 “供给 弹性 ”指标 ， 它 在 评价",2021/C283.pdf#page=9:line=23
2022,A,A001,paper_overview,,论文总览,1,1,0.870081,微分方程@p1 -> 龙格库塔@p1 -> 遗传算法@p1 -> ODE@p6 -> NSGA@p29,连接词=首先:2、其次:2、进一步:2、可知:1、说明:2、验证:2、为了:1、从而:1、因此:2；页行中位数=30；段落候选中位数=6；图表候选=9；公式行候选=392；标题候选=61,波浪能装置输出功率优化设计,波浪能装置输出功率优化设计 / 摘要 / 本文在求波浪能最天输出功率设计中，通过受力分析，建立了浮子和振子的垂荡和,2022/A001.pdf#page=1:line=1
2022,A,A001,section_heading,摘要,摘要,1,2,0.529089,微分方程@p1 -> 龙格库塔@p1 -> 遗传算法@p1 -> ODE@p6 -> NSGA@p29,连接词=首先:2、其次:2、进一步:2、可知:1、说明:2、验证:2、为了:1、从而:1、因此:2；页行中位数=30；段落候选中位数=6；图表候选=9；公式行候选=392；标题候选=61,摘要,波浪能装置输出功率优化设计 / 摘要 / 本文在求波浪能最天输出功率设计中，通过受力分析，建立了浮子和振子的垂荡和 / 纵摇运动模型，并通过四阶龙格库塔算法将建立的连续微分方程离散化处理，递推求出,2022/A001.pdf#page=1:line=2
2022,A,A001,section_heading,问题重述,问题重述,2,1,0.800147,微分方程@p1 -> 龙格库塔@p1 -> 遗传算法@p1 -> ODE@p6 -> NSGA@p29,连接词=首先:2、其次:2、进一步:2、可知:1、说明:2、验证:2、为了:1、从而:1、因此:2；页行中位数=30；段落候选中位数=6；图表候选=9；公式行候选=392；标题候选=61,一、问题重述,一、问题重述 / 波浪能在我国作为一种新兴的海洋清洁可再生能源，在中国未来能源结构中的作用 / 不可小靓。发展波浪能是国家能源发展战略的必然要求。[1],2022/A001.pdf#page=2:line=1
2022,A,A001,section_heading,问题分析,问题分析,2,26,0.824693,微分方程@p1 -> 龙格库塔@p1 -> 遗传算法@p1 -> ODE@p6 -> NSGA@p29,连接词=首先:2、其次:2、进一步:2、可知:1、说明:2、验证:2、为了:1、从而:1、因此:2；页行中位数=30；段落候选中位数=6；图表候选=9；公式行候选=392；标题候选=61,二、问题分析,"器和旋转阻尼器的阻尼系数的取值范围均为[0,100000]、波浪频率为1.9806-1s时，振 / 荡浮子式波浪能发电装置的最大输出功率及相应的最优阻尼系数。 / 二、问题分析 / 2.1问题一分析： / 大学生在线",2022/A001.pdf#page=2:line=26
2022,A,A001,section_heading,模型假设,模型假设,3,18,0.852384,微分方程@p1 -> 龙格库塔@p1 -> 遗传算法@p1 -> ODE@p6 -> NSGA@p29,连接词=首先:2、其次:2、进一步:2、可知:1、说明:2、验证:2、为了:1、从而:1、因此:2；页行中位数=30；段落候选中位数=6；图表候选=9；公式行候选=392；标题候选=61,三、模型假设,龙格塔库法粗略寻优后，采用遗传算法快速求解得到最天输出功率和相应的最优阻尼系 / 数。 / 三、模型假设 / 1.由于作用于浮子的波浪为线性周期微幅波，忽略波面的升高 / 2.流场内海水是理想流体，无粘、无旋、不可压缩。,2022/A001.pdf#page=3:line=18
2022,A,A001,section_heading,符号说明,符号说明,4,1,0.92877,微分方程@p1 -> 龙格库塔@p1 -> 遗传算法@p1 -> ODE@p6 -> NSGA@p29,连接词=首先:2、其次:2、进一步:2、可知:1、说明:2、验证:2、为了:1、从而:1、因此:2；页行中位数=30；段落候选中位数=6；图表候选=9；公式行候选=392；标题候选=61,四 、 符 号 说 明,四 、 符 号 说 明 / 符号 意义 单位 / Ch 直线 阻尼 系数 N-s/m,2022/A001.pdf#page=4:line=1
2022,A,A001,section_heading,模型建立,模型建立,5,1,0.814656,微分方程@p1 -> 龙格库塔@p1 -> 遗传算法@p1 -> ODE@p6 -> NSGA@p29,连接词=首先:2、其次:2、进一步:2、可知:1、说明:2、验证:2、为了:1、从而:1、因此:2；页行中位数=30；段落候选中位数=6；图表候选=9；公式行候选=392；标题候选=61,五、模型建立与求解,五、模型建立与求解 / 5.1问题一模型建立与求解 / 5.1.1坐标系的选取,2022/A001.pdf#page=5:line=1
2022,A,A001,section_heading,模型求解,模型求解,1,28,0.935133,微分方程@p1 -> 龙格库塔@p1 -> 遗传算法@p1 -> ODE@p6 -> NSGA@p29,连接词=首先:2、其次:2、进一步:2、可知:1、说明:2、验证:2、为了:1、从而:1、因此:2；页行中位数=30；段落候选中位数=6；图表候选=9；公式行候选=392；标题候选=61,需数值可由垂荡、纵摇运动模型得出。最后，采用遗传搜索算法求解，确定最大平均输,均输出功率最大为目标的单目标优化模型。为求解该积分函数，对连续功率函数进行与 / 问题二相同的离散化处理，且选取100s后的稳定状态作为区间求出平均输出功率，所 / 需数值可由垂荡、纵摇运动模型得出。最后，采用遗传搜索算法求解，确定最大平均输 / 出功率为316.5807w，最优直线阻尼系数为58944，最优旋转阻尼系数为98227。 / 关键字：振荡浮子式波浪能发电装置垂荡纵摇四阶龙格塔库法遗传搜索算法,2022/A001.pdf#page=1:line=28
2022,A,A001,section_heading,结果分析,结果分析,8,13,0.928197,微分方程@p1 -> 龙格库塔@p1 -> 遗传算法@p1 -> ODE@p6 -> NSGA@p29,连接词=首先:2、其次:2、进一步:2、可知:1、说明:2、验证:2、为了:1、从而:1、因此:2；页行中位数=30；段落候选中位数=6；图表候选=9；公式行候选=392；标题候选=61,s.1.4 求 解 过 程 及 结果 分 析,"ult) 为 浮子 的 位 移 的 导数 即 为 浮子 速度 , 同 理 知 人 为 振子 速度 ， 取 其 中 以 0.02s 为 间 / 隔 的 时 刻 对 应 的 值 ， 保 存 到 结果 中 。 / s.1.4 求 解 过 程 及 结果 分 析 / 1. 题 1.(1) 求解 结果 及 分 析 : / 15",2022/A001.pdf#page=8:line=13
2022,A,A001,section_heading,模型检验,模型检验,1,7,0.873853,微分方程@p1 -> 龙格库塔@p1 -> 遗传算法@p1 -> ODE@p6 -> NSGA@p29,连接词=首先:2、其次:2、进一步:2、可知:1、说明:2、验证:2、为了:1、从而:1、因此:2；页行中位数=30；段落候选中位数=6；图表候选=9；公式行候选=392；标题候选=61,数，并对模型进行了检验和误差分析。,了相应时间内浮子和振子的垂荡纵摇运动情况。同时对功率的积分函数值以微小步长为 / 底的梯形面积替代，通过遗传算法搜索参数，求出了最天输出功率和租应的最优阻尼系 / 数，并对模型进行了检验和误差分析。 / 针对问题一：首先，基于对坐标系灵活选取，通过牛顿第二定律，建立浮子和掠子 / 相互作用的垂荡运动模型。其次，根据模型及初始运动状态确定了垂荡运动的二元二阶,2022/A001.pdf#page=1:line=7
2022,A,A001,section_heading,改进方案,改进方案,22,16,0.961803,微分方程@p1 -> 龙格库塔@p1 -> 遗传算法@p1 -> ODE@p6 -> NSGA@p29,连接词=首先:2、其次:2、进一步:2、可知:1、说明:2、验证:2、为了:1、从而:1、因此:2；页行中位数=30；段落候选中位数=6；图表候选=9；公式行候选=392；标题候选=61,7.3 模型 推广 与 改进,"实际 运动 过 程 中 ， 物 体 静 水 恢复 力 等 受 力 情况 更 加 复杂 ， 垂 荡 和 纵 揭 两 个 自由 度 的 / 运动 会 发 生 耦 合 ， 互 相 影响 运动 状态 。 / 7.3 模型 推广 与 改进 / 本 文 较 完整 地 分 析 了 振 萝 浮子 式 波浪 能 发 电 装置 中 浮子 和 振子 的 垂 萝 运 动 和 纵 摇 / 运动 过 程 ， 综 合 考虑 了 多 种 可 能 对 波浪 能 发 电 装 置 产生 影响 的 因素 , HT MRE",2022/A001.pdf#page=22:line=16
2022,A,A001,section_heading,参考文献,参考文献,23,1,0.798807,微分方程@p1 -> 龙格库塔@p1 -> 遗传算法@p1 -> ODE@p6 -> NSGA@p29,连接词=首先:2、其次:2、进一步:2、可知:1、说明:2、验证:2、为了:1、从而:1、因此:2；页行中位数=30；段落候选中位数=6；图表候选=9；公式行候选=392；标题候选=61,参考文献,"参考文献 / [1]张亚群，盛松伟游亚戈，王坤林,王振鹏.波浪能发电技术应用发展现状及方向[]].新 / 能源进展,2019,7(04)：374-378",2022/A001.pdf#page=23:line=1
2022,A,A001,section_heading,附录,附录,24,1,0.72959,微分方程@p1 -> 龙格库塔@p1 -> 遗传算法@p1 -> ODE@p6 -> NSGA@p29,连接词=首先:2、其次:2、进一步:2、可知:1、说明:2、验证:2、为了:1、从而:1、因此:2；页行中位数=30；段落候选中位数=6；图表候选=9；公式行候选=392；标题候选=61,附录A,附录A / 问题一 / %第一小间,2022/A001.pdf#page=24:line=1
2022,A,A022,paper_overview,,论文总览,1,1,0.883824,ODE@p1 -> 微分方程@p1 -> 0-1@p3,连接词=首先:6、由此:1、可知:2、验证:1、从而:2、因此:7；页行中位数=33.0；段落候选中位数=5.5；图表候选=11；公式行候选=282；标题候选=289,波浪能装置输出功率最大化模型,波浪能装置输出功率最大化模型 / 摘要 / 本文从分析波浪能装置在海水中垂荡和纵摇运动出发，通过分别对浮子和振子进行受,2022/A022.pdf#page=1:line=1
2022,A,A022,section_heading,摘要,摘要,1,2,0.666209,ODE@p1 -> 微分方程@p1 -> 0-1@p3,连接词=首先:6、由此:1、可知:2、验证:1、从而:2、因此:7；页行中位数=33.0；段落候选中位数=5.5；图表候选=11；公式行候选=282；标题候选=289,摘要,波浪能装置输出功率最大化模型 / 摘要 / 本文从分析波浪能装置在海水中垂荡和纵摇运动出发，通过分别对浮子和振子进行受 / 力分析、建立微分方程，获得了浮子和振子从静止到进行垂荡和纵摇运动各时刻的运动状,2022/A022.pdf#page=1:line=2
2022,A,A022,section_heading,问题重述,问题重述,2,1,0.839576,ODE@p1 -> 微分方程@p1 -> 0-1@p3,连接词=首先:6、由此:1、可知:2、验证:1、从而:2、因此:7；页行中位数=33.0；段落候选中位数=5.5；图表候选=11；公式行候选=282；标题候选=289,一、问题重述,一、问题重述 / 1.1问题背景 / 当今全球化石燃料日益枯竭，环境问题也日益严重。波浪能具有可再生、储量多、易,2022/A022.pdf#page=2:line=1
2022,A,A022,section_heading,问题分析,问题分析,3,1,0.798547,ODE@p1 -> 微分方程@p1 -> 0-1@p3,连接词=首先:6、由此:1、可知:2、验证:1、从而:2、因此:7；页行中位数=33.0；段落候选中位数=5.5；图表候选=11；公式行候选=282；标题候选=289,二、问题分析,二、问题分析 / 本文主要解决的是一种波浪能装置的能量转化效率最优化问题。问题一、问题二要解 / 决的是在该装置只做垂荡运动时浮子与振子的运动状况以及如何确定最优的阻尼系数使得,2022/A022.pdf#page=3:line=1
2022,A,A022,section_heading,模型假设,模型假设,4,1,0.931776,ODE@p1 -> 微分方程@p1 -> 0-1@p3,连接词=首先:6、由此:1、可知:2、验证:1、从而:2、因此:7；页行中位数=33.0；段落候选中位数=5.5；图表候选=11；公式行候选=282；标题候选=289,三 、 模 型 假设,三 、 模 型 假设 / 1. 假设 海水 是 无 粘 且 无 旋 的 ; / 2. 底座 、 中 轴 、 隔 层 、PTO 的 质量 与 所 有 的 摩擦 不 计 ;,2022/A022.pdf#page=4:line=1
2022,A,A022,section_heading,符号说明,符号说明,4,11,0.929005,ODE@p1 -> 微分方程@p1 -> 0-1@p3,连接词=首先:6、由此:1、可知:2、验证:1、从而:2、因此:7；页行中位数=33.0；段落候选中位数=5.5；图表候选=11；公式行候选=282；标题候选=289,、 符 号 说 明,7. 在 解决 问题 三 时 ， 相 比 于 浮子 的 垂 荡 运动 ， 振 子 与 浮子 的 垂 荡 运动 的 相对 位 移 可 视 为 小 / 5 sacs. So Pe ncaa to / 、 符 号 说 明 / 符号 意义 单位 / my 浮子 质量 ke,2022/A022.pdf#page=4:line=11
2022,A,A022,section_heading,模型建立,模型建立,5,22,0.824887,ODE@p1 -> 微分方程@p1 -> 0-1@p3,连接词=首先:6、由此:1、可知:2、验证:1、从而:2、因此:7；页行中位数=33.0；段落候选中位数=5.5；图表候选=11；公式行候选=282；标题候选=289,五、模型建立与求解,h3 / 初始状态浮子和振子二者质心距转轴的距离 / 五、模型建立与求解 / 5.1问题一模型的建立与求解 / 5.1.1模型的建立,2022/A022.pdf#page=5:line=22
2022,A,A022,section_heading,模型求解,模型求解,6,12,0.928358,ODE@p1 -> 微分方程@p1 -> 0-1@p3,连接词=首先:6、由此:1、可知:2、验证:1、从而:2、因此:7；页行中位数=33.0；段落候选中位数=5.5；图表候选=11；公式行候选=282；标题候选=289,S.1.2 第 一 小 问 模型 的 求解 〈 阻 尼 系 数 固定 时 ),对 以 上 两 组 方程 分 别 求解 即 可 得 到 浮子 与 振子 位 移 和 速度 随时 间 的 变化 情况 ， 从 而 解 / 决 本 问题 。 / S.1.2 第 一 小 问 模型 的 求解 〈 阻 尼 系 数 固定 时 ) / ode45 是 MATLAB 中 一 种 专门 用 于 求解 微分 方程 的 功能 函数 ， 是 一 种 中 阶 、 自 适应 步 / 长 、 用 以 求 鲜 非 刚性 常 微分 方程 的 方式 。 针 对 已 经 得 到 的 公式 〈1)， 对 其 进行 代码 编写 并,2022/A022.pdf#page=6:line=12
2022,A,A022,section_heading,结果分析,结果分析,12,19,0.929494,ODE@p1 -> 微分方程@p1 -> 0-1@p3,连接词=首先:6、由此:1、可知:2、验证:1、从而:2、因此:7；页行中位数=33.0；段落候选中位数=5.5；图表候选=11；公式行候选=282；标题候选=289,位 移 ， 正 方向 沿 中 轴 向 上 ， 可 以 近似 理解 为 浮子 和 振子 的 相对 位 移 。 具 体 求 解 结果 结果 见,"KH, ~MeXFsiP-h, RRPTERAAALHLE, EFAZAEAAL: / 加 的 定义 略 有 变化 〈 如 图 9 所 示 )， 定 义 为 以 转轴 O 为 原点 的 平 动 非 惯性 系 中 振子 沿 中 轴 的 / 位 移 ， 正 方向 沿 中 轴 向 上 ， 可 以 近似 理解 为 浮子 和 振子 的 相对 位 移 。 具 体 求 解 结果 结果 见 / 附件 result3.xlsx。 解 得 xz、z2 随 时 间 的 变化 : / 1",2022/A022.pdf#page=12:line=19
2022,A,A022,section_heading,模型检验,模型检验,16,18,0.880811,ODE@p1 -> 微分方程@p1 -> 0-1@p3,连接词=首先:6、由此:1、可知:2、验证:1、从而:2、因此:7；页行中位数=33.0；段落候选中位数=5.5；图表候选=11；公式行候选=282；标题候选=289,6.1 模型 检验,此 时 直线 阻尼 系数 mi=5.93x 104， 旋 转 阻尼 系数 为 7j=100000。 / 六 、 模 型 的 分 析 与 检验 / 6.1 模型 检验 / 6.1.1 对 浮子5	1	1	1	19	4	578	1949	59	38	84.206833	顶端5	1	1	1	19	5	654	1949	22	38	96.759041	不5	1	1	1	19	6	692	1950	20	38	96.038925	会5	1	1	1	19	7	711	1945	55	52	59.154152	浸没5	1	1	1	19	8	779	1951	25	35	17.722549	且5	1	1	1	19	9	821	1950	20	37	81.141830	圆5	1	1	1	19	10	860	1949	20	38	92.386566	锥5	1	1	1	19	11	896	1949	22	37	96.906700	部5	1	1	1	19	12	935	1949	21	37	96.931030	分5	1	1	1	19	13	974	1949	43	38	96.921211	不5	1	1	1	19	14	1036	1945	53	52	90.112747	露出5	1	1	1	19	15	1088	1949	40	38	93.285736	水5	1	1	1	19	16	1145	1955	12,2022/A022.pdf#page=16:line=18
2022,A,A022,section_heading,模型评价,模型评价,19,14,0.944815,ODE@p1 -> 微分方程@p1 -> 0-1@p3,连接词=首先:6、由此:1、可知:2、验证:1、从而:2、因此:7；页行中位数=33.0；段落候选中位数=5.5；图表候选=11；公式行候选=282；标题候选=289,七 、 模 型 的 评价,18 SPDR Me Se HES a / 可 得 ， 强 簧 刚度 在 题目 给 出 数据 的 领域 内 变动 ， 模 型 均 成 立 ， 系 统 输出 正常 。 / 七 、 模 型 的 评价 / 7.1 模型 优点 / 1. 原创 性 高 ， 本 文中 所 有 模型 均 为 自主 建立 ;,2022/A022.pdf#page=19:line=14
2022,A,A022,section_heading,改进方案,改进方案,19,27,0.960403,ODE@p1 -> 微分方程@p1 -> 0-1@p3,连接词=首先:6、由此:1、可知:2、验证:1、从而:2、因此:7；页行中位数=33.0；段落候选中位数=5.5；图表候选=11；公式行候选=282；标题候选=289,可 能 的 改进 方案 是 :,3. 问题 二 和 问题 四 中 采取 的 是 积分 法 求 数值 解 ， 未 能 给 出 解析 解 的 公式 ， 可 能 会 略微 / 降低 精度 ， 同 时 在 模型 引申 使 用 时 需要 重新 计算 ; / 可 能 的 改进 方案 是 : / 1. 加 入 次 要 部 件 的 体积 、 质 量 以 及 摩 近 的 影响 ; / 2. 充 分 分 析 转 轴 和 中 轴 处 的 作用 力 〈 短 )， 将 振子 与 浮子 分 开 分 析 ， 重 新 列 得 微分 方程 ;,2022/A022.pdf#page=19:line=27
2022,A,A022,section_heading,参考文献,参考文献,20,8,0.782157,ODE@p1 -> 微分方程@p1 -> 0-1@p3,连接词=首先:6、由此:1、可知:2、验证:1、从而:2、因此:7；页行中位数=33.0；段落候选中位数=5.5；图表候选=11；公式行候选=282；标题候选=289,参考文献,"发生变化时，寻求使得输出功率最大化的弹簧刚度或质量比，以提升波浪能装置的转换效 / 率。 / 参考文献 / [1]李慧彬.振动理论与工程应用.北京理工大学出版社.2006年9月第一版. / [2]郑雄波,张亮,马勇.双浮体波能装置的水动力计算与能量转换特性分析[]科技导",2022/A022.pdf#page=20:line=8
2022,A,A022,section_heading,附录,附录,21,1,0.663379,ODE@p1 -> 微分方程@p1 -> 0-1@p3,连接词=首先:6、由此:1、可知:2、验证:1、从而:2、因此:7；页行中位数=33.0；段落候选中位数=5.5；图表候选=11；公式行候选=282；标题候选=289,附录,附录 / 附录1 / 支撑文件清单,2022/A022.pdf#page=21:line=1
2022,A,A171,paper_overview,,论文总览,1,1,0.928847,微分方程@p1 -> 龙格库塔@p1 -> 0-1@p14 -> VAR@p42 -> ODE@p42,连接词=首先:5、进一步:3、由此:1、验证:8、为了:2、因此:11；页行中位数=32；段落候选中位数=1；图表候选=10；公式行候选=736；标题候选=112,基于解析和数值方法的波浪能发电装置最大功率求解,基于解析和数值方法的波浪能发电装置最大功率求解 / 摘要： / 本文研究了波浪能发电装置的运动状态与最大平均输出功率，根据牛顿第二,2022/A171.pdf#page=1:line=1
2022,A,A171,section_heading,摘要,摘要,1,2,0.74093,微分方程@p1 -> 龙格库塔@p1 -> 0-1@p14 -> VAR@p42 -> ODE@p42,连接词=首先:5、进一步:3、由此:1、验证:8、为了:2、因此:11；页行中位数=32；段落候选中位数=1；图表候选=10；公式行候选=736；标题候选=112,摘要：,基于解析和数值方法的波浪能发电装置最大功率求解 / 摘要： / 本文研究了波浪能发电装置的运动状态与最大平均输出功率，根据牛顿第二 / 定律和刚体转动定律，分别对浮子与振子建立常微分方程模型，根据阻尼系数是,2022/A171.pdf#page=1:line=2
2022,A,A171,section_heading,问题重述,问题重述,2,1,0.798098,微分方程@p1 -> 龙格库塔@p1 -> 0-1@p14 -> VAR@p42 -> ODE@p42,连接词=首先:5、进一步:3、由此:1、验证:8、为了:2、因此:11；页行中位数=32；段落候选中位数=1；图表候选=10；公式行候选=736；标题候选=112,问题重述,问题重述 / 1.1问题背景 / 随着人类料技和社会经济的迅速发展，传统化石能源已经不能满足发展的需,2022/A171.pdf#page=2:line=1
2022,A,A171,section_heading,问题分析,问题分析,2,22,0.799473,微分方程@p1 -> 龙格库塔@p1 -> 0-1@p14 -> VAR@p42 -> ODE@p42,连接词=首先:5、进一步:3、由此:1、验证:8、为了:2、因此:11；页行中位数=32；段落候选中位数=1；图表候选=10；公式行候选=736；标题候选=112,问题分析,"问题4在问题3的基础上，给出直线阻尼器和旋转阻尼器的阻尼系数的取值 / 范围均为[0,100000]，要求计算最大输出功率及相应的最优阻尼系数。 / 问题分析 / 2.1对问题一的分析 / 首先对平衡状态下的浮子与振子进行受力分析，可以求得平衡状态下浮力、",2022/A171.pdf#page=2:line=22
2022,A,A171,section_heading,模型假设,模型假设,4,4,0.765959,微分方程@p1 -> 龙格库塔@p1 -> 0-1@p14 -> VAR@p42 -> ODE@p42,连接词=首先:5、进一步:3、由此:1、验证:8、为了:2、因此:11；页行中位数=32；段落候选中位数=1；图表候选=10；公式行候选=736；标题候选=112,=. 模型 假设,"尼 ,， 还 来 自 旋转 阻尼 ， 目 标 函 数 是 旋转 阻尼 的 平均 功率 ， 且 由 于 平 动 和 转动 也 是 / 对 偶 的 ， 因 此 旋转 阻尼 器 的 平均 功率 也 可 以 参照 直线 阻尼 器 的 平均 功率 定义 。 / =. 模型 假设 / 1， 不 考虑 中 轴 、 底 座 、 陋 层 及 PT0 的 质量 和 各 种 摩擦。 / 2. 假设 海水 是 无 粘 、 无 旋 且 不 可 压缩 的 理想 流体 , 可 采用 微 幅 波 理论 进行 计算 。",2022/A171.pdf#page=4:line=4
2022,A,A171,section_heading,符号说明,符号说明,4,12,0.926835,微分方程@p1 -> 龙格库塔@p1 -> 0-1@p14 -> VAR@p42 -> ODE@p42,连接词=首先:5、进一步:3、由此:1、验证:8、为了:2、因此:11；页行中位数=32；段落候选中位数=1；图表候选=10；公式行候选=736；标题候选=112,符号 说 明 单位,"6. 假设 浮子 和 振子 进行 纵 播 运动 的 角 位 移 较 小 ， 在 垂 荡 运 动 时 浮子 和 振子 近似 / 处 在 同一 条 直线 上 ， 且 纵 摇 运 动 不 会 影响 分 析 垂 荡 运 动 的 受 力 。 / 符号 说 明 单位 / my, 浮子 的 质量 kg / my 振子 的 质量 kg",2022/A171.pdf#page=4:line=12
2022,A,A171,section_heading,模型建立,模型建立,5,9,0.956768,微分方程@p1 -> 龙格库塔@p1 -> 0-1@p14 -> VAR@p42 -> ODE@p42,连接词=首先:5、进一步:3、由此:1、验证:8、为了:2、因此:11；页行中位数=32；段落候选中位数=1；图表候选=10；公式行候选=736；标题候选=112,五 、 模型 的 建立 与 求解,"l, 纵 摇 兴 波 阻尼 系数 N-m-s / Je 纵 摇 附 加 转动 惯量 Kg +m? / 五 、 模型 的 建立 与 求解 / 5.1 问题 一 模型 的 建立 / 由 于 浮子 和 振子 之 间 通 过 阻尼 器 所 产生 的 阻尼 力 与 弹簧 弹力 相 衔接 ， 故 将 浮",2022/A171.pdf#page=5:line=9
2022,A,A171,section_heading,模型求解,模型求解,3,33,0.878813,微分方程@p1 -> 龙格库塔@p1 -> 0-1@p14 -> VAR@p42 -> ODE@p42,连接词=首先:5、进一步:3、由此:1、验证:8、为了:2、因此:11；页行中位数=32；段落候选中位数=1；图表候选=10；公式行候选=736；标题候选=112,上的受力，在此种假设下垂荡运动仍可以沿用第一问的建立的模型求解。而纵摇,为了便于分析，作出假设，即浮子和振子进行纵摇运动的角位移很小，因而 / 在垂荡运动时浮子和振子近似处在同一条直线上，纵摇运动不会影响到竖直方向 / 上的受力，在此种假设下垂荡运动仍可以沿用第一问的建立的模型求解。而纵摇 / 运动，可以根据刚体的转动规律来求解。只要计算出装置的各个部分相对于转轴 / 的转动惯量，根据已知的力矩条件就可以得到关于角位移的微分方程。初始位置，,2022/A171.pdf#page=3:line=33
2022,A,A171,section_heading,模型检验,模型检验,3,7,0.894796,微分方程@p1 -> 龙格库塔@p1 -> 0-1@p14 -> VAR@p42 -> ODE@p42,连接词=首先:5、进一步:3、由此:1、验证:8、为了:2、因此:11；页行中位数=32；段落候选中位数=1；图表候选=10；公式行候选=736；标题候选=112,此需要对其进行误差分析，证明其可靠性。,分方程的数值解法，警如龙格一库塔法。数值解法是通用的解法，因此还可以应 / 用在问题二的优化模型中。但是数值解法是近似的，可能与解析解存在误差，因 / 此需要对其进行误差分析，证明其可靠性。 / 2.2对问题二的分析 / 同题二是一个优化问题，要求求阻尼器的最天功率。阻尼器的瞬时功率可以,2022/A171.pdf#page=3:line=7
2022,A,A171,section_heading,模型评价,模型评价,22,1,0.964143,微分方程@p1 -> 龙格库塔@p1 -> 0-1@p14 -> VAR@p42 -> ODE@p42,连接词=首先:5、进一步:3、由此:1、验证:8、为了:2、因此:11；页行中位数=32；段落候选中位数=1；图表候选=10；公式行候选=736；标题候选=112,七 、 模型 的 评价 与 推广,七 、 模型 的 评价 与 推广 / 6.1 模型 的 优点 / 1. 本 文 在 清楚 地 分 析 了 整个 物理 过 程 的 基础 上 ， 以 通过 受 力 分 析 得 到 的 力学 微,2022/A171.pdf#page=22:line=1
2022,A,A171,section_heading,改进方案,改进方案,22,16,0.932616,微分方程@p1 -> 龙格库塔@p1 -> 0-1@p14 -> VAR@p42 -> ODE@p42,连接词=首先:5、进一步:3、由此:1、验证:8、为了:2、因此:11；页行中位数=32；段落候选中位数=1；图表候选=10；公式行候选=736；标题候选=112,本 题 模 型 只 考虑 了 垂 荡 和 纵 扬 ， 若 需要 进一步 改进 模型 ， 可 以 将 波浪 能 装置,"过 强 ， 实 际 求解 得 到 的 角 位 移 略 微 偏 大 ， 说 明 模 型 具有 一 定 的 误差 。 / 6.3 模型 的 推广 / 本 题 模 型 只 考虑 了 垂 荡 和 纵 扬 ， 若 需要 进一步 改进 模型 ， 可 以 将 波浪 能 装置 / AE AAG. BOG. He. BUS. BUS. AAT ARE”, EMS / 地 分 析 装 置 的 运动 情况 与 输出 功率 。",2022/A171.pdf#page=22:line=16
2022,A,A171,section_heading,参考文献,参考文献,22,19,0.928632,微分方程@p1 -> 龙格库塔@p1 -> 0-1@p14 -> VAR@p42 -> ODE@p42,连接词=首先:5、进一步:3、由此:1、验证:8、为了:2、因此:11；页行中位数=32；段落候选中位数=1；图表候选=10；公式行候选=736；标题候选=112,八 、 参考 文献,"AE AAG. BOG. He. BUS. BUS. AAT ARE”, EMS / 地 分 析 装 置 的 运动 情况 与 输出 功率 。 / 八 、 参考 文献 / [1] RBA. 振荡 浮子 式 波浪 发 电 系 统 的 功率 控制 [D], 华南 理工 大 学 ,2019. / D0I: 10. 27151/d. enki. ghnlu. 2019. 001731.",2022/A171.pdf#page=22:line=19
2022,B,B030,paper_overview,,论文总览,1,1,0.920799,遗传算法@p26 -> ODE@p27,连接词=首先:5、进一步:1、可知:1、说明:2、从而:1；页行中位数=30.0；段落候选中位数=6.5；图表候选=15；公式行候选=323；标题候选=54,无人机遂行编队飞行中的纯方位无源定位,无人机遂行编队飞行中的纯方位无源定位 / 摘要 / 本文主要主要研究无人机纯方位无源定位，建立定位模型和调整方案模型完,2022/B030.pdf#page=1:line=1
2022,B,B030,section_heading,摘要,摘要,1,2,0.513486,遗传算法@p26 -> ODE@p27,连接词=首先:5、进一步:1、可知:1、说明:2、从而:1；页行中位数=30.0；段落候选中位数=6.5；图表候选=15；公式行候选=323；标题候选=54,摘要,无人机遂行编队飞行中的纯方位无源定位 / 摘要 / 本文主要主要研究无人机纯方位无源定位，建立定位模型和调整方案模型完 / 成有效定位被动接收信号无人机以及进行纯方位无源定位调整工作。,2022/B030.pdf#page=1:line=2
2022,B,B030,section_heading,问题重述,问题重述,2,1,0.787438,遗传算法@p26 -> ODE@p27,连接词=首先:5、进一步:1、可知:1、说明:2、从而:1；页行中位数=30.0；段落候选中位数=6.5；图表候选=15；公式行候选=323；标题候选=54,一、问题重述,一、问题重述 / 1.1问题背景 / 无人机集群遂行编队飞行，为避免外界干扰，将尽可能减少向外发射电磁波,2022/B030.pdf#page=2:line=1
2022,B,B030,section_heading,问题分析,问题分析,3,15,0.818245,遗传算法@p26 -> ODE@p27,连接词=首先:5、进一步:1、可知:1、说明:2、从而:1；页行中位数=30.0；段落候选中位数=6.5；图表候选=15；公式行候选=323；标题候选=54,二、问题分析,FY15 / 图1-3锥形无人机编队示意图 / 二、问题分析 / 2.1问题一（1）的分析 / 问题一首先根据无偏差的位置坐标确定圆周上两架发射信号无人机与单架,2022/B030.pdf#page=3:line=15
2022,B,B030,section_heading,模型假设,模型假设,1,10,0.945209,遗传算法@p26 -> ODE@p27,连接词=首先:5、进一步:1、可知:1、说明:2、从而:1；页行中位数=30.0；段落候选中位数=6.5；图表候选=15；公式行候选=323；标题候选=54,假设条件下，确定位置编号发射信号无人机的相对位置，再推断其准确标号。随,上被动接收无人机的实际坐标，输出图解结果，发现定位效果良好，模型合理。 / 针对问题一（2），在无人机知道自身编号与其余无人机的相对位置关系的 / 假设条件下，确定位置编号发射信号无人机的相对位置，再推断其准确标号。随 / 后结合问题一（1）定位模型计算被动接受无人机坐标，确定定位是否有效。利 / 号就能够有效定位接受信号无人机位置。,2022/B030.pdf#page=1:line=10
2022,B,B030,section_heading,符号说明,符号说明,4,21,0.835563,遗传算法@p26 -> ODE@p27,连接词=首先:5、进一步:1、可知:1、说明:2、从而:1；页行中位数=30.0；段落候选中位数=6.5；图表候选=15；公式行候选=323；标题候选=54,四、符号说明,2、假设忽略被动接受无人机处理信号的时间。 / 3、假设每架无人机知道自身编号以及相对位置关系。 / 四、符号说明 / 含义 / 符号,2022/B030.pdf#page=4:line=21
2022,B,B030,section_heading,模型建立,模型建立,5,12,0.855448,遗传算法@p26 -> ODE@p27,连接词=首先:5、进一步:1、可知:1、说明:2、从而:1；页行中位数=30.0；段落候选中位数=6.5；图表候选=15；公式行候选=323；标题候选=54,五、问题一（1）模型的建立与求解,表示无人机FYOi与FYOO发出的无偏角度信息 / 注：其他符号将在下文中给出具体说明。 / 五、问题一（1）模型的建立与求解 / 5.1相对位置关系的确立 / 根据无人机圆形编队的特性，以圆心无人机FY00为原点建立极坐标系，则,2022/B030.pdf#page=5:line=12
2022,B,B030,section_heading,模型求解,模型求解,1,18,0.934713,遗传算法@p26 -> ODE@p27,连接词=首先:5、进一步:1、可知:1、说明:2、从而:1；页行中位数=30.0；段落候选中位数=6.5；图表候选=15；公式行候选=323；标题候选=54,每一步骤都对应各自独立的调整模型，模型求解利用送代算法进行。通过输出调,位模型，调节余下无人机的角度坐标，使之接近理想相对位置，输出角度调节量； / 步骤三：同步骤二参照基准，建立几何关系模型，调节余下无人机的长度坐标。 / 每一步骤都对应各自独立的调整模型，模型求解利用送代算法进行。通过输出调 / 整后的坐标位置信息，对比初始位置信息确认此方案模型可行、实用。 / 针对问题二，将锥形编队分解成多个同心圆的圆形编队，利用问题一（3）,2022/B030.pdf#page=1:line=18
2022,B,B030,section_heading,结果分析,结果分析,11,12,0.942546,遗传算法@p26 -> ODE@p27,连接词=首先:5、进一步:1、可知:1、说明:2、从而:1；页行中位数=30.0；段落候选中位数=6.5；图表候选=15；公式行候选=323；标题候选=54,5.4 问题 一 (1) 的 结果 分 析,"应 定位 模型 计算 无 人 机 大 的 实际 坐标 可 能 ; / Step4: 记录 所 得 全 部 结果 , 并 绘图 输出 结果 , 作为 本 文 所 给 定位 模型 的 求解 。 / 5.4 问题 一 (1) 的 结果 分 析 / 遍历 结果 如 下 图 5-4 Bias: / 5-4 全 局 定位 结果 展示 图",2022/B030.pdf#page=11:line=12
2022,B,B030,section_heading,模型评价,模型评价,25,23,0.965311,遗传算法@p26 -> ODE@p27,连接词=首先:5、进一步:1、可知:1、说明:2、从而:1；页行中位数=30.0；段落候选中位数=6.5；图表候选=15；公式行候选=323；标题候选=54,九 、 模 型 评价 与 推广,A 4 / 长 度 坐 标 p 根据 正弦 定理 根据 角度 坐标 的 确定 而 确定 。 / 九 、 模 型 评价 与 推广 / 9.1 模型 评价 / 9.1.1 模型 优点,2022/B030.pdf#page=25:line=23
2022,B,B030,section_heading,参考文献,参考文献,26,11,0.826268,遗传算法@p26 -> ODE@p27,连接词=首先:5、进一步:1、可知:1、说明:2、从而:1；页行中位数=30.0；段落候选中位数=6.5；图表候选=15；公式行候选=323；标题候选=54,十、参考文献,"调节方案模型虽假定了至少存在三架飞机在同一半径的圆周上，使得某些编 / 队分布的情况不适用于此模型，但模型的思路是分析调整方案的有效渠道之一。 / 十、参考文献 / [1]范娣娥,李德毅,彭冬亮,郭云飞.基于遗传算法的单站无源纯方位定位算法[].计 / 算机仿真,2007(06):168-170+295.",2022/B030.pdf#page=26:line=11
2022,B,B035,paper_overview,,论文总览,1,1,0.885908,ODE@p23,连接词=首先:3、可知:1、说明:1、为了:2、从而:1、因此:5；页行中位数=30；段落候选中位数=5；图表候选=17；公式行候选=222；标题候选=35,基于计算几何与带阈值启发式搜索的无人机无源定位模型,基于计算几何与带阈值启发式搜索的无人机无源定位模型 / 摘要 / 针对无人机遂行编队飞行中的纯方位无源定位问题，本文从相关理论入手，分析了问,2022/B035.pdf#page=1:line=1
2022,B,B035,section_heading,摘要,摘要,1,2,0.663152,ODE@p23,连接词=首先:3、可知:1、说明:1、为了:2、从而:1、因此:5；页行中位数=30；段落候选中位数=5；图表候选=17；公式行候选=222；标题候选=35,摘要,基于计算几何与带阈值启发式搜索的无人机无源定位模型 / 摘要 / 针对无人机遂行编队飞行中的纯方位无源定位问题，本文从相关理论入手，分析了问 / 题的几何特征，给出了在一定误差下具有实践价值的纯方位无源定位方式，并根据编队的,2022/B035.pdf#page=1:line=2
2022,B,B035,section_heading,问题重述,问题重述,2,12,0.853193,ODE@p23,连接词=首先:3、可知:1、说明:1、为了:2、从而:1、因此:5；页行中位数=30；段落候选中位数=5；图表候选=17；公式行候选=222；标题候选=35,1.2问题重述,自已的坐标。当一架无人机在一个无人机的队列中，可以通过其他无人机发送的电磁信号 / 计算出自己的相对位置，从而找出自已的调整策略，使无人机队列趋向于整齐化。 / 1.2问题重述 / 在该问题中，某架无人机可以接收到其余多架无人机的电磁信号，可以得到两架无人 / 机发射的信号之间的夹角，应用这一个条件求解以下问题。,2022/B035.pdf#page=2:line=12
2022,B,B035,section_heading,问题分析,问题分析,3,2,0.81071,ODE@p23,连接词=首先:3、可知:1、说明:1、为了:2、从而:1、因此:5；页行中位数=30；段落候选中位数=5；图表候选=17；公式行候选=222；标题候选=35,二问题分析,基于计算几何与带属值启发式搜索的无人机无源定位模型 / 二问题分析 / 2.1问题一分析 / 2.1.1三架无人机无源定位,2022/B035.pdf#page=3:line=2
2022,B,B035,section_heading,模型假设,模型假设,4,13,0.831634,ODE@p23,连接词=首先:3、可知:1、说明:1、为了:2、从而:1、因此:5；页行中位数=30；段落候选中位数=5；图表候选=17；公式行候选=222；标题候选=35,三模型假设,序，这样接收信号无人机只需通过当前是第几次信号传输就可以推出发射信号的无人机编 / 号，进而用与问题一相同的方法来实现精确定位以及调整。 / 三模型假设 / 为了建立更精确的数学模型，本文根据实际情况建立了一些合理的假设以及条件约束。 / 具体的假设如下所示。,2022/B035.pdf#page=4:line=13
2022,B,B035,section_heading,符号说明,符号说明,5,2,0.929972,ODE@p23,连接词=首先:3、可知:1、说明:1、为了:2、从而:1、因此:5；页行中位数=30；段落候选中位数=5；图表候选=17；公式行候选=222；标题候选=35,Bl: 本 文 主要 涉及 的 符号 说 明,基于 计算 几何 与 带 阔 值 启发 式 搜索 的 无 人 机 无 源 定位 模型 5 / Bl: 本 文 主要 涉及 的 符号 说 明 / 符号 符 导 含义 及 说 明 / FYOX ”位 于 圆周 上 第 X 架 无 人 机 的 编号,2022/B035.pdf#page=5:line=2
2022,B,B035,section_heading,模型建立,模型建立,5,13,0.94329,ODE@p23,连接词=首先:3、可知:1、说明:1、为了:2、从而:1、因此:5；页行中位数=30；段落候选中位数=5；图表候选=17；公式行候选=222；标题候选=35,五 ”模型 的 建立 与 求解,"Rox VA ry WEBER BEATZ. VA exe 对 应 角 为 圆周 角 组 成 的 圆 的 半径 / (rox,yaox) 以 rx 对 应 线段 为 弦 ， 以 ax 对 应 角 为 圆周 角 组 成 的 圆 的 圆心 坐标 / 五 ”模型 的 建立 与 求解 / 5.1 问题 一 一 一 三 架 无 人 机 无 源 定位 / s.1.1 定位 模型 的 建立",2022/B035.pdf#page=5:line=13
2022,B,B035,section_heading,模型检验,模型检验,1,14,0.917227,ODE@p23,连接词=首先:3、可知:1、说明:1、为了:2、从而:1、因此:5；页行中位数=30；段落候选中位数=5；图表候选=17；公式行候选=222；标题候选=35,发射信号即可实现无人机有效定位。此外，我们还进行了严格的误差分析，严谨论证了信,对于第一题第二小问，我们根据具体量化的误差范围展开分类讨论。讨论得出，在极 / 径误差不超过15m，极角误差不超过1°的情况下，除FY00和FY01外，只需1架无人机 / 发射信号即可实现无人机有效定位。此外，我们还进行了严格的误差分析，严谨论证了信 / 号接收与解码的可行性。 / 对于第一题第三小问，考虑到深度优先瘦索的效率间题与贪心算法的短视性，我们在,2022/B035.pdf#page=1:line=14
2022,B,B035,section_heading,模型评价,模型评价,22,19,0.927244,ODE@p23,连接词=首先:3、可知:1、说明:1、为了:2、从而:1、因此:5；页行中位数=30；段落候选中位数=5；图表候选=17；公式行候选=222；标题候选=35,六 ”模型 优 缺 点,有 一 定 的 随机 性 ， 但 总 体 趋势 符合 ) 在 约 60 次 调整 之 后 ，Sm 以 内 的 初始 误差 均 可 以 收敛 / 到 较 高 的 精度 。 / 六 ”模型 优 缺 点 / 6.1 模型 的 优点 / 。 首 先 对 于 无 人 机 的 位 置 调 节 ， 要 具有 时 效 性 ， 我 们 的 模型 可 以 快速 解 出 无 人 机 需要 移,2022/B035.pdf#page=22:line=19
2022,B,B035,section_heading,参考文献,参考文献,23,13,0.965684,ODE@p23,连接词=首先:3、可知:1、说明:1、为了:2、从而:1、因此:5；页行中位数=30；段落候选中位数=5；图表候选=17；公式行候选=222；标题候选=35,参考 文献,"© 问题 二 只 考虑 了 一 种 基准 点 选择 的 方法 ， 存 在 局 限 性 ， 无 法 全 面 地 找 出 调整 方案 的 最 / 优 解 。 / 参考 文献 / (1) 徐 减 , 黄 大 庆 .“ 无 人 机 光电 侦 测 平台 目标 定位 误差 分 析 .” 仪 器 仪表 学 报 / 34.10(C2013):2265-2270. doi:10,19650/j.cnki.cjsi.2013,10.016.",2022/B035.pdf#page=23:line=13
2022,B,B035,section_heading,附录,附录,20,5,0.958441,ODE@p23,连接词=首先:3、可知:1、说明:1、为了:2、从而:1、因此:5；页行中位数=30；段落候选中位数=5；图表候选=17；公式行候选=222；标题候选=35,"通过 这 个 决策 方案 ,我们 在 每 次 决策 结束 后 的 每 架 无 人 机 的 家 坐标 呈现 在 附录 A 中 。","实际 应 用 中 , 我 们 无 需 这 么 高 的 精度 ， 所 以 我 们 只 需要 前 5 轮 的 无 人 机 信号 发 射 策略 ， / 一 共 发 射 了 16 次 电磁 信号 ， 补 大 降低 了 外 界 的 于 扰 。 / 通过 这 个 决策 方案 ,我们 在 每 次 决策 结束 后 的 每 架 无 人 机 的 家 坐标 呈现 在 附录 A 中 。 / 图 16 展 现 的 是 九 架 无 人 机 分 别 到 预期 位 置 的 距离 ， 随 调整 次 数 的 增加 而 变化 的 曲线 图 。 其 / 中 第 一 相 图 是 FY01， 我 们 取 的 是 无 人 机 到 其 预期 点 的 距离 作为 了 纵 坐标 ， 其 余 八 张 图 的",2022/B035.pdf#page=20:line=5
2022,B,B086,paper_overview,,论文总览,1,1,0.911995,0-1@p10,连接词=首先:7、其次:5、可知:1、表明:1、说明:2、验证:3、为了:5、从而:3、因此:4；页行中位数=35.5；段落候选中位数=9.0；图表候选=29；公式行候选=169；标题候选=82,基于局部最优模型的无人机位置调整策略与仿真定位,基于局部最优模型的无人机位置调整策略与仿真定位 / 摘要 / 纯方位无源定位即用被动式探测设备接收辐射源的方位信号并进行定位，设备,2022/B086.pdf#page=1:line=1
2022,B,B086,section_heading,摘要,摘要,1,2,0.665578,0-1@p10,连接词=首先:7、其次:5、可知:1、表明:1、说明:2、验证:3、为了:5、从而:3、因此:4；页行中位数=35.5；段落候选中位数=9.0；图表候选=29；公式行候选=169；标题候选=82,摘要,基于局部最优模型的无人机位置调整策略与仿真定位 / 摘要 / 纯方位无源定位即用被动式探测设备接收辐射源的方位信号并进行定位，设备 / 本身不发出任何电磁信号，对无人机遂行编队飞行的位置调整及阵型保持具有重要,2022/B086.pdf#page=1:line=2
2022,B,B086,section_heading,问题重述,问题重述,2,1,0.819785,0-1@p10,连接词=首先:7、其次:5、可知:1、表明:1、说明:2、验证:3、为了:5、从而:3、因此:4；页行中位数=35.5；段落候选中位数=9.0；图表候选=29；公式行候选=169；标题候选=82,一、问题重述,一、问题重述 / 1.1问题背景 / 相较于有源（主动）传感器不仅发射信号，还接收从目标返回的信号的特点，,2022/B086.pdf#page=2:line=1
2022,B,B086,section_heading,问题分析,问题分析,2,27,0.802478,0-1@p10,连接词=首先:7、其次:5、可知:1、表明:1、说明:2、验证:3、为了:5、从而:3、因此:4；页行中位数=35.5；段落候选中位数=9.0；图表候选=29；公式行候选=169；标题候选=82,二、问题分析,的方向信息调整到理想位置，使得9架无人机最终均匀分布在某个圆周上。 / 问题四：锥形编队中，考虑纯方位无源定位的情形，设计无人机位置调整方案。 / 二、问题分析 / 2.1问题一的分析 / 该问本质上是一个方程问题。由于已知位置的三架无人机位置无偏差，故可建,2022/B086.pdf#page=2:line=27
2022,B,B086,section_heading,模型假设,模型假设,4,1,0.823853,0-1@p10,连接词=首先:7、其次:5、可知:1、表明:1、说明:2、验证:3、为了:5、从而:3、因此:4；页行中位数=35.5；段落候选中位数=9.0；图表候选=29；公式行候选=169；标题候选=82,三、模型假设,三、模型假设 / 3.1假设无人机间信息不共享 / 接收信号的无人机是被动接收的，不能发射电磁波信号，故无人机间的信息,2022/B086.pdf#page=4:line=1
2022,B,B086,section_heading,符号说明,符号说明,4,24,0.851007,0-1@p10,连接词=首先:7、其次:5、可知:1、表明:1、说明:2、验证:3、为了:5、从而:3、因此:4；页行中位数=35.5；段落候选中位数=9.0；图表候选=29；公式行候选=169；标题候选=82,四、符号说明,所以我们认为，当无人机群构成的九边形与正九边形误差小于一定值时，即认为无 / 人机群构成正九边形。 / 四、符号说明 / 符号 / 说明,2022/B086.pdf#page=4:line=24
2022,B,B086,section_heading,模型建立,模型建立,5,7,0.962233,0-1@p10,连接词=首先:7、其次:5、可知:1、表明:1、说明:2、验证:3、为了:5、从而:3、因此:4；页行中位数=35.5；段落候选中位数=9.0；图表候选=29；公式行候选=169；标题候选=82,五 、 模型 的 建立 与 求解,"€ 最 小 值 平 面 化 检验 函数 / (Ri Bi) BA, AD / 五 、 模型 的 建立 与 求解 / 5. 1 问题 一 : 被 动 接受 信号 无 人 机 的 定位 调整 模型 / 根据 题 意 将 该 问题 分 为 两 个 步骤 。 首 先 在 极 坐标 下 建立 方程 ， 分 两 种 情况 讨论",2022/B086.pdf#page=5:line=7
2022,B,B086,section_heading,模型求解,模型求解,6,12,0.966339,0-1@p10,连接词=首先:7、其次:5、可知:1、表明:1、说明:2、验证:3、为了:5、从而:3、因此:4；页行中位数=35.5；段落候选中位数=9.0；图表候选=29；公式行候选=169；标题候选=82,5.1.2 被 动机 定位 模型 的 求解,"a / sina, sin(a,+|y—94) / 5.1.2 被 动机 定位 模型 的 求解 / 两 式 相 除 ， 得 / sina, sin(oaz 十 |2 一 加 )",2022/B086.pdf#page=6:line=12
2022,B,B086,section_heading,结果分析,结果分析,17,8,0.888502,0-1@p10,连接词=首先:7、其次:5、可知:1、表明:1、说明:2、验证:3、为了:5、从而:3、因此:4；页行中位数=35.5；段落候选中位数=9.0；图表候选=29；公式行候选=169；标题候选=82,对题目中已给的原始坐标的调整方案求解结果如下：,"AO与边BO的的夹角，Idealo表示无人机u,0发射信号u接收方向信息的理想值。 / 方案一选取三架无人机，取三个值；而方案二选取两架无人机，取两个值。 / 对题目中已给的原始坐标的调整方案求解结果如下： / 通过方案一（每次选取圆周上三个无人机发射信号）与方案二（每次选取圆周 / 上上两个无人机发射信号）调整完后的无人机极坐标对比见表4：",2022/B086.pdf#page=17:line=8
2022,B,B086,section_heading,模型检验,模型检验,1,39,0.922891,0-1@p10,连接词=首先:7、其次:5、可知:1、表明:1、说明:2、验证:3、为了:5、从而:3、因此:4；页行中位数=35.5；段落候选中位数=9.0；图表候选=29；公式行候选=169；标题候选=82,态分布的微小扰动。取十组数据集进行全局误差分析。结果表明误差值随着循环次,的优劣性。平面化检验函数值由3.893降至0.206，降低了94.7%，准确性良好。 / 本文最后进行了无人机调整模型的灵敏性分析，对飞行阵列的精确点进行服从正 / 态分布的微小扰动。取十组数据集进行全局误差分析。结果表明误差值随着循环次 / 数迅速下降并收敛10-7~105，可见局部优化模型具有良好的鲁棒性。 / 关键词：局部最优调整贪心策略微小量仿真儿何关系三维平面拟合,2022/B086.pdf#page=1:line=39
2022,B,B086,section_heading,模型评价,模型评价,25,22,0.929978,0-1@p10,连接词=首先:7、其次:5、可知:1、表明:1、说明:2、验证:3、为了:5、从而:3、因此:4；页行中位数=35.5；段落候选中位数=9.0；图表候选=29；公式行候选=169；标题候选=82,七 、 模型 的 评价 、 改 进 与 推广,"模型 对 于 一 定 范围 内 的 扰动 显示 出 较 好 的 稳定 性 。 因 此 ， 局 部 优化 模型 具有 良好 的 / BSE. / 七 、 模型 的 评价 、 改 进 与 推广 / 7. 1 模型 的 优点 / 1， 对 于 问题 一 第 二 问 ， 通 过 严格 的 数学 证 明了 在 模型 假设 3.4 REL, NM",2022/B086.pdf#page=25:line=22
2022,B,B086,section_heading,参考文献,参考文献,26,4,0.903907,0-1@p10,连接词=首先:7、其次:5、可知:1、表明:1、说明:2、验证:3、为了:5、从而:3、因此:4；页行中位数=35.5；段落候选中位数=9.0；图表候选=29；公式行候选=169；标题候选=82,八 、 参 考 文 献,本 文 将 无 人 机 抽象 为 几何 点 ， 实 际 上 并 没有 用 到 关于 无 人 机 的 任何 特性 。 据 此 ， / 宇宙 飞船 定位 、 船 只 定位 等 均 可 以 沿用 本 论文 中 的 模型 。 / 八 、 参 考 文 献 / (1). 微小 型 四 旋翼 无 人 直升机 建 模 及 控制 方法 研究 [D]. 国 防 科学 技术 大 / 学 .2006.,2022/B086.pdf#page=26:line=4
2022,B,B086,section_heading,附录,附录,27,1,0.966497,0-1@p10,连接词=首先:7、其次:5、可知:1、表明:1、说明:2、验证:3、为了:5、从而:3、因此:4；页行中位数=35.5；段落候选中位数=9.0；图表候选=29；公式行候选=169；标题候选=82,附录,附录 / BAAR: 由 于 每 个 功能 代码 过 长 ， 附 录 3-5 只 放 了 部 分 核心 代码 。 / T1-3 预 处 理 是 对 表 中 数据 预 处 理 部 分 的 代码 ， 以 及 飞机 前 后 位 置 对 比 图,2022/B086.pdf#page=27:line=1
2022,C,C155,paper_overview,,论文总览,1,1,0.895978,聚类@p1 -> 灰色关联@p1 -> 回归@p3 -> VAR@p8 -> 灰色预测@p35,连接词=首先:6、其次:2、进一步:1、可知:10、表明:3、说明:7、验证:2、相比:2、为了:3、因此:16；页行中位数=34；段落候选中位数=6；图表候选=34；公式行候选=228；标题候选=113,基于成分数据的古代玻璃制品的成分分析与鉴别,基于成分数据的古代玻璃制品的成分分析与鉴别 / 摘要 / 针对问题一，本文首先对数据进行预处理，对表单2中的无效数据采取剔除处理，,2022/C155.pdf#page=1:line=1
2022,C,C155,section_heading,摘要,摘要,1,2,0.537008,聚类@p1 -> 灰色关联@p1 -> 回归@p3 -> VAR@p8 -> 灰色预测@p35,连接词=首先:6、其次:2、进一步:1、可知:10、表明:3、说明:7、验证:2、相比:2、为了:3、因此:16；页行中位数=34；段落候选中位数=6；图表候选=34；公式行候选=228；标题候选=113,摘要,基于成分数据的古代玻璃制品的成分分析与鉴别 / 摘要 / 针对问题一，本文首先对数据进行预处理，对表单2中的无效数据采取剔除处理， / 并将化学成分含量数据转化为完关成分数据（定和为1），再采用中心化对数比变换方,2022/C155.pdf#page=1:line=2
2022,C,C155,section_heading,问题重述,问题重述,2,1,0.817695,聚类@p1 -> 灰色关联@p1 -> 回归@p3 -> VAR@p8 -> 灰色预测@p35,连接词=首先:6、其次:2、进一步:1、可知:10、表明:3、说明:7、验证:2、相比:2、为了:3、因此:16；页行中位数=34；段落候选中位数=6；图表候选=34；公式行候选=228；标题候选=113,一、问题重述,一、问题重述 / 1.1问题背景 / 玻璃为丝绸之路早期贸易交流的重要物证，其要化学成分为SiO2。而纯石英砂,2022/C155.pdf#page=2:line=1
2022,C,C155,section_heading,问题分析,问题分析,3,18,0.847167,聚类@p1 -> 灰色关联@p1 -> 回归@p3 -> VAR@p8 -> 灰色预测@p35,连接词=首先:6、其次:2、进一步:1、可知:10、表明:3、说明:7、验证:2、相比:2、为了:3、因此:16；页行中位数=34；段落候选中位数=6；图表候选=34；公式行候选=228；标题候选=113,四、问题分析,中位数 / 表示采样点X：与X，之问的距离 / 四、问题分析 / 4.1问题一 / 针对间题一，第一小间要分析玻璃文物表面风化和颜色、玻璃类型以及纹饰的关,2022/C155.pdf#page=3:line=18
2022,C,C155,section_heading,符号说明,符号说明,3,1,0.856442,聚类@p1 -> 灰色关联@p1 -> 回归@p3 -> VAR@p8 -> 灰色预测@p35,连接词=首先:6、其次:2、进一步:1、可知:10、表明:3、说明:7、验证:2、相比:2、为了:3、因此:16；页行中位数=34；段落候选中位数=6；图表候选=34；公式行候选=228；标题候选=113,三、符号说明,三、符号说明 / 符号 / 意义,2022/C155.pdf#page=3:line=1
2022,C,C155,section_heading,模型建立,模型建立,2,12,0.90861,聚类@p1 -> 灰色关联@p1 -> 回归@p3 -> VAR@p8 -> 灰色预测@p35,连接词=首先:6、其次:2、进一步:1、可知:10、表明:3、说明:7、验证:2、相比:2、为了:3、因此:16；页行中位数=34；段落候选中位数=6；图表候选=34；公式行候选=228；标题候选=113,品的卡要化学成分比。根据附件数据相关信息建立模型，解决以下四个间题：,考古.工作者根据对玻璃样品的检测以及文物的化学成分将现有古代一批玻璃制品 / 划分为铅锁玻璃及高钟玻璃，其中附件表单1为文物的分类情况，表单2为组成玻璃样 / 品的卡要化学成分比。根据附件数据相关信息建立模型，解决以下四个间题： / 针对间题一：分析玻璃文物表面风化和颜色、玻璃类型以及纹饰的关系；根据玻璃 / 类型，播迷绕计文物表面无风化以及有风化成分含量的规律，依据风化点检测数据来预,2022/C155.pdf#page=2:line=12
2022,C,C155,section_heading,结果分析,结果分析,1,16,0.894791,聚类@p1 -> 灰色关联@p1 -> 回归@p3 -> VAR@p8 -> 灰色预测@p35,连接词=首先:6、其次:2、进一步:1、可知:10、表明:3、说明:7、验证:2、相比:2、为了:3、因此:16；页行中位数=34；段落候选中位数=6；图表候选=34；公式行候选=228；标题候选=113,学进行分类，采用决策树法对数据进行分类，求解结果发现该模型在精确率、召回率、,变换的成分数据预测模型，可以使预测结果保证各化学成分累计和为100%。 / 针对问题二，第一小间要求分析铅锁玻璃以及高钾玻璃的分类规律，本文引入监督 / 学进行分类，采用决策树法对数据进行分类，求解结果发现该模型在精确率、召回率、 / 维确率以及F1系数上均为1，说明模型性能良好。第二小间要求对不同的玻璃类型选 / 择适合的化学成分进行业类分类，本文利用R型聚类法得到的特征变量为基础进行Q,2022/C155.pdf#page=1:line=16
2022,C,C155,section_heading,灵敏度分析,灵敏度分析,1,20,0.884489,聚类@p1 -> 灰色关联@p1 -> 回归@p3 -> VAR@p8 -> 灰色预测@p35,连接词=首先:6、其次:2、进一步:1、可知:10、表明:3、说明:7、验证:2、相比:2、为了:3、因此:16；页行中位数=34；段落候选中位数=6；图表候选=34；公式行候选=228；标题候选=113,"新赋值，扰动范围处于[0.1,0.2]范围内，出此说明模型敏感性良好。","择适合的化学成分进行业类分类，本文利用R型聚类法得到的特征变量为基础进行Q / 型聚类，相比于直接使用Q型聚类法具有更高的合理性，并通过在扰动范围内随意革 / 新赋值，扰动范围处于[0.1,0.2]范围内，出此说明模型敏感性良好。 / 针对问题三，题日要求通过分析表单3中米知玻璃类别的文物样品的化学成分，鉴 / 别果知玻璃类别的文物编号所属类型。本文基于间题二的建模与求解，使用于间题二中",2022/C155.pdf#page=1:line=20
2022,C,C155,section_heading,参考文献,参考文献,29,16,0.878372,聚类@p1 -> 灰色关联@p1 -> 回归@p3 -> VAR@p8 -> 灰色预测@p35,连接词=首先:6、其次:2、进一步:1、可知:10、表明:3、说明:7、验证:2、相比:2、为了:3、因此:16；页行中位数=34；段落候选中位数=6；图表候选=34；公式行候选=228；标题候选=113,参考 文献,"(2) 本 文 在 关系 探究 式 没有 充分 考虑 定 母 变 是 与 定 类 变 吓 的 联系 ， 可 能 存在 潜在 联 / 系 。 / 参考 文献 / (1) 付 业 龙 . 成 分 数据 处 理 方法 研究 . Master's thesis, 长 安 大 学 , 2019. / [2] Re. JRA, and fF. RUBE MASI. 北京 师范 大 学 学 报 : 自然 科学 版 , 44(1):9-16，",2022/C155.pdf#page=29:line=16
2022,C,C155,section_heading,附录,附录,30,1,0.928256,聚类@p1 -> 灰色关联@p1 -> 回归@p3 -> VAR@p8 -> 灰色预测@p35,连接词=首先:6、其次:2、进一步:1、可知:10、表明:3、说明:7、验证:2、相比:2、为了:3、因此:16；页行中位数=34；段落候选中位数=6；图表候选=34；公式行候选=228；标题候选=113,附录 A,附录 A / 1.1 PhP / 使 用 平均 联接 ( 组 间 ) 的 谱系 图,2022/C155.pdf#page=30:line=1
2022,C,C229,paper_overview,,论文总览,1,1,0.887574,交叉验证@p1 -> 回归@p1 -> 聚类@p1 -> 主成分@p1 -> VAR@p13 -> K-Means@p13 -> ODE@p20,连接词=首先:14、其次:3、进一步:8、可知:2、表明:2、说明:1、验证:14、相比:1、为了:1、因此:7；页行中位数=32.0；段落候选中位数=6.0；图表候选=60；公式行候选=70；标题候选=86,基于成分数据分析的玻璃制品分析与分类,基于成分数据分析的玻璃制品分析与分类 / 摘要 / 玻璃是人类最早批发明的人造材料之一，古代玻璃除少数天然玻璃外，其余均为人,2022/C229.pdf#page=1:line=1
2022,C,C229,section_heading,摘要,摘要,1,2,0.665933,交叉验证@p1 -> 回归@p1 -> 聚类@p1 -> 主成分@p1 -> VAR@p13 -> K-Means@p13 -> ODE@p20,连接词=首先:14、其次:3、进一步:8、可知:2、表明:2、说明:1、验证:14、相比:1、为了:1、因此:7；页行中位数=32.0；段落候选中位数=6.0；图表候选=60；公式行候选=70；标题候选=86,摘要,基于成分数据分析的玻璃制品分析与分类 / 摘要 / 玻璃是人类最早批发明的人造材料之一，古代玻璃除少数天然玻璃外，其余均为人 / 造玻璃。虽外观相似，但化学成分不同。研究玻璃制品的化学成分及鉴别对古代玻璃文,2022/C229.pdf#page=1:line=2
2022,C,C229,section_heading,问题重述,问题重述,2,1,0.848934,交叉验证@p1 -> 回归@p1 -> 聚类@p1 -> 主成分@p1 -> VAR@p13 -> K-Means@p13 -> ODE@p20,连接词=首先:14、其次:3、进一步:8、可知:2、表明:2、说明:1、验证:14、相比:1、为了:1、因此:7；页行中位数=32.0；段落候选中位数=6.0；图表候选=60；公式行候选=70；标题候选=86,一、问题重述,"一、问题重述 / 玻璃的发展历史悠久，在中国经历了从舶来品到自主生产的过程，虽外观相似，但 / 化学成分不同1,2]。玻璃主要化学成分为二氧化硅，因其添加的助熔剂不同，两者成分比",2022/C229.pdf#page=2:line=1
2022,C,C229,section_heading,问题分析,问题分析,2,32,0.788658,交叉验证@p1 -> 回归@p1 -> 聚类@p1 -> 主成分@p1 -> VAR@p13 -> K-Means@p13 -> ODE@p20,连接词=首先:14、其次:3、进一步:8、可知:2、表明:2、说明:1、验证:14、相比:1、为了:1、因此:7；页行中位数=32.0；段落候选中位数=6.0；图表候选=60；公式行候选=70；标题候选=86,二、问题分析,问题4：（1）分析两种类型的玻璃文物样品化学成分之间的关联关系；（2）比较 / 两种类型的化学成分之间关联关系的差异性。 / 二、问题分析 / 在回答问题之前首先对附件表单中数据进行预处理。表单1数据按照众数以及热卡 / 填充进行缺失值插补。表单2和3中空白处及0值，选用乘法替换法进行插补，然后将,2022/C229.pdf#page=2:line=32
2022,C,C229,section_heading,模型假设,模型假设,3,19,0.925442,交叉验证@p1 -> 回归@p1 -> 聚类@p1 -> 主成分@p1 -> VAR@p13 -> K-Means@p13 -> ODE@p20,连接词=首先:14、其次:3、进一步:8、可知:2、表明:2、说明:1、验证:14、相比:1、为了:1、因此:7；页行中位数=32.0；段落候选中位数=6.0；图表候选=60；公式行候选=70；标题候选=86,三 、 模 型 假设,"并 将 此 相关 性 以 热力 图 的 形式 进行 数据 可 视 化 展示 ， 进 而 通过 配对 Wilcoxon 检验 确定 / 两 类 玻璃 化 学 成 分 之 间 的 相关 关系 有 无 显著 差异 。 / 三 、 模 型 假设 / 1. 假设 化 学 成 分 指 采 样 点 处 的 化 学 成 分 。 / 2. 假设 未 检测 到 的 化 学 成 分 的 原因 为 仪器 精度 受 限 , 故 暂时 将 化 学 成 分 缺失 值 记 为 0，",2022/C229.pdf#page=3:line=19
2022,C,C229,section_heading,符号说明,符号说明,3,24,0.928571,交叉验证@p1 -> 回归@p1 -> 聚类@p1 -> 主成分@p1 -> VAR@p13 -> K-Means@p13 -> ODE@p20,连接词=首先:14、其次:3、进一步:8、可知:2、表明:2、说明:1、验证:14、相比:1、为了:1、因此:7；页行中位数=32.0；段落候选中位数=6.0；图表候选=60；公式行候选=70；标题候选=86,四 、 符 号 说 明,后 续 进行 播 补 处 理 。 / 3. 假设 检测 到 的 化 学 成 分 0 值 是 由 于 四 舍 五 入 得 到 的 ， 后 续 进行 播 补 处 理 。 / 四 、 符 号 说 明 / i: 符号 说 明 / 符号 含义,2022/C229.pdf#page=3:line=24
2022,C,C229,section_heading,模型建立,模型建立,6,11,0.960673,交叉验证@p1 -> 回归@p1 -> 聚类@p1 -> 主成分@p1 -> VAR@p13 -> K-Means@p13 -> ODE@p20,连接词=首先:14、其次:3、进一步:8、可知:2、表明:2、说明:1、验证:14、相比:1、为了:1、因此:7；页行中位数=32.0；段落候选中位数=6.0；图表候选=60；公式行候选=70；标题候选=86,六 、 模 型 建立 与 求解,故 将 每 个 玻璃 文物 化 学 成 分 乘 以 相应 计算 出 的 因子 得 到 最 终 数据 。 表 单 2、3 数据 处 理 / 结果 见 支撑 材料 。 / 六 、 模 型 建立 与 求解 / 6.1 问题 1 / 6.1.1 玻璃 表面 风化 与 纹饰 、 玻 璃 类 型 、 颜 色 的 相关 性 分 析,2022/C229.pdf#page=6:line=11
2022,C,C229,section_heading,模型检验,模型检验,12,17,0.894343,交叉验证@p1 -> 回归@p1 -> 聚类@p1 -> 主成分@p1 -> VAR@p13 -> K-Means@p13 -> ODE@p20,连接词=首先:14、其次:3、进一步:8、可知:2、表明:2、说明:1、验证:14、相比:1、为了:1、因此:7；页行中位数=32.0；段落候选中位数=6.0；图表候选=60；公式行候选=70；标题候选=86,图11：偏最小二乘判别分析模型验证,0.6 / 0.8 / 图11：偏最小二乘判别分析模型验证 / 表13：偏最小二乘判别分析的不同特征的VIP值 / 变量,2022/C229.pdf#page=12:line=17
2022,C,C229,section_heading,灵敏度分析,灵敏度分析,2,27,0.885811,交叉验证@p1 -> 回归@p1 -> 聚类@p1 -> 主成分@p1 -> VAR@p13 -> K-Means@p13 -> ODE@p20,连接词=首先:14、其次:3、进一步:8、可知:2、表明:2、说明:1、验证:14、相比:1、为了:1、因此:7；页行中位数=32.0；段落候选中位数=6.0；图表候选=60；公式行候选=70；标题候选=86,更进一步的分类：（3）分析分类的合理性与敏感性。,问题2：（1）根据表单1中玻璃的基本信息与表单2中玻璃检测点所含化学成分 / 分析玻璃如何进行分类；（2）已完成分类的两种玻璃依据合适的化学成分再分别进行 / 更进一步的分类：（3）分析分类的合理性与敏感性。 / 问题3：（1）分析附件表单3中未知玻璃类型的化学成分，依据问题2中得出的 / 分类规律对其类型进行鉴别；（2）分析分类结果的敏感性。,2022/C229.pdf#page=2:line=27
2022,C,C229,section_heading,模型评价,模型评价,19,26,0.853428,交叉验证@p1 -> 回归@p1 -> 聚类@p1 -> 主成分@p1 -> VAR@p13 -> K-Means@p13 -> ODE@p20,连接词=首先:14、其次:3、进一步:8、可知:2、表明:2、说明:1、验证:14、相比:1、为了:1、因此:7；页行中位数=32.0；段落候选中位数=6.0；图表候选=60；公式行候选=70；标题候选=86,八、模型评价与展望,采用Pearson相关系数分析化学成分之间的关联关系，基于wilcoxon检验比较两种 / 类型玻璃化学成分之间关联关系的差异性。结果真实可靠。 / 八、模型评价与展望 / 8.1模型的优点 / 本文优点是基于成分数据分析对玻璃化学成分进行分析，并对不同玻璃类型进行分,2022/C229.pdf#page=19:line=26
2022,C,C229,section_heading,参考文献,参考文献,20,10,0.84936,交叉验证@p1 -> 回归@p1 -> 聚类@p1 -> 主成分@p1 -> VAR@p13 -> K-Means@p13 -> ODE@p20,连接词=首先:14、其次:3、进一步:8、可知:2、表明:2、说明:1、验证:14、相比:1、为了:1、因此:7；页行中位数=32.0；段落候选中位数=6.0；图表候选=60；公式行候选=70；标题候选=86,九、参考文献,去分类。对于问题4，考虑其他相关系数方法来度量化学成分之间的关联关系，例如灰 / 色关联分析，最大距离相关系数、互信息等。 / 九、参考文献 / [1]赵志强.新疆巴里坤石人子沟遗址群出土玻璃珠的成分体系与制作工艺研究[D].西 / 北大学，2016.,2022/C229.pdf#page=20:line=10
2022,C,C229,section_heading,附录,附录,21,1,0.666111,交叉验证@p1 -> 回归@p1 -> 聚类@p1 -> 主成分@p1 -> VAR@p13 -> K-Means@p13 -> ODE@p20,连接词=首先:14、其次:3、进一步:8、可知:2、表明:2、说明:1、验证:14、相比:1、为了:1、因此:7；页行中位数=32.0；段落候选中位数=6.0；图表候选=60；公式行候选=70；标题候选=86,附录,附录 / 支撑材料： / 1.数据：,2022/C229.pdf#page=21:line=1
2023,A,A0127,paper_overview,,论文总览,1,1,0.857211,未检出,连接词=首先:9、其次:5、进一步:3、由此:1、可知:1、说明:3、为了:2、从而:2、因此:17；页行中位数=44.0；段落候选中位数=6.0；图表候选=44；公式行候选=624；标题候选=263,定日镜场的输出功率优化,定日镜场的输出功率优化 / 摘要 / 定日镜场优化方案的设计是提高光热发电效率和推动绿色中国建设的关键。本文,2023/A0127.pdf#page=1:line=1
2023,A,A0127,section_heading,摘要,摘要,1,2,0.665887,未检出,连接词=首先:9、其次:5、进一步:3、由此:1、可知:1、说明:3、为了:2、从而:2、因此:17；页行中位数=44.0；段落候选中位数=6.0；图表候选=44；公式行候选=624；标题候选=263,摘要,定日镜场的输出功率优化 / 摘要 / 定日镜场优化方案的设计是提高光热发电效率和推动绿色中国建设的关键。本文 / 从优化角度出发，建立了定日镜平均输出热功率优化模型，并通过通历法等方法进行求,2023/A0127.pdf#page=1:line=2
2023,A,A0127,section_heading,问题重述,问题重述,2,1,0.854837,未检出,连接词=首先:9、其次:5、进一步:3、由此:1、可知:1、说明:3、为了:2、从而:2、因此:17；页行中位数=44.0；段落候选中位数=6.0；图表候选=44；公式行候选=624；标题候选=263,一、问题重述,一、问题重述 / 1.1问题背景 / 随着“双碳”日标的提出和绿色中国战略的推行，搭建新能源发电系统己经成为全体,2023/A0127.pdf#page=2:line=1
2023,A,A0127,section_heading,问题分析,问题分析,2,31,0.837943,未检出,连接词=首先:9、其次:5、进一步:3、由此:1、可知:1、说明:3、为了:2、从而:2、因此:17；页行中位数=44.0；段落候选中位数=6.0；图表候选=44；公式行候选=624；标题候选=263,二、问题分析,定功率，并实现定日镜输出功率最大化。要求我们按照指定格式将计算结果写入表1、 / 表2和表3，将各定日镜场参数写入附件result3.xlsx中。 / 二、问题分析 / 本题的研究对象为定日镜场，研究的内容为定日镜场输出热功率的计算方法和定日 / 镜场的优化设计。它实际上是一道优化间题，要求我们得出光学效率等物理量的计算方,2023/A0127.pdf#page=2:line=31
2023,A,A0127,section_heading,模型假设,模型假设,3,34,0.854773,未检出,连接词=首先:9、其次:5、进一步:3、由此:1、可知:1、说明:3、为了:2、从而:2、因此:17；页行中位数=44.0；段落候选中位数=6.0；图表候选=44；公式行候选=624；标题候选=263,三、模型假设,最佳定日镜场参数。然后，根据间题一设计的计算策略，完成定日镜场年平均光学效率 / 等物理量的计算。最后，对结果进行结果分析。 / 三、模型假设 / 1.假设定日镜场各装置在工作过程中不会发生任何故障。 / 2.假设不存在沙尘暴等小概率事件，忽略极端人气等对定日镜场工作过程的影响。,2023/A0127.pdf#page=3:line=34
2023,A,A0127,section_heading,符号说明,符号说明,4,1,0.852914,未检出,连接词=首先:9、其次:5、进一步:3、由此:1、可知:1、说明:3、为了:2、从而:2、因此:17；页行中位数=44.0；段落候选中位数=6.0；图表候选=44；公式行候选=624；标题候选=263,四、符号说明,四、符号说明 / 符号 / 说明,2023/A0127.pdf#page=4:line=1
2023,A,A0127,section_heading,模型建立,模型建立,1,32,0.868187,未检出,连接词=首先:9、其次:5、进一步:3、由此:1、可知:1、说明:3、为了:2、从而:2、因此:17；页行中位数=44.0；段落候选中位数=6.0；图表候选=44；公式行候选=624；标题候选=263,谎所在的位置确定其尺寸与安装高度。其次，基于间题二模型建立的思路，以定镜年,针对问题三，首先，提出定日镜规格分区域规划策略：在同一区域内，定日镜规格 / （镜面宽度、镜面高度、安装高度）相同；在不同的区域中，定日镜规格不同，根据定日 / 谎所在的位置确定其尺寸与安装高度。其次，基于间题二模型建立的思路，以定镜年 / 平均输出热功率最大化为日标，建立改进定日镜平均输出热功率优化模型。然后，通过 / 二分法和变步长搜索算法完成最佳定日镜场参数的求解。部分求解结果：定日镜单位面,2023/A0127.pdf#page=1:line=32
2023,A,A0127,section_heading,模型求解,模型求解,19,15,0.915682,未检出,连接词=首先:9、其次:5、进一步:3、由此:1、可知:1、说明:3、为了:2、从而:2、因此:17；页行中位数=44.0；段落候选中位数=6.0；图表候选=44；公式行候选=624；标题候选=263,6.4定日镜平均输出热功率优化模型的求解,"ZS-(DNIDZ,A;n) ≥ 60MW / ≤h / 6.4定日镜平均输出热功率优化模型的求解 / 本文采取变步长搜索法寻找最佳的定日镜场参数，在定日镜场额定功率达到60MW / 的前提下使得定日镜单位面积年平均输出热功率最大化。变步长搜索法寻找最佳定日镜",2023/A0127.pdf#page=19:line=15
2023,A,A0127,section_heading,结果分析,结果分析,1,16,0.911409,未检出,连接词=首先:9、其次:5、进一步:3、由此:1、可知:1、说明:3、为了:2、从而:2、因此:17；页行中位数=44.0；段落候选中位数=6.0；图表候选=44；公式行候选=624；标题候选=263,断效率的计算。最后，将参数代入至程序后，完成间题一的求解。部分求解结果：定日,光线离散化处理后，通过问量运算法则得出离光线问量，通过计算离光线问量所在 / 直线与集热器所在圆柱而的交点判断离散光线能否入射到集热器上，进而完成集热器截 / 断效率的计算。最后，将参数代入至程序后，完成间题一的求解。部分求解结果：定日 / 镜场的年平均输出热功率为36.9945MW；年平均光学效率为0.6051；定日镜单位面积 / 镜面年平均输出热功率为0.5888kW/m²，具体求解结果见附录二。,2023/A0127.pdf#page=1:line=16
2023,A,A0127,section_heading,灵敏度分析,灵敏度分析,25,24,0.92053,未检出,连接词=首先:9、其次:5、进一步:3、由此:1、可知:1、说明:3、为了:2、从而:2、因此:17；页行中位数=44.0；段落候选中位数=6.0；图表候选=44；公式行候选=624；标题候选=263,八 、 灵 敏 度 分 析,"(0,-79) 6.46.4 共 7 种 2846 116572.2mz / 其 中 ， 定 日 镜 安 装 高 度 共 有 7 种， 分别 为 3.2m,3.3m,3.4m,3.Sm,3.6m,3.7m,3.8m。 / 八 、 灵 敏 度 分 析 / 8.1 ”模型 对 集 热 器 尺寸 的 灵敏 性 / 在 上 文中 ， 集 热 器 尺寸 是 定 值 .为 高 Sm、 直 径 7m 的 圆柱 体 。 考 虑 到 实际 光 热 电站",2023/A0127.pdf#page=25:line=24
2023,A,A0127,section_heading,模型评价,模型评价,27,1,0.961173,未检出,连接词=首先:9、其次:5、进一步:3、由此:1、可知:1、说明:3、为了:2、从而:2、因此:17；页行中位数=44.0；段落候选中位数=6.0；图表候选=44；公式行候选=624；标题候选=263,九 、 模 型 的 评价 与 推广,九 、 模 型 的 评价 与 推广 / 9.1 模型 的 优点 / ta ITE AREA 40 佘 方 根 光线 追 迹 ， 求 解 出 的 光学 效率 精确 度 高 ， 效,2023/A0127.pdf#page=27:line=1
2023,A,A0127,section_heading,参考文献,参考文献,8,4,0.896343,未检出,连接词=首先:9、其次:5、进一步:3、由此:1、可知:1、说明:3、为了:2、从而:2、因此:17；页行中位数=44.0；段落候选中位数=6.0；图表候选=44；公式行候选=624；标题候选=263,"根据 参考 文献 站 ,cos 6 ERA LAME SRBC. 结合 附录 内 容 , 得 出 余弦 效","cos 6; = _ iti (13) / i + / 根据 参考 文献 站 ,cos 6 ERA LAME SRBC. 结合 附录 内 容 , 得 出 余弦 效 / 率 的 计算 公式 为 : ; / Neos,i = COS O; = ms (14)",2023/A0127.pdf#page=8:line=4
2023,A,A0127,section_heading,附录,附录,1,18,0.888892,未检出,连接词=首先:9、其次:5、进一步:3、由此:1、可知:1、说明:3、为了:2、从而:2、因此:17；页行中位数=44.0；段落候选中位数=6.0；图表候选=44；公式行候选=624；标题候选=263,镜面年平均输出热功率为0.5888kW/m²，具体求解结果见附录二。,断效率的计算。最后，将参数代入至程序后，完成间题一的求解。部分求解结果：定日 / 镜场的年平均输出热功率为36.9945MW；年平均光学效率为0.6051；定日镜单位面积 / 镜面年平均输出热功率为0.5888kW/m²，具体求解结果见附录二。 / 针对问题二，首先，根据定日镜场当地太阳辐射能的分布情况，提出吸收塔选址策 / 略，约束吸收塔的位置。其次，提出分区域同心圆规划策略，通过绘制同心圆将圆形定,2023/A0127.pdf#page=1:line=18
2023,A,A0165,paper_overview,,论文总览,1,1,0.891174,蒙特卡洛@p1,连接词=首先:4、进一步:2、可知:2、表明:1、说明:8、验证:2、为了:3、从而:6、因此:9；页行中位数=35；段落候选中位数=6；图表候选=17；公式行候选=423；标题候选=246,基于机理分析法的定日镜场优化设计模型,基于机理分析法的定日镜场优化设计模型 / 摘要 / 本文针对定日镜场优化设计问题，运用光学相关定律进行机理分析，建立单目标最,2023/A0165.pdf#page=1:line=1
2023,A,A0165,section_heading,摘要,摘要,1,2,0.664864,蒙特卡洛@p1,连接词=首先:4、进一步:2、可知:2、表明:1、说明:8、验证:2、为了:3、从而:6、因此:9；页行中位数=35；段落候选中位数=6；图表候选=17；公式行候选=423；标题候选=246,摘要,基于机理分析法的定日镜场优化设计模型 / 摘要 / 本文针对定日镜场优化设计问题，运用光学相关定律进行机理分析，建立单目标最 / 优化模型，基于三分查找、蒙特卡洛方法进行计算机求解，在不同的定日镜数量、位置、,2023/A0165.pdf#page=1:line=2
2023,A,A0165,section_heading,问题重述,问题重述,2,1,0.854253,蒙特卡洛@p1,连接词=首先:4、进一步:2、可知:2、表明:1、说明:8、验证:2、为了:3、从而:6、因此:9；页行中位数=35；段落候选中位数=6；图表候选=17；公式行候选=423；标题候选=246,一、问题重述,一、问题重述 / 1.1问题背景 / 我国正积极采取行动，以应对气候变化并实现“碳达峰”和“碳中和”的目标，为,2023/A0165.pdf#page=2:line=1
2023,A,A0165,section_heading,问题分析,问题分析,3,8,0.849694,蒙特卡洛@p1,连接词=首先:4、进一步:2、可知:2、表明:1、说明:8、验证:2、为了:3、从而:6、因此:9；页行中位数=35；段落候选中位数=6；图表候选=17；公式行候选=423；标题候选=246,二、问题分析,"并将吸收塔的位置坐标、各定日镜尺寸、安装高度以及定日镜位置按照指定格式保存到 / 名为""result3.xlsx”的文件中。 / 二、问题分析 / 2.1对定日镜场光学效率与输出热功率求解模型的分析 / 在本问题中，需根据原问题给定参数计算定日镜场的月平均与年平均余弦效率、阴",2023/A0165.pdf#page=3:line=8
2023,A,A0165,section_heading,模型假设,模型假设,4,1,0.825397,蒙特卡洛@p1,连接词=首先:4、进一步:2、可知:2、表明:1、说明:8、验证:2、为了:3、从而:6、因此:9；页行中位数=35；段落候选中位数=6；图表候选=17；公式行候选=423；标题候选=246,三、模型假设与约定,三、模型假设与约定 / 1.忽略降雨等天气因素对定日镜光学效率的影响，仅考虑晴朗天气的情形： / 2.反射光线在集热器表面形成的光斑内均匀分布，且能量全部被集热器接收：,2023/A0165.pdf#page=4:line=1
2023,A,A0165,section_heading,符号说明,符号说明,5,1,0.851736,蒙特卡洛@p1,连接词=首先:4、进一步:2、可知:2、表明:1、说明:8、验证:2、为了:3、从而:6、因此:9；页行中位数=35；段落候选中位数=6；图表候选=17；公式行候选=423；标题候选=246,四、符号说明及名词定义,四、符号说明及名词定义 / 表1符号说明 / 符号,2023/A0165.pdf#page=5:line=1
2023,A,A0165,section_heading,模型建立,模型建立,6,1,0.82959,蒙特卡洛@p1,连接词=首先:4、进一步:2、可知:2、表明:1、说明:8、验证:2、为了:3、从而:6、因此:9；页行中位数=35；段落候选中位数=6；图表候选=17；公式行候选=423；标题候选=246,五、模型建立与求解,五、模型建立与求解 / 5.1问题一的模型建立与求解 / 5.1.1问题一的建模准备,2023/A0165.pdf#page=6:line=1
2023,A,A0165,section_heading,模型求解,模型求解,12,20,0.916496,蒙特卡洛@p1,连接词=首先:4、进一步:2、可知:2、表明:1、说明:8、验证:2、为了:3、从而:6、因此:9；页行中位数=35；段落候选中位数=6；图表候选=17；公式行候选=423；标题候选=246,5.1.3问题一的模型求解,Efield=DNI·ENA·n / (23) / 5.1.3问题一的模型求解 / 在本问题中，将定日镜反射集热过程划分为太阳光线入射过程、定日镜法向调整过 / 程、阴影遮挡与集热器截断过程。对这三个过程进行仿真模拟，从而得到阴影遮挡效率,2023/A0165.pdf#page=12:line=20
2023,A,A0165,section_heading,结果分析,结果分析,14,15,0.926017,蒙特卡洛@p1,连接词=首先:4、进一步:2、可知:2、表明:1、说明:8、验证:2、为了:3、从而:6、因此:9；页行中位数=35；段落候选中位数=6；图表候选=17；公式行候选=423；标题候选=246,s.1.4 问 题 一 的 模型 结果 分 析,"年 平均 | 年 平均 | 年 平均 阴影 | 年 平均 | 年 平均 输出 | 单位 面积 镜面 平均 输出 / 光学 效率 | 余弦 效率 | 遮挡 效率 “| 截断 效率 | 热 功 率 (MW) 热 功率 (kW/m?) / s.1.4 问 题 一 的 模型 结果 分 析 / 依据 题目 信息 可 得 , 题 中 所 有 指标 的 计算 时 刻 为 一 年 中 每 月 21 A 9:00. 10:30, 12:00, / 13:30、15:00。 通 过 对 记录 的 时 刻 进 行 分 析 ，9:00、10:30 关于 中 午 12:00 分 别 与 13:30、",2023/A0165.pdf#page=14:line=15
2023,A,A0165,section_heading,模型检验,模型检验,22,15,0.928965,蒙特卡洛@p1,连接词=首先:4、进一步:2、可知:2、表明:1、说明:8、验证:2、为了:3、从而:6、因此:9；页行中位数=35；段落候选中位数=6；图表候选=17；公式行候选=423；标题候选=246,六 、 模型 检验,"位 置 坐标 ( 宽 关 高 ) | 高 度 (m) | 总 面 数 (mo2) / ao |) |e | sma / 六 、 模型 检验 / 由 于 问题 二 与 问题 三 的 模型 都 是 基于 问题 一 变化 而 得 ， 因 此 在 本 小 节 中 ,将 对 问题 / 一 中 的 模型 进行 检验 ， 并 判断 问题 一 中 模型 的 合理 性 。 对 问题 一 的 问题 分 析 可 得 ,在 该",2023/A0165.pdf#page=22:line=15
2023,A,A0165,section_heading,模型评价,模型评价,1,32,0.915842,蒙特卡洛@p1,连接词=首先:4、进一步:2、可知:2、表明:1、说明:8、验证:2、为了:3、从而:6、因此:9；页行中位数=35；段落候选中位数=6；图表候选=17；公式行候选=423；标题候选=246,最后，对模型进行检验，并评估模型优缺点。,0.5856，0.8625，0.8642，0.8804，44.25MW，0.4556kW/m²，定日镜数量、各定日镜尺 / 寸与安装高度、吸收塔位置坐标与上一问题一致。 / 最后，对模型进行检验，并评估模型优缺点。 / 关键词：定日镜场单目标优化栅格化三分查找 / dxs.moe.gov.cn,2023/A0165.pdf#page=1:line=32
2023,A,A0165,section_heading,参考文献,参考文献,25,1,0.738756,蒙特卡洛@p1,连接词=首先:4、进一步:2、可知:2、表明:1、说明:8、验证:2、为了:3、从而:6、因此:9；页行中位数=35；段落候选中位数=6；图表候选=17；公式行候选=423；标题候选=246,参考文献,"参考文献 / [1]刘建兴.塔式光热电站光学效率建模仿真及定日镜场优化布置[D].兰州交通大 / 学,2022.",2023/A0165.pdf#page=25:line=1
2023,A,A0165,section_heading,附录,附录,14,4,0.928379,蒙特卡洛@p1,连接词=首先:4、进一步:2、可知:2、表明:1、说明:8、验证:2、为了:3、从而:6、因此:9；页行中位数=35；段落候选中位数=6；图表候选=17；公式行候选=423；标题候选=246,表 2 每 月 21 日 平均 光学 效率 及 输出 功率 ( 详 见 附录 A),求 出 各 指标 的 月 平均 值 ， 其 结果 如 表 2 所 示 。 此 外 ， 通 过 月 平均 指标 求 出 定 镜 日 场 / 的 年 平均 光学 效率 以 及 和 给 出 热 功率 等 指标 如 表 3 所 示 。 / 表 2 每 月 21 日 平均 光学 效率 及 输出 功率 ( 详 见 附录 A) / an 平均 平均 “| 平均 阴影 | ”平均 | 单位 面积 镜面 平均 输出 / 光学 效率 | 余弦 效率 | 遮挡 效率 | 截断 效率 热 功率 (kW/m?),2023/A0165.pdf#page=14:line=4
2023,A,A0175,paper_overview,,论文总览,1,1,0.898649,蒙特卡洛@p17,连接词=首先:13、进一步:6、表明:2、说明:2、为了:3、从而:4、因此:14；页行中位数=31；段落候选中位数=5；图表候选=14；公式行候选=420；标题候选=46,定日镜场的优化设计模型,定日镜场的优化设计模型 / 摘要 / 定日镜场能将太阳光反射汇聚到安装在镜场中的吸收塔集热器上，实现能量转换，,2023/A0175.pdf#page=1:line=1
2023,A,A0175,section_heading,摘要,摘要,1,2,0.666132,蒙特卡洛@p17,连接词=首先:13、进一步:6、表明:2、说明:2、为了:3、从而:4、因此:14；页行中位数=31；段落候选中位数=5；图表候选=14；公式行候选=420；标题候选=46,摘要,定日镜场的优化设计模型 / 摘要 / 定日镜场能将太阳光反射汇聚到安装在镜场中的吸收塔集热器上，实现能量转换， / 不同的定日镜场参数会影响定日镜场的效率。本文通过光线反射、入射等模型，计算,2023/A0175.pdf#page=1:line=2
2023,A,A0175,section_heading,问题分析,问题分析,2,1,0.774856,蒙特卡洛@p17,连接词=首先:13、进一步:6、表明:2、说明:2、为了:3、从而:4、因此:14；页行中位数=31；段落候选中位数=5；图表候选=14；公式行候选=420；标题候选=46,一、问题分析,一、问题分析 / 1.1问题一的分析 / 问题一是在定日镜场参数确定时，计算定日镜场的效率。同时，题中简化计算,2023/A0175.pdf#page=2:line=1
2023,A,A0175,section_heading,模型假设,模型假设,2,21,0.832888,蒙特卡洛@p17,连接词=首先:13、进一步:6、表明:2、说明:2、为了:3、从而:4、因此:14；页行中位数=31；段落候选中位数=5；图表候选=14；公式行候选=420；标题候选=46,二、模型假设,情况下，使得单位面积年平均输出热功率尽量大。根据问题二的寻优过程，适当调整 / 尺寸和高度。 / 二、模型假设 / 为了对模型进行合理简化，我们建立了以下的模型假设： / 1、假设太阳光直接照射到集热器上，不计入我们模型的计算。,2023/A0175.pdf#page=2:line=21
2023,A,A0175,section_heading,符号说明,符号说明,2,28,0.804312,蒙特卡洛@p17,连接词=首先:13、进一步:6、表明:2、说明:2、为了:3、从而:4、因此:14；页行中位数=31；段落候选中位数=5；图表候选=14；公式行候选=420；标题候选=46,三、符号说明,3、假设吸收塔的直径和集热器的直径相同，为7m。 / 4、假设安装定日镜场时不考虑人工成本、土地利用率等。 / 三、符号说明 / 符号表示 / 符号说明,2023/A0175.pdf#page=2:line=28
2023,A,A0175,section_heading,模型建立,模型建立,2,10,0.934579,蒙特卡洛@p17,连接词=首先:13、进一步:6、表明:2、说明:2、为了:3、从而:4、因此:14；页行中位数=31；段落候选中位数=5；图表候选=14；公式行候选=420；标题候选=46,平行的能量损伤。最后，建立模型表示集热器的接收能量，计算定日镜场的相应量。,挡损伤考虑塔身的阴影损伤、后排镜面接受的太阳光线被前镜阻挡的阴影损伤和后排 / 镜面反射的太阳光线被前镜阻挡的遮挡损伤。余弦损伤考虑为入射光线和镜面法线不 / 平行的能量损伤。最后，建立模型表示集热器的接收能量，计算定日镜场的相应量。 / 1.2间题二的分析 / 优化模型下，吸收塔的位置坐标、定日镜尺寸、安装高度、定日镜数量、定日镜,2023/A0175.pdf#page=2:line=10
2023,A,A0175,section_heading,模型求解,模型求解,12,23,0.842502,蒙特卡洛@p17,连接词=首先:13、进一步:6、表明:2、说明:2、为了:3、从而:4、因此:14；页行中位数=31；段落候选中位数=5；图表候选=14；公式行候选=420；标题候选=46,4.3问题一模型的求解,"P,-P/Z4 / (28) / 4.3问题一模型的求解 / 4.3.1利用邻接矩阵寻找问题定日镜 / 按照附件顺序进行定日镜编号。首先，通过计算每个定日镜中心在镜场大地坐标",2023/A0175.pdf#page=12:line=23
2023,A,A0175,section_heading,结果分析,结果分析,14,5,0.931975,蒙特卡洛@p17,连接词=首先:13、进一步:6、表明:2、说明:2、为了:3、从而:4、因此:14；页行中位数=31；段落候选中位数=5；图表候选=14；公式行候选=420；标题候选=46,44 问题 一 的 结果 分 析,效率 效率 | sexo | 。 效率 热 功率 | 年 平均 答 出 热 / MW 功率 (kWym: / 44 问题 一 的 结果 分 析 / 取 不 同 的 镜面 网 格 化 步 长 下 的 1 月 21 日 上 午 9: 00 的 单位 镜面 面积 平均 输出 热 功 / 率 ， 当 步 长 从 1.5 开始 后 ， 单 位 镜面 面积 平均 输出 热 功 率 增长 的 速度 变 得 缓慢 。 因 此 ，,2023/A0175.pdf#page=14:line=5
2023,A,A0175,section_heading,灵敏度分析,灵敏度分析,1,17,0.908189,蒙特卡洛@p17,连接词=首先:13、进一步:6、表明:2、说明:2、为了:3、从而:4、因此:14；页行中位数=31；段落候选中位数=5；图表候选=14；公式行候选=420；标题候选=46,输出热功率0.521508604kW/m²，最后，进行敏感性分析，分析步长t对结果的影响。,行网格化构建入射光线束和反射光线束，计算得到表1和表2。该定日镜场的年平均输 / 出光学效率0.536230167、年平均输出热功率32.76117051MW、单位镜面面积年平均 / 输出热功率0.521508604kW/m²，最后，进行敏感性分析，分析步长t对结果的影响。 / 针对问题二，本文提出了单位镜面面积年平均输出热功率的优化模型。问题二是 / 在定日镜场的额定年平均输出热功率为60MW的条件下，设计定日镜场的参数，使得,2023/A0175.pdf#page=1:line=17
2023,A,A0175,section_heading,模型评价,模型评价,21,6,0.963111,蒙特卡洛@p17,连接词=首先:13、进一步:6、表明:2、说明:2、为了:3、从而:4、因此:14；页行中位数=31；段落候选中位数=5；图表候选=14；公式行候选=420；标题候选=46,七 、 模 型 的 评价 和 推广,#10: 问题 3 的 设计 参数 表 / oa | | | an | nes / 七 、 模 型 的 评价 和 推广 / 7.1 ”模型 的 优点 / 在 计算 时 ， 简 化 计算 ， 并 考虑 了 锥 形 束 的 入 射 、 反 射 和 阴影 遗 挡 损失 。,2023/A0175.pdf#page=21:line=6
2023,A,A0175,section_heading,改进方案,改进方案,21,13,0.932147,蒙特卡洛@p17,连接词=首先:13、进一步:6、表明:2、说明:2、为了:3、从而:4、因此:14；页行中位数=31；段落候选中位数=5；图表候选=14；公式行候选=420；标题候选=46,可 将 模型 推广 到 定 日 镜 场 的 优化 设计 和 安排 策略 。,果 不 够 精确 。 / 7.3 ”模型 的 推广 / 可 将 模型 推广 到 定 日 镜 场 的 优化 设计 和 安排 策略 。 / 八 、 参 考 文献 / (1] 张 平 等 ， 太 阳 能 塔 式 光 热 镜 场 光 学 效率 计算 方法 串 ， 技 术 与 市 场 ，2021，28(6):5-8.,2023/A0175.pdf#page=21:line=13
2023,A,A0175,section_heading,参考文献,参考文献,21,14,0.922375,蒙特卡洛@p17,连接词=首先:13、进一步:6、表明:2、说明:2、为了:3、从而:4、因此:14；页行中位数=31；段落候选中位数=5；图表候选=14；公式行候选=420；标题候选=46,八 、 参 考 文献,7.3 ”模型 的 推广 / 可 将 模型 推广 到 定 日 镜 场 的 优化 设计 和 安排 策略 。 / 八 、 参 考 文献 / (1] 张 平 等 ， 太 阳 能 塔 式 光 热 镜 场 光 学 效率 计算 方法 串 ， 技 术 与 市 场 ，2021，28(6):5-8. / [2] 杜 宇航 等 ， 塔 式 光 热电 站 定 日 镜 不 同 聚 焦 策 格 的 影响 分 析 加 ， 动 力 工程 学 报 ，,2023/A0175.pdf#page=21:line=14
2023,A,A0175,section_heading,附录,附录,22,1,0.966826,蒙特卡洛@p17,连接词=首先:13、进一步:6、表明:2、说明:2、为了:3、从而:4、因此:14；页行中位数=31；段落候选中位数=5；图表候选=14；公式行候选=420；标题候选=46,附录,附录 / 本 文采 用 Python 进行 编程 。 / import numpy as np,2023/A0175.pdf#page=22:line=1
2023,A,A092,paper_overview,,论文总览,1,1,0.770283,蒙特卡洛@p1 -> 遗传算法@p1 -> 回归@p5,连接词=首先:5、进一步:7、由此:1、可知:5、说明:3、验证:1、为了:9、从而:6、因此:22；页行中位数=38；段落候选中位数=6；图表候选=41；公式行候选=496；标题候选=68,定日镜场的优化设计,定日镜场的优化设计 / 摘要 / 塔式太阳能光热发电是一种较为理想的、技术发展相对成熟的大规模利用太阳能,2023/A092.pdf#page=1:line=1
2023,A,A092,section_heading,摘要,摘要,1,2,0.666119,蒙特卡洛@p1 -> 遗传算法@p1 -> 回归@p5,连接词=首先:5、进一步:7、由此:1、可知:5、说明:3、验证:1、为了:9、从而:6、因此:22；页行中位数=38；段落候选中位数=6；图表候选=41；公式行候选=496；标题候选=68,摘要,定日镜场的优化设计 / 摘要 / 塔式太阳能光热发电是一种较为理想的、技术发展相对成熟的大规模利用太阳能 / 发电的技术，定日镜是其收集太阳能的重要基本组件，通过数学建模对定日镜场的各,2023/A092.pdf#page=1:line=2
2023,A,A092,section_heading,问题重述,问题重述,2,1,0.779598,蒙特卡洛@p1 -> 遗传算法@p1 -> 回归@p5,连接词=首先:5、进一步:7、由此:1、可知:5、说明:3、验证:1、为了:9、从而:6、因此:22；页行中位数=38；段落候选中位数=6；图表候选=41；公式行候选=496；标题候选=68,一、问题重述,一、问题重述 / 1.1问题背景 / 随着全球能源问题和环境问题日益严峻，人们迫切需要开发一种新能源来替代传,2023/A092.pdf#page=2:line=1
2023,A,A092,section_heading,问题分析,问题分析,3,36,0.79571,蒙特卡洛@p1 -> 遗传算法@p1 -> 回归@p5,连接词=首先:5、进一步:7、由此:1、可知:5、说明:3、验证:1、为了:9、从而:6、因此:22；页行中位数=38；段落候选中位数=6；图表候选=41；公式行候选=496；标题候选=68,四、问题分析,集热器截断效率 / 集热器的高度 / 四、问题分析 / 4.1问题一的分析 / 问题一要求我们求解给定条件下定日镜场的年平均光学效率、年平均输出热功率,2023/A092.pdf#page=3:line=36
2023,A,A092,section_heading,模型假设,模型假设,2,26,0.810104,蒙特卡洛@p1 -> 遗传算法@p1 -> 回归@p5,连接词=首先:5、进一步:7、由此:1、可知:5、说明:3、验证:1、为了:9、从而:6、因此:22；页行中位数=38；段落候选中位数=6；图表候选=41；公式行候选=496；标题候选=68,二、模型假设,位置、定日镜的总数目、各个定日镜的尺寸以及安装高度，使得该定日镜场在满足额 / 定功率的同时，能使单位镜面面积年平均输出热功率尽量大。 / 二、模型假设 / 1、假设天气一直保持晴朗，太阳光线不会被云层遮盖 / 2、假设不发生光的散射,2023/A092.pdf#page=2:line=26
2023,A,A092,section_heading,符号说明,符号说明,3,1,0.852687,蒙特卡洛@p1 -> 遗传算法@p1 -> 回归@p5,连接词=首先:5、进一步:7、由此:1、可知:5、说明:3、验证:1、为了:9、从而:6、因此:22；页行中位数=38；段落候选中位数=6；图表候选=41；公式行候选=496；标题候选=68,三、符号说明,三、符号说明 / 符号 / 说明,2023/A092.pdf#page=3:line=1
2023,A,A092,section_heading,模型建立,模型建立,4,9,0.847179,蒙特卡洛@p1 -> 遗传算法@p1 -> 回归@p5,连接词=首先:5、进一步:7、由此:1、可知:5、说明:3、验证:1、为了:9、从而:6、因此:22；页行中位数=38；段落候选中位数=6；图表候选=41；公式行候选=496；标题候选=68,五、模型的建立与求解,与第二问相同。在求解时，我们可以在定日镜同心圆排布的基础上对每圈定日镜的尺 / 寸及安装高度以及位置坐标采用变步长的方式进行遍历求解。 / 五、模型的建立与求解 / 5.1问题一模型的建立与求解 / 问题一要求我们求解给定条件下定日镜场的年平均光学效率、年平均输出热功率,2023/A092.pdf#page=4:line=9
2023,A,A092,section_heading,模型求解,模型求解,16,25,0.966887,蒙特卡洛@p1 -> 遗传算法@p1 -> 回归@p5,连接词=首先:5、进一步:7、由此:1、可知:5、说明:3、验证:1、为了:9、从而:6、因此:22；页行中位数=38；段落候选中位数=6；图表候选=41；公式行候选=496；标题候选=68,5.1.2 模型 的 求解,oA / k=l / 5.1.2 模型 的 求解 / 通过 把 题目 提供 的 数据 代入 到 问题 一 建立 的 模型 里 ， 我 们 可 以 直接 求 得 太阳 高 度 / 角 、 太 阳 方 位 角 、 定 日 镜 俯仰 角 以 及 定 日 镜 方位 和 角 等 ， 唯 一 我 们 无 法 直接 求 得 的 是 集,2023/A092.pdf#page=16:line=25
2023,A,A092,section_heading,结果分析,结果分析,17,6,0.942994,蒙特卡洛@p1 -> 遗传算法@p1 -> 回归@p5,连接词=首先:5、进一步:7、由此:1、可知:5、说明:3、验证:1、为了:9、从而:6、因此:22；页行中位数=38；段落候选中位数=6；图表候选=41；公式行候选=496；标题候选=68,(2) 求解 结果 及 分 析,"重复 上 述 Step1-~Step3 操作 10000 2K, i+ Mi MAeKBin, n/10000 即 为 该 定 日 / 镜 的 截断 效率 。 / (2) 求解 结果 及 分 析 / 通过 MATLAB RAR, 我 们 计算 出 了 每 月 21 日 平均 光学 效率 及 得 出 功率 以 及 年 平 / 均 光 学 效率 及 输出 功率 ， 如 下 表 1、 表 2 所 示 。",2023/A092.pdf#page=17:line=6
2023,A,A092,section_heading,模型检验,模型检验,19,20,0.93833,蒙特卡洛@p1 -> 遗传算法@p1 -> 回归@p5,连接词=首先:5、进一步:7、由此:1、可知:5、说明:3、验证:1、为了:9、从而:6、因此:22；页行中位数=38；段落候选中位数=6；图表候选=41；公式行候选=496；标题候选=68,5.1.3 模型 检验,"线 落 点 始终 位 于 吸 热 搭 北方， 因此 偏 北 的 定 日 镜 年 平均 光学 效率 相对 较 高 ， 与 我 们 的 / 推测 一 致 。 如 果 需 要 对 定 日 镜 的 分 布 进行 优化 , 应 将 定 日 镜 尽 可 能 摆 放 在 吸 热 塔 北方 。 / 5.1.3 模型 检验 / 通过 查阅 文献 可 知 ， 单 位 镜面 面积 年 平均 得 出 功率 和 定 日 镜 场 年 平均 输出 功率 与 / 镜面 的 尺寸 存在 相关 性 ， 由 于 本 问 中 定 日 镜 的 高 度 和 宽度 相等 ， 因 此 我 们 只 需要 对 镜",2023/A092.pdf#page=19:line=20
2023,A,A092,section_heading,模型评价,模型评价,32,1,0.904943,蒙特卡洛@p1 -> 遗传算法@p1 -> 回归@p5,连接词=首先:5、进一步:7、由此:1、可知:5、说明:3、验证:1、为了:9、从而:6、因此:22；页行中位数=38；段落候选中位数=6；图表候选=41；公式行候选=496；标题候选=68,六、模型的评价、改进与推广,六、模型的评价、改进与推广 / 6.1模型的优点 / 1.我们的模型可拓展性强，适应范围广,2023/A092.pdf#page=32:line=1
2023,A,A092,section_heading,参考文献,参考文献,33,1,0.818257,蒙特卡洛@p1 -> 遗传算法@p1 -> 回归@p5,连接词=首先:5、进一步:7、由此:1、可知:5、说明:3、验证:1、为了:9、从而:6、因此:22；页行中位数=38；段落候选中位数=6；图表候选=41；公式行候选=496；标题候选=68,七、参考文献,"七、参考文献 / [1]胡叶广，塔式太阳能热发电系统的多级反射式聚光镜场的研究[D].哈尔滨工业大 / 学,2018.",2023/A092.pdf#page=33:line=1
2023,A,A092,section_heading,附录,附录,34,1,0.666547,蒙特卡洛@p1 -> 遗传算法@p1 -> 回归@p5,连接词=首先:5、进一步:7、由此:1、可知:5、说明:3、验证:1、为了:9、从而:6、因此:22；页行中位数=38；段落候选中位数=6；图表候选=41；公式行候选=496；标题候选=68,附录,附录 / 附录1 / canshul.m%遗传算法,2023/A092.pdf#page=34:line=1
2023,B,B226,paper_overview,,论文总览,1,1,0.834823,模拟退火@p1 -> 粒子群@p1 -> 0-1@p28,连接词=首先:8、其次:4、进一步:1、由此:2、可知:2、说明:2、验证:5、相比:1、为了:4、从而:2、因此:10；页行中位数=39；段落候选中位数=6；图表候选=20；公式行候选=482；标题候选=95,多波束测线布设,多波束测线布设 / 摘要 / 多波束测深系统是由单波束测深发展而来的水深测量系统，研究多波束测线布设,2023/B226.pdf#page=1:line=1
2023,B,B226,section_heading,摘要,摘要,1,2,0.665352,模拟退火@p1 -> 粒子群@p1 -> 0-1@p28,连接词=首先:8、其次:4、进一步:1、由此:2、可知:2、说明:2、验证:5、相比:1、为了:4、从而:2、因此:10；页行中位数=39；段落候选中位数=6；图表候选=20；公式行候选=482；标题候选=95,摘要,多波束测线布设 / 摘要 / 多波束测深系统是由单波束测深发展而来的水深测量系统，研究多波束测线布设 / 对于海洋测绘具有重要意义。本文建立测线优化模型，运用各类几何方法、向量分析、,2023/B226.pdf#page=1:line=2
2023,B,B226,section_heading,问题重述,问题重述,2,1,0.77977,模拟退火@p1 -> 粒子群@p1 -> 0-1@p28,连接词=首先:8、其次:4、进一步:1、由此:2、可知:2、说明:2、验证:5、相比:1、为了:4、从而:2、因此:10；页行中位数=39；段落候选中位数=6；图表候选=20；公式行候选=482；标题候选=95,一、问题重述,一、问题重述 / 多波束测深系统是由单波束测深发展而来的水深测量系统，近年来得到广泛应用。 / 与单束测深仪相比，多束波测深系统能够同时获取多个相邻窄波束，获取条带式的海,2023/B226.pdf#page=2:line=1
2023,B,B226,section_heading,问题分析,问题分析,2,21,0.845108,模拟退火@p1 -> 粒子群@p1 -> 0-1@p28,连接词=首先:8、其次:4、进一步:1、由此:2、可知:2、说明:2、验证:5、相比:1、为了:4、从而:2、因此:10；页行中位数=39；段落候选中位数=6；图表候选=20；公式行候选=482；标题候选=95,二、问题分析,重叠率尽量小于20%：测线总长度要尽量短。在设计出具体地测线后，从测线的总长 / 度、漏测海域占比、重叠率超过20%的总长度分析该测线的实施效果。 / 二、问题分析 / 2.1问题一的分析 / 在问题一中，要求在海底坡度为α的情况下建立多波束测深的覆盖宽度和相邻条,2023/B226.pdf#page=2:line=21
2023,B,B226,section_heading,模型假设,模型假设,3,16,0.789217,模拟退火@p1 -> 粒子群@p1 -> 0-1@p28,连接词=首先:8、其次:4、进一步:1、由此:2、可知:2、说明:2、验证:5、相比:1、为了:4、从而:2、因此:10；页行中位数=39；段落候选中位数=6；图表候选=20；公式行候选=482；标题候选=95,三、模型假设,根据已知海水深度数据基于最小二乘法确定坡面方程，将各海域地形转化为坡面，利 / 用问题三建立的优化模型确定最优布设方案。 / 三、模型假设 / 1.假设不考探测船的垂荡纵摇等运动对测深作业造成的影响。 / 2.假设进行测深作业时，海面上没有漂浮海冰等障碍物影响测线方向的布设。,2023/B226.pdf#page=3:line=16
2023,B,B226,section_heading,符号说明,符号说明,3,22,0.837817,模拟退火@p1 -> 粒子群@p1 -> 0-1@p28,连接词=首先:8、其次:4、进一步:1、由此:2、可知:2、说明:2、验证:5、相比:1、为了:4、从而:2、因此:10；页行中位数=39；段落候选中位数=6；图表候选=20；公式行候选=482；标题候选=95,四、符号说明,4.假设单波束测量的海水深度数据较为准确，基本符合该海域的地形，可以为多波 / 束测线布设提供正确参考。 / 四、符号说明 / 符号 / 说明,2023/B226.pdf#page=3:line=22
2023,B,B226,section_heading,模型建立,模型建立,2,28,0.928538,模拟退火@p1 -> 粒子群@p1 -> 0-1@p28,连接词=首先:8、其次:4、进一步:1、由此:2、可知:2、说明:2、验证:5、相比:1、为了:4、从而:2、因此:10；页行中位数=39；段落候选中位数=6；图表候选=20；公式行候选=482；标题候选=95,式推导出重登率的一般定义式，据此得到重叠率的计算公式。至此，模型建立完成，,维空间直角坐标系，由几何知识推导出海水深度的计算公式，在此基础上利用正弦定 / 理得到覆盖宽度的表达式。对于重叠率的计算，根据题目给出海底地形平坦的计算公 / 式推导出重登率的一般定义式，据此得到重叠率的计算公式。至此，模型建立完成， / 将具体参数值带入我们的模型中，即可分别得到海水深度、覆盖宽度和重叠率的求解 / 结果。,2023/B226.pdf#page=2:line=28
2023,B,B226,section_heading,模型求解,模型求解,1,15,0.9206,模拟退火@p1 -> 粒子群@p1 -> 0-1@p28,连接词=首先:8、其次:4、进一步:1、由此:2、可知:2、说明:2、验证:5、相比:1、为了:4、从而:2、因此:10；页行中位数=39；段落候选中位数=6；图表候选=20；公式行候选=482；标题候选=95,式求得水平面与覆盖宽度所在直线的夹角。然后根据问题一建立的模型求解得到特定,先利用向量分析，根据向量叉乘得到测线方向与其在水平面上的投影组成的平面和海 / 底坡面的交线的点向式方程，代入相应坐标求得海水深度。其次，利用线面角计算公 / 式求得水平面与覆盖宽度所在直线的夹角。然后根据问题一建立的模型求解得到特定 / 位置处的覆盖宽度，存放在result2.xlsx中。最后进行结果分析以及原因分析。 / 针对问题三：对于一个具体的矩形海域，首先利用数学证明得到平行等深线走向,2023/B226.pdf#page=1:line=15
2023,B,B226,section_heading,结果分析,结果分析,1,11,0.935675,模拟退火@p1 -> 粒子群@p1 -> 0-1@p28,连接词=首先:8、其次:4、进一步:1、由此:2、可知:2、说明:2、验证:5、相比:1、为了:4、从而:2、因此:10；页行中位数=39；段落候选中位数=6；图表候选=20；公式行候选=482；标题候选=95,行结果分析，并利用控制变量法探究覆盖宽度、重叠率随各参数的变化。,键角的关系式，然后基于正弦定理计算覆盖宽度。接着利用几何知识推导重叠率的计 / 算公式并代入变量计算。最后得到特定位置处的指标，存放在result1.xlsx中。同时进 / 行结果分析，并利用控制变量法探究覆盖宽度、重叠率随各参数的变化。 / 针对问题二：以海域坡面中心为坐标原点建立三维空间坐标系，参考问题一，首 / 先利用向量分析，根据向量叉乘得到测线方向与其在水平面上的投影组成的平面和海,2023/B226.pdf#page=1:line=11
2023,B,B226,section_heading,模型检验,模型检验,25,33,0.932308,模拟退火@p1 -> 粒子群@p1 -> 0-1@p28,连接词=首先:8、其次:4、进一步:1、由此:2、可知:2、说明:2、验证:5、相比:1、为了:4、从而:2、因此:10；页行中位数=39；段落候选中位数=6；图表候选=20；公式行候选=482；标题候选=95,佳 测 线 间 距 。 然 后 利用 模拟 退火 算法 对 求解 结果 进行 仿真 验证 ， 通 过 误差 分 析 说,灵敏 度 分 析 等 ， 模 型 建立 、 结 果 分 析 严谨 全 面 。 / © 在 问题 三 求解 最 优 测 线 距离 布设 时 ， 我 们 先 基于 贫 心 思想 循环 遍历 ， 逐 步 求解 最 / 佳 测 线 间 距 。 然 后 利用 模拟 退火 算法 对 求解 结果 进行 仿真 验证 ， 通 过 误差 分 析 说 / 明了 我 们 模型 求解 的 正确 性 与 可 靠 性 。 / © ”选择 粒子 群 优化 算法 对 基于 最 小 二 乘法 的 目标 规划 模型 进行 求解 ， 可 以 在 较 短 时,2023/B226.pdf#page=25:line=33
2023,B,B226,section_heading,灵敏度分析,灵敏度分析,1,22,0.8711,模拟退火@p1 -> 粒子群@p1 -> 0-1@p28,连接词=首先:8、其次:4、进一步:1、由此:2、可知:2、说明:2、验证:5、相比:1、为了:4、从而:2、因此:10；页行中位数=39；段落候选中位数=6；图表候选=20；公式行候选=482；标题候选=95,模型的可靠性，并对开角、坡度进行灵敏度分析。,算法的循环遍历法，确定最优测线布设为34条，得到测线总长度为125936m。最后 / 利用模拟退火对测线布设仿真检验，发现两种方法计算得到的误差很小，由此验证了 / 模型的可靠性，并对开角、坡度进行灵敏度分析。 / 针对问题四：首先利用单波束测量数据确定海域初貌，发现其地形起伏大，难以 / 求解测线布设。其次参考问题三，利用等深线图对该海域进行初步划分。基于最小二,2023/B226.pdf#page=1:line=22
2023,B,B226,section_heading,模型评价,模型评价,25,27,0.96693,模拟退火@p1 -> 粒子群@p1 -> 0-1@p28,连接词=首先:8、其次:4、进一步:1、由此:2、可知:2、说明:2、验证:5、相比:1、为了:4、从而:2、因此:10；页行中位数=39；段落候选中位数=6；图表候选=20；公式行候选=482；标题候选=95,六 、 模型 的 评价 与 改进,是 基于 全 心算 法 循环 遍历 求解 测 线 间 距 的 ， 该 算法 会 始终 让 沿 测 线 扫描 形成 的 条 / 带 相 盖 整个 矩形 区 域 。 / 六 、 模型 的 评价 与 改进 / 6.1 模型 的 优点 / © 全文 的 建 模 始终 基于 数学 理性 思维 ， 利 用 平面 几何 知识 、 立 体 几 何 知识 、 线 性 代,2023/B226.pdf#page=25:line=27
2023,B,B226,section_heading,参考文献,参考文献,26,10,0.926826,模拟退火@p1 -> 粒子群@p1 -> 0-1@p28,连接词=首先:8、其次:4、进一步:1、由此:2、可知:2、说明:2、验证:5、相比:1、为了:4、从而:2、因此:10；页行中位数=39；段落候选中位数=6；图表候选=20；公式行候选=482；标题候选=95,七 、 参考 文献,"查 主 测 线 回 , 增 大 测量 效率 。 因 此 ， 我 们 可 以 将 检查 线 也 考虑 进 模型 中 ， 所 得 的 结果 能 / 与 现实 情况 更 加 吻合 。 / 七 、 参考 文献 / (1) 季 刚 . 条 带 约束 的 多 波束 空间 标定 算法 研究 [D]. 山东 科技 大 学 . 2020. / [2] AM. 基于 多 波束 测 深 技术 的 海底 地 形 测量 加 测绘 与 空间 地 理 信 息 , 2022，",2023/B226.pdf#page=26:line=10
2023,B,B226,section_heading,附录,附录,27,1,0.666492,模拟退火@p1 -> 粒子群@p1 -> 0-1@p28,连接词=首先:8、其次:4、进一步:1、由此:2、可知:2、说明:2、验证:5、相比:1、为了:4、从而:2、因此:10；页行中位数=39；段落候选中位数=6；图表候选=20；公式行候选=482；标题候选=95,附录,附录 / 第一部分：支撑材料 / 支撑材料,2023/B226.pdf#page=27:line=1
2023,B,B311,paper_overview,,论文总览,1,1,0.813121,多目标@p1,连接词=首先:4、进一步:2、由此:1、验证:4、相比:1、为了:2、从而:2；页行中位数=38.0；段落候选中位数=2.5；图表候选=15；公式行候选=385；标题候选=166,基于主要目标法的测线设计问题,基于主要目标法的测线设计问题 / 摘要 / 针对问题1，运用几何分析和正弦定理，求解海水深度D关于测线距中心点,2023/B311.pdf#page=1:line=1
2023,B,B311,section_heading,摘要,摘要,1,2,0.665487,多目标@p1,连接词=首先:4、进一步:2、由此:1、验证:4、相比:1、为了:2、从而:2；页行中位数=38.0；段落候选中位数=2.5；图表候选=15；公式行候选=385；标题候选=166,摘要,基于主要目标法的测线设计问题 / 摘要 / 针对问题1，运用几何分析和正弦定理，求解海水深度D关于测线距中心点 / 距离x的函数关系式，以及条带覆盖宽度W的函数表达式：得到海水深度,2023/B311.pdf#page=1:line=2
2023,B,B311,section_heading,问题重述,问题重述,2,1,0.796534,多目标@p1,连接词=首先:4、进一步:2、由此:1、验证:4、相比:1、为了:2、从而:2；页行中位数=38.0；段落候选中位数=2.5；图表候选=15；公式行候选=385；标题候选=166,一、问题重述,一、问题重述 / 多波束测深系统广泛地运用于海洋测绘。它一次能在与航迹垂直的平面内发 / 射大量声波束来测量水体深度。该系统能够在海底形成有一定覆盖宽度的测量条,2023/B311.pdf#page=2:line=1
2023,B,B311,section_heading,问题分析,问题分析,2,19,0.792525,多目标@p1,连接词=首先:4、进一步:2、由此:1、验证:4、相比:1、为了:2、从而:2；页行中位数=38.0；段落候选中位数=2.5；图表候选=15；公式行候选=385；标题候选=166,二、问题分析,能不大于20%，测线总长度尽可能短。测线设计完后，计算测线总长度。并求 / 出漏测海区占比和重叠率过大部分的总长度。 / 二、问题分析 / 2.1问题1的分析 / 针对问题1，对于覆盖宽度的求解，首先要求出海水深度关于测线距中心点,2023/B311.pdf#page=2:line=19
2023,B,B311,section_heading,模型假设,模型假设,3,35,0.848648,多目标@p1,连接词=首先:4、进一步:2、由此:1、验证:4、相比:1、为了:2、从而:2；页行中位数=38.0；段落候选中位数=2.5；图表候选=15；公式行候选=385；标题候选=166,三、模型假设,推得下一条测线的深度，递推后即可推算出该部分测区的所有测线。由此，在确 / 定高度差之后，利用Matlab画出所有测线，并计算测线总长度等所需结果。 / 三、模型假设 / 1、假设测量船航行平稳，多波束换能器的横摇角度和纵倾角度均为0°。 / 2、假设测量船换能器发射的声波束可以被接收换能器全部接收。,2023/B311.pdf#page=3:line=35
2023,B,B311,section_heading,符号说明,符号说明,4,3,0.930786,多目标@p1,连接词=首先:4、进一步:2、由此:1、验证:4、相比:1、为了:2、从而:2；页行中位数=38.0；段落候选中位数=2.5；图表候选=15；公式行候选=385；标题候选=166,四 、 符号 说 明,"6、 假 设 海底 地 形 没有 剧烈 起 优 ， 如 出 现 海沟 、 海 岭 等 高 益 变 化 大 的 地 狐 。 / 7， 假 设 多 波束 换 能 器 开 角 始终 为 120"" 。 / 四 、 符号 说 明 / 符号 说 明 / W 多 波束 测 深 条 带 的 覆盖 宽度",2023/B311.pdf#page=4:line=3
2023,B,B311,section_heading,模型建立,模型建立,4,19,0.964816,多目标@p1,连接词=首先:4、进一步:2、由此:1、验证:4、相比:1、为了:2、从而:2；页行中位数=38.0；段落候选中位数=2.5；图表候选=15；公式行候选=385；标题候选=166,五 、 模型 的 建立 与 求解,区 绪 盖 区 域 总 面积 / h 测 线 对 应 的 高 度 差 / 五 、 模型 的 建立 与 求解 / 5.1 问题 1 模型 的 建立 与 求解 / 下,2023/B311.pdf#page=4:line=19
2023,B,B311,section_heading,模型求解,模型求解,10,9,0.906554,多目标@p1,连接词=首先:4、进一步:2、由此:1、验证:4、相比:1、为了:2、从而:2；页行中位数=38.0；段落候选中位数=2.5；图表候选=15；公式行候选=385；标题候选=166,本图与图1完全一致，为方便读者的阅读与理解，将本图放于问题3的求解过程,海域中心点的东西向坐标，即可确定另一条测线的位置。 / 图5相邻测线测深示意图 / 本图与图1完全一致，为方便读者的阅读与理解，将本图放于问题3的求解过程 / 中，方便对照。 / 规定向西为正方向，确定第一条测线的位置。第一条测线的西侧条带边界与,2023/B311.pdf#page=10:line=9
2023,B,B311,section_heading,结果分析,结果分析,1,19,0.917534,多目标@p1,连接词=首先:4、进一步:2、由此:1、验证:4、相比:1、为了:2、从而:2；页行中位数=38.0；段落候选中位数=2.5；图表候选=15；公式行候选=385；标题候选=166,针对问题3，首先明确测线延伸方向。对问题2进行结果分析，推断平行测,"行推导，再根据β将v,ε用含有α,β的关系式表达出来，最后带入问题1中的表 / 达式进行求解。 / 针对问题3，首先明确测线延伸方向。对问题2进行结果分析，推断平行测 / 线应该沿等深线方向延伸。文献资料《海道测量规范》（GB12327-2022)的规定为 / 该判断提供佐证和支撑。接着计算测线分布位置。先构建待测海域最西侧的测线",2023/B311.pdf#page=1:line=19
2023,B,B311,section_heading,模型评价,模型评价,17,7,0.96168,多目标@p1,连接词=首先:4、进一步:2、由此:1、验证:4、相比:1、为了:2、从而:2；页行中位数=38.0；段落候选中位数=2.5；图表候选=15；公式行候选=385；标题候选=166,六 、 模型 的 评价 与 推广,"线 更 多 ， 所 以 ， 在 地 形 图 中 越 平坦 时 ， 航 线 越 密集 ， 越 稀疏 ， 符 合 本 文 给 出 的 结 / 果 ， 所 以 ， 本 文 测 线 设 计 具 有 较 高 的 合理 人 性。 / 六 、 模型 的 评价 与 推广 / 6.1 模型 的 优点 / 1. 本 文 对 于 重 竹 率 ,条 带宽 度 的 计算 ， 根 据 题目 中 所 给 出 的 公式 进行 推广 并",2023/B311.pdf#page=17:line=7
2023,B,B311,section_heading,参考文献,参考文献,17,28,0.928575,多目标@p1,连接词=首先:4、进一步:2、由此:1、验证:4、相比:1、为了:2、从而:2；页行中位数=38.0；段落候选中位数=2.5；图表候选=15；公式行候选=385；标题候选=166,七 、 参考 文献,"领域 中 。 / 2. 本 文中 的 模型 可 以 应 用 到 之 后 关于 多 波束 测 深 系 统 的 科学 研究 中 。 / 七 、 参考 文献 / [杨柳 , 王 超 , 吴忠 明 . 多 波束 测 深 系统 与 单 波束 测 深 仪 在 长 江河 道 测量 应 用 中 的 比较 与 分 / #i[J]. KAA BBAR, 2021,42(05): 23-25+29. DOI:10.15974/ j.cnki.slsdkb. 2021.05.006.",2023/B311.pdf#page=17:line=28
2023,B,B311,section_heading,附录,附录,18,1,0.666091,多目标@p1,连接词=首先:4、进一步:2、由此:1、验证:4、相比:1、为了:2、从而:2；页行中位数=38.0；段落候选中位数=2.5；图表候选=15；公式行候选=385；标题候选=166,附录,附录 / 问题1： / Matlab代码,2023/B311.pdf#page=18:line=1
2023,B,B477,paper_overview,,论文总览,1,1,0.902231,最短路@p1 -> 随机森林@p1 -> 回归@p14 -> 支持向量@p14 -> ODE@p29,连接词=首先:8、由此:1、可知:2、说明:4、相比:2、为了:5、从而:1、因此:4；页行中位数=53.0；段落候选中位数=1.0；图表候选=23；公式行候选=581；标题候选=1169,多波束测深合理探测方案的设计及效果分析,多波束测深合理探测方案的设计及效果分析 / 摘要 / 多波束测深系统比单波束测深系统测量范围大、精度高，适合大面积海,2023/B477.pdf#page=1:line=1
2023,B,B477,section_heading,摘要,摘要,1,2,0.66579,最短路@p1 -> 随机森林@p1 -> 回归@p14 -> 支持向量@p14 -> ODE@p29,连接词=首先:8、由此:1、可知:2、说明:4、相比:2、为了:5、从而:1、因此:4；页行中位数=53.0；段落候选中位数=1.0；图表候选=23；公式行候选=581；标题候选=1169,摘要,多波束测深合理探测方案的设计及效果分析 / 摘要 / 多波束测深系统比单波束测深系统测量范围大、精度高，适合大面积海 / 底地形的勘探。在实际探测中，海底地形起伏大，不能简单地根据海区平均,2023/B477.pdf#page=1:line=2
2023,B,B477,section_heading,问题重述,问题重述,2,1,0.851181,最短路@p1 -> 随机森林@p1 -> 回归@p14 -> 支持向量@p14 -> ODE@p29,连接词=首先:8、由此:1、可知:2、说明:4、相比:2、为了:5、从而:1、因此:4；页行中位数=53.0；段落候选中位数=1.0；图表候选=23；公式行候选=581；标题候选=1169,一、问题重述,一、问题重述 / 1.1问题背景 / 一份详细的海底地形图可以保障水下船体航行，同时在预测海洋灾害、探测,2023/B477.pdf#page=2:line=1
2023,B,B477,section_heading,问题分析,问题分析,2,27,0.845357,最短路@p1 -> 随机森林@p1 -> 回归@p14 -> 支持向量@p14 -> ODE@p29,连接词=首先:8、由此:1、可知:2、说明:4、相比:2、为了:5、从而:1、因此:4；页行中位数=53.0；段落候选中位数=1.0；图表候选=23；公式行候选=581；标题候选=1169,二、问题分析,(2）计算设计出的测线的总长度、漏测海区占总待测海域面积的百分比，以及 / m>20%部分的总长度。 / 二、问题分析 / 2.1问题一的分析 / 题目中给出的重叠率的定义是基于水平状态下的，当海底并不平坦时，坡度,2023/B477.pdf#page=2:line=27
2023,B,B477,section_heading,模型假设,模型假设,3,23,0.788406,最短路@p1 -> 随机森林@p1 -> 回归@p14 -> 支持向量@p14 -> ODE@p29,连接词=首先:8、由此:1、可知:2、说明:4、相比:2、为了:5、从而:1、因此:4；页行中位数=53.0；段落候选中位数=1.0；图表候选=23；公式行候选=581；标题候选=1169,三、模型假设,体的最优解。得出测量路径后，还需要统计与计算该方案的测线总长、漏测海域 / 占比与重叠超过20%路线总长。 / 三、模型假设 / 1.多波束测深系统进行海底探测得到的数据真实有效。 / 2．不考患船体颠，只考虑航行路线的规划。,2023/B477.pdf#page=3:line=23
2023,B,B477,section_heading,符号说明,符号说明,4,1,0.818913,最短路@p1 -> 随机森林@p1 -> 回归@p14 -> 支持向量@p14 -> ODE@p29,连接词=首先:8、由此:1、可知:2、说明:4、相比:2、为了:5、从而:1、因此:4；页行中位数=53.0；段落候选中位数=1.0；图表候选=23；公式行候选=581；标题候选=1169,四、符号说明,四、符号说明 / 符号 / 说明,2023/B477.pdf#page=4:line=1
2023,B,B477,section_heading,模型建立,模型建立,4,17,0.906523,最短路@p1 -> 随机森林@p1 -> 回归@p14 -> 支持向量@p14 -> ODE@p29,连接词=首先:8、由此:1、可知:2、说明:4、相比:2、为了:5、从而:1、因此:4；页行中位数=53.0；段落候选中位数=1.0；图表候选=23；公式行候选=581；标题候选=1169,五、模型的建立与求解,"Vg(xi,y) / 点(x;y)处的梯度向量 / 五、模型的建立与求解 / 5.1问题一模型的建立与求解 / 5.1.1相关概念的说明",2023/B477.pdf#page=4:line=17
2023,B,B477,section_heading,模型求解,模型求解,7,13,0.947884,最短路@p1 -> 随机森林@p1 -> 回归@p14 -> 支持向量@p14 -> ODE@p29,连接词=首先:8、由此:1、可知:2、说明:4、相比:2、为了:5、从而:1、因此:4；页行中位数=53.0；段落候选中位数=1.0；图表候选=23；公式行候选=581；标题候选=1169,5.1.3 模型 求解,Fined re (10) / sin(>— a +5) / 5.1.3 模型 求解 / 依据 前 文中 所 述 的 计算 方法 ， 此 时 我 们 可 以 得 到 计算 所 需 的 相关 参数 信息 ， / 并 以 此 建立 二 维 平面 模型 ， 模 型 计算 结果 如 下 表 所 示 :,2023/B477.pdf#page=7:line=13
2023,B,B477,section_heading,结果分析,结果分析,9,23,0.889088,最短路@p1 -> 随机森林@p1 -> 回归@p14 -> 支持向量@p14 -> ODE@p29,连接词=首先:8、由此:1、可知:2、说明:4、相比:2、为了:5、从而:1、因此:4；页行中位数=53.0；段落候选中位数=1.0；图表候选=23；公式行候选=581；标题候选=1169,通过 观察 求解 结果 ， 可 以 发 现 以 下 规律 : (LCE Fe — 3 AS FF AF] Ze 10 Pi PE,[22s | stpz | sans | aa | at | zt | zol aso | ras / [sts] axsive | suave | is | aaa | sania | soasme | ezm | oosose / 通过 观察 求解 结果 ， 可 以 发 现 以 下 规律 : (LCE Fe — 3 AS FF AF] Ze 10 Pi PE / 产生 较 大 变化 。(2) 在 不 同 深浅 的 水 域 中 缆 盖 宽度 变化 较 大 ， 直 线 行驶 时 产生 的 轨 / 迹 为 类 三 角 【〈 锥 ) 形 ， 并 不 均匀 。(3) 经 过 检验 ， 在 参数 一 致 的 情况 下 该 模 se,2023/B477.pdf#page=9:line=23
2023,B,B477,section_heading,模型评价,模型评价,20,7,0.958051,最短路@p1 -> 随机森林@p1 -> 回归@p14 -> 支持向量@p14 -> ODE@p29,连接词=首先:8、由此:1、可知:2、说明:4、相比:2、为了:5、从而:1、因此:4；页行中位数=53.0；段落候选中位数=1.0；图表候选=23；公式行候选=581；标题候选=1169,六 、 模型 的 评价,如 果 测 量 船 需 走 连续 的 路 线 或 回 到 最 开始 的 原 位 置 ， 还 可 以 参考 相关 汉 密 尔 / 顿 图 和 欧 拉 路 径 的 布置 方式 对 路 线 进 行规 划 。 / 六 、 模型 的 评价 / 6. 1 模型 的 优点 / 1. 对 于 履 闪 宽 度 等 等 信息 给 出 了 确切 的 公式 ， 计 算 精 准 。,2023/B477.pdf#page=20:line=7
2023,B,B477,section_heading,参考文献,参考文献,20,19,0.938697,最短路@p1 -> 随机森林@p1 -> 回归@p14 -> 支持向量@p14 -> ODE@p29,连接词=首先:8、由此:1、可知:2、说明:4、相比:2、为了:5、从而:1、因此:4；页行中位数=53.0；段落候选中位数=1.0；图表候选=23；公式行候选=581；标题候选=1169,七 、 参考 文献,"该 模型 可 以 优化 高 度 为 目标 更 换 高 度 ， 开 角 也 可 切换 为 更 多 情况 ， 可 用 于 建 / 筑 扫 描 ， 无 人 机 地 形 扫描 等 多 种 情况 ， 具 有 较 多 的 可 用 空间 。 / 七 、 参考 文献 / [1]. GB/T 12763.10-2007 海洋 调查 帘 范 [S]. 第 10 部 分 :海底 地 形 地 和 貌 调 查 / [2]. 徐 炜 闭 , 朱 志 字 .基于 飞 蛾 火焰 算法 的 AUV 三 维 全 局 路 径 规划 .上 海 理工 大 学 学",2023/B477.pdf#page=20:line=19
2023,B,B477,section_heading,附录,附录,21,1,0.968463,最短路@p1 -> 随机森林@p1 -> 回归@p14 -> 支持向量@p14 -> ODE@p29,连接词=首先:8、由此:1、可知:2、说明:4、相比:2、为了:5、从而:1、因此:4；页行中位数=53.0；段落候选中位数=1.0；图表候选=23；公式行候选=581；标题候选=1169,附录,附录 / 附录 材料 目录 ; / 1. 处 理 过 的 部 分 数据,2023/B477.pdf#page=21:line=1
2023,C,C050,paper_overview,,论文总览,1,1,0.899873,K-Means@p1 -> 回归@p1 -> 聚类@p1 -> 模拟退火@p1 -> 灰色关联@p1 -> 线性规划@p3 -> 0-1@p4 -> RNN@p43,连接词=首先:13、其次:2、进一步:1、由此:2、可知:3、表明:1、说明:2、验证:1、为了:1、从而:1、因此:3；页行中位数=41.0；段落候选中位数=8.5；图表候选=20；公式行候选=281；标题候选=925,某商超蔬菜类商品动态定价与补货决策研究,某商超蔬菜类商品动态定价与补货决策研究 / 摘要 / 随着生鲜市场规模的持续扩大，蔬菜零售行业的竞争也愈加激烈。为帮助某商超,2023/C050.pdf#page=1:line=1
2023,C,C050,section_heading,摘要,摘要,1,2,0.665693,K-Means@p1 -> 回归@p1 -> 聚类@p1 -> 模拟退火@p1 -> 灰色关联@p1 -> 线性规划@p3 -> 0-1@p4 -> RNN@p43,连接词=首先:13、其次:2、进一步:1、由此:2、可知:3、表明:1、说明:2、验证:1、为了:1、从而:1、因此:3；页行中位数=41.0；段落候选中位数=8.5；图表候选=20；公式行候选=281；标题候选=925,摘要,某商超蔬菜类商品动态定价与补货决策研究 / 摘要 / 随着生鲜市场规模的持续扩大，蔬菜零售行业的竞争也愈加激烈。为帮助某商超 / 改善经营模式，本文基于题目所给数据信息，建立数学模型进行分析，从而制定合理,2023/C050.pdf#page=1:line=2
2023,C,C050,section_heading,问题重述,问题重述,2,1,0.781028,K-Means@p1 -> 回归@p1 -> 聚类@p1 -> 模拟退火@p1 -> 灰色关联@p1 -> 线性规划@p3 -> 0-1@p4 -> RNN@p43,连接词=首先:13、其次:2、进一步:1、由此:2、可知:3、表明:1、说明:2、验证:1、为了:1、从而:1、因此:3；页行中位数=41.0；段落候选中位数=8.5；图表候选=20；公式行候选=281；标题候选=925,一、问题重述,一、问题重述 / 1.1问题背景 / 随着社会经济的飞速发展和人民生活水平的提高，我国消费市场皇现持续活跃、,2023/C050.pdf#page=2:line=1
2023,C,C050,section_heading,问题分析,问题分析,2,32,0.773316,K-Means@p1 -> 回归@p1 -> 聚类@p1 -> 模拟退火@p1 -> 灰色关联@p1 -> 线性规划@p3 -> 0-1@p4 -> RNN@p43,连接词=首先:13、其次:2、进一步:1、由此:2、可知:3、表明:1、说明:2、验证:1、为了:1、从而:1、因此:3；页行中位数=41.0；段落候选中位数=8.5；图表候选=20；公式行候选=281；标题候选=925,二、问题分析,特征，整理出对于制定蔬菜商品的补货和定价决策有较大影响的相关数据，并给出选 / 择理由，提出合理意见。 / 二、问题分析 / 2.1问题一的分析 / 针对问题一，第一小问，首先对附件2中的无效数据进行剔除处理，然后引入均,2023/C050.pdf#page=2:line=32
2023,C,C050,section_heading,模型假设,模型假设,4,1,0.794596,K-Means@p1 -> 回归@p1 -> 聚类@p1 -> 模拟退火@p1 -> 灰色关联@p1 -> 线性规划@p3 -> 0-1@p4 -> RNN@p43,连接词=首先:13、其次:2、进一步:1、由此:2、可知:3、表明:1、说明:2、验证:1、为了:1、从而:1、因此:3；页行中位数=41.0；段落候选中位数=8.5；图表候选=20；公式行候选=281；标题候选=925,三、模型假设,三、模型假设 / 1.假设蔬菜的历史销售数据能够代表未来的销售趋势，本文使用历史销售数据来预 / 测未来的销售。,2023/C050.pdf#page=4:line=1
2023,C,C050,section_heading,符号说明,符号说明,4,6,0.826551,K-Means@p1 -> 回归@p1 -> 聚类@p1 -> 模拟退火@p1 -> 灰色关联@p1 -> 线性规划@p3 -> 0-1@p4 -> RNN@p43,连接词=首先:13、其次:2、进一步:1、由此:2、可知:3、表明:1、说明:2、验证:1、为了:1、从而:1、因此:3；页行中位数=41.0；段落候选中位数=8.5；图表候选=20；公式行候选=281；标题候选=925,四、符号说明,2.假设蔬菜的损耗是固定的，本文使用损耗率来计算蔬菜的单位成本。 / 3商超的销售空间是固定的，我们假设商超的销售空间在一段时间内是恒定的。 / 四、符号说明 / 符号 / 说明,2023/C050.pdf#page=4:line=6
2023,C,C050,section_heading,模型建立,模型建立,3,33,0.747724,K-Means@p1 -> 回归@p1 -> 聚类@p1 -> 模拟退火@p1 -> 灰色关联@p1 -> 线性规划@p3 -> 0-1@p4 -> RNN@p43,连接词=首先:13、其次:2、进一步:1、由此:2、可知:3、表明:1、说明:2、验证:1、为了:1、从而:1、因此:3；页行中位数=41.0；段落候选中位数=8.5；图表候选=20；公式行候选=281；标题候选=925,模型建立,宣闻即文献 / 闯题 / 模型建立 / 决策类闯露 / 模型求解,2023/C050.pdf#page=3:line=33
2023,C,C050,section_heading,模型求解,模型求解,1,23,0.928073,K-Means@p1 -> 回归@p1 -> 聚类@p1 -> 模拟退火@p1 -> 灰色关联@p1 -> 线性规划@p3 -> 0-1@p4 -> RNN@p43,连接词=首先:13、其次:2、进一步:1、由此:2、可知:3、表明:1、说明:2、验证:1、为了:1、从而:1、因此:3；页行中位数=41.0；段落候选中位数=8.5；图表候选=20；公式行候选=281；标题候选=925,数量、陈列量、补货量和定价为约束条件建立优化模型求解，筛选出29种可售单品,5105.60元，最后引入模拟退火模型求出最优的蔬菜品类的补货和定价策略。 / 针对问题三，首先筛选出可用数据范围，以最大化收益为目标函数，以单品种类 / 数量、陈列量、补货量和定价为约束条件建立优化模型求解，筛选出29种可售单品 / 蔬菜，并估计2023年7月1日最大收益为1282.2631元，最后基于问题二的模拟退火 / 模型求解出最优的单品补货量和定价策略。,2023/C050.pdf#page=1:line=23
2023,C,C050,section_heading,结果分析,结果分析,13,9,0.96842,K-Means@p1 -> 回归@p1 -> 聚类@p1 -> 模拟退火@p1 -> 灰色关联@p1 -> 线性规划@p3 -> 0-1@p4 -> RNN@p43,连接词=首先:13、其次:2、进一步:1、由此:2、可知:3、表明:1、说明:2、验证:1、为了:1、从而:1、因此:3；页行中位数=41.0；段落候选中位数=8.5；图表候选=20；公式行候选=281；标题候选=925,(1) 求解 结果,= 一 8 / 一 琴 -了 / (1) 求解 结果 / Pearson 相关 系数 结果 如 下 表 : / # 7 Pearson 相关 系数,2023/C050.pdf#page=13:line=9
2023,C,C050,section_heading,模型评价,模型评价,26,5,0.963798,K-Means@p1 -> 回归@p1 -> 聚类@p1 -> 模拟退火@p1 -> 灰色关联@p1 -> 线性规划@p3 -> 0-1@p4 -> RNN@p43,连接词=首先:13、其次:2、进一步:1、由此:2、可知:3、表明:1、说明:2、验证:1、为了:1、从而:1、因此:3；页行中位数=41.0；段落候选中位数=8.5；图表候选=20；公式行候选=281；标题候选=925,十 、 模型 的 评价 与 推广,综 上 所 述 ， 商 超 采 集 以 上 祖 关 数据 可 以 为 他 们 制定 蔬菜 商品 的 补 货 和 定价 决策 提 / 供 更 准确 、 科 学 的 依据 ， 从 而 提高 经 营 效益 和 顾客 满意 度 。 / 十 、 模型 的 评价 与 推广 / 10. 1 模型 的 优点 / 1、K-means++ 算 法 是 K-means 算法 的 升级 ， 本 文 育 类 指标 量 纲 差 距 较 大 ， 此 算法,2023/C050.pdf#page=26:line=5
2023,C,C050,section_heading,改进方案,改进方案,26,21,0.942493,K-Means@p1 -> 回归@p1 -> 聚类@p1 -> 模拟退火@p1 -> 灰色关联@p1 -> 线性规划@p3 -> 0-1@p4 -> RNN@p43,连接词=首先:13、其次:2、进一步:1、由此:2、可知:3、表明:1、说明:2、验证:1、为了:1、从而:1、因此:3；页行中位数=41.0；段落候选中位数=8.5；图表候选=20；公式行候选=281；标题候选=925,10. 3 模型 推广,2、 灰 色 关 联 分析 过 去 浅显 ， 对 数据 要 求 过 高 ， 数 据 若 存在 较 大 异常 值 ， 可 能 会 对 / 结果 产生 较 大 的 影响 。 / 10. 3 模型 推广 / 时 间 序 列 可 提取 数据 的 长 期 、 季 节 、 循 环 和 不 规则 趋势 ， 可 用 其 做 一 社会 生产 中 / 的 经 济 发 展 预测 或 交易 预测 等 ， 如 冷饮 销售 的 预测 、 服 饰 销 售 的 预测 、 天 气温 度 的 预,2023/C050.pdf#page=26:line=21
2023,C,C050,section_heading,附录,附录,27,2,0.958301,K-Means@p1 -> 回归@p1 -> 聚类@p1 -> 模拟退火@p1 -> 灰色关联@p1 -> 线性规划@p3 -> 0-1@p4 -> RNN@p43,连接词=首先:13、其次:2、进一步:1、由此:2、可知:3、表明:1、说明:2、验证:1、为了:1、从而:1、因此:3；页行中位数=41.0；段落候选中位数=8.5；图表候选=20；公式行候选=281；标题候选=925,附录 1: 支撑 材料 文件 列表,十 二 、 附录 / 附录 1: 支撑 材料 文件 列表 / 附录 2: 补充 表格 、 图 片 / 附录 3: 代码,2023/C050.pdf#page=27:line=2
2023,C,C126,paper_overview,,论文总览,1,1,0.911658,VAR@p1 -> 回归@p4 -> ODE@p19,连接词=首先:2、进一步:4、表明:10、说明:6、从而:1、因此:4；页行中位数=43.0；段落候选中位数=0.0；图表候选=18；公式行候选=139；标题候选=2027,商超蔬菜销售数据的统计分析及建模,商超蔬菜销售数据的统计分析及建模 / 摘要 / 根据商超实际购物篮销售数据，将该数据以单品编码为关键字，通过数据透,2023/C126.pdf#page=1:line=1
2023,C,C126,section_heading,摘要,摘要,1,2,0.665925,VAR@p1 -> 回归@p4 -> ODE@p19,连接词=首先:2、进一步:4、表明:10、说明:6、从而:1、因此:4；页行中位数=43.0；段落候选中位数=0.0；图表候选=18；公式行候选=139；标题候选=2027,摘要,商超蔬菜销售数据的统计分析及建模 / 摘要 / 根据商超实际购物篮销售数据，将该数据以单品编码为关键字，通过数据透 / 视形成新的销售数据集，即日销售数据，计1084个样本。通过对蔬菜日销售量,2023/C126.pdf#page=1:line=2
2023,C,C126,section_heading,问题重述,问题重述,2,1,0.825933,VAR@p1 -> 回归@p4 -> ODE@p19,连接词=首先:2、进一步:4、表明:10、说明:6、从而:1、因此:4；页行中位数=43.0；段落候选中位数=0.0；图表候选=18；公式行候选=139；标题候选=2027,一、问题重述,一、问题重述 / 在生鲜商超日常运营中，蔬菜类商品始终是一个备受关注的焦点。蔬菜保鲜 / 期短，品质容易受时间影响，这意味着商超必须面对迅速变化的市场需求，在不,2023/C126.pdf#page=2:line=1
2023,C,C126,section_heading,模型假设,模型假设,2,27,0.741832,VAR@p1 -> 回归@p4 -> ODE@p19,连接词=首先:2、进一步:4、表明:10、说明:6、从而:1、因此:4；页行中位数=43.0；段落候选中位数=0.0；图表候选=18；公式行候选=139；标题候选=2027,二、模型假设,问题4：为商超提出建议，还需要收集哪些数据，以更好地制定蔬菜商品的 / 补货和定价决策？ / 二、模型假设 / 1.假设商超每天营业时间从上午9:00到22:00，即每天营业13个小时。 / 2.假设商超对每个顾客的服务平等，计量工具合格，所陈列的商品顾客能直接,2023/C126.pdf#page=2:line=27
2023,C,C126,section_heading,符号说明,符号说明,2,31,0.796189,VAR@p1 -> 回归@p4 -> ODE@p19,连接词=首先:2、进一步:4、表明:10、说明:6、从而:1、因此:4；页行中位数=43.0；段落候选中位数=0.0；图表候选=18；公式行候选=139；标题候选=2027,三、符号说明,2.假设商超对每个顾客的服务平等，计量工具合格，所陈列的商品顾客能直接 / 做出自己的判断。 / 三、符号说明 / 表1符号说明（该符号主要用于数学味道较重的优化模型） / 含义,2023/C126.pdf#page=2:line=31
2023,C,C126,section_heading,模型建立,模型建立,3,8,0.959679,VAR@p1 -> 回归@p4 -> ODE@p19,连接词=首先:2、进一步:4、表明:10、说明:6、从而:1、因此:4；页行中位数=43.0；段落候选中位数=0.0；图表候选=18；公式行候选=139；标题候选=2027,四 、 模 型 建立 与 求解,"Su 第 i 个 品种 第 :天 成 本 利润 率 / J, 第 ;个 品种 2023 年 7 月 1 日 补 货 量 / 四 、 模 型 建立 与 求解 / 4, 1 问题 一 / 4.1.1 相关 性 分 析",2023/C126.pdf#page=3:line=8
2023,C,C126,section_heading,模型求解,模型求解,7,25,0.937022,VAR@p1 -> 回归@p4 -> ODE@p19,连接词=首先:2、进一步:4、表明:10、说明:6、从而:1、因此:4；页行中位数=43.0；段落候选中位数=0.0；图表候选=18；公式行候选=139；标题候选=2027,4.3.2 模型 求解,附件 。 西 兰花 销量 (xlx) 模型 设 定 为 对 数 正 态 模型 的 目的 是 和 其 他 两 个 模型 作 / 对 比 。 / 4.3.2 模型 求解 / C1) 三 个 模型 的 模型 检验 、 参 数 后 验 样本 的 动态 轨迹 图 、 核 密度 估计 图 因 / 篇 幅 限制 ， 不 在 袭 述 ， 全 部 放 在 支撑 材料 ， 这 里 只 给 出 三 个 模型 的 Bayesian 参,2023/C126.pdf#page=7:line=25
2023,C,C126,section_heading,结果分析,结果分析,11,11,0.882575,VAR@p1 -> 回归@p4 -> ODE@p19,连接词=首先:2、进一步:4、表明:10、说明:6、从而:1、因此:4；页行中位数=43.0；段落候选中位数=0.0；图表候选=18；公式行候选=139；标题候选=2027,（4）VAR模型的求解结果,"大，模型整体显著。 / 综合起来，模型可用于对未来一周的进货量进行预测。 / （4）VAR模型的求解结果 / 水生根茎类（ssgi）蔬菜的最终预测模型为： / ssgi, = A, ssg/t-- + A, ssgit-2 + 6,",2023/C126.pdf#page=11:line=11
2023,C,C126,section_heading,模型检验,模型检验,5,10,0.593902,VAR@p1 -> 回归@p4 -> ODE@p19,连接词=首先:2、进一步:4、表明:10、说明:6、从而:1、因此:4；页行中位数=43.0；段落候选中位数=0.0；图表候选=18；公式行候选=139；标题候选=2027,4.2.3 ”模型 检验,"betal2 0.2935 0.1042 0.001772 0.0906 0.2934 0.5007 2000 28001 / $2 24.66 1.857 0.01287 21.26 24.56 28.53 2000 28001 / 4.2.3 ”模型 检验 / (1 ) 各 参数 的 历史 轨迹 图 表明 , 各 条 MC 链 的 分 布 收敛 于 各 自 的 后 验 分 布 。 / 23s",2023/C126.pdf#page=5:line=10
2023,C,C126,section_heading,模型评价,模型评价,11,1,0.889581,VAR@p1 -> 回归@p4 -> ODE@p19,连接词=首先:2、进一步:4、表明:10、说明:6、从而:1、因此:4；页行中位数=43.0；段落候选中位数=0.0；图表候选=18；公式行候选=139；标题候选=2027,（3）模型评价和检验,（3）模型评价和检验 / 模型参数估计中第一行为最小二乘估计的系数，第二行为系数估数标准差， / 第三行为t检验统计量，绝大多数系数统计检验显著。,2023/C126.pdf#page=11:line=1
2023,C,C126,section_heading,参考文献,参考文献,19,2,0.782238,VAR@p1 -> 回归@p4 -> ODE@p19,连接词=首先:2、进一步:4、表明:10、说明:6、从而:1、因此:4；页行中位数=43.0；段落候选中位数=0.0；图表候选=18；公式行候选=139；标题候选=2027,五、参考文献,"是一种值得推荐的方法，也希望同行共同商讨。 / 五、参考文献 / [2]10.28270/n.cnki.ngjsb.2022.005104. / [4] Estrada G,Elizabeth,Villaseior, et al. Shapiro-Wilk test for multivariate",2023/C126.pdf#page=19:line=2
2023,C,C126,section_heading,附录,附录,20,1,0.666361,VAR@p1 -> 回归@p4 -> ODE@p19,连接词=首先:2、进一步:4、表明:10、说明:6、从而:1、因此:4；页行中位数=43.0；段落候选中位数=0.0；图表候选=18；公式行候选=139；标题候选=2027,附录,附录 / 一、支撑材料 / 1.数据：,2023/C126.pdf#page=20:line=1
2023,C,C228,paper_overview,,论文总览,1,1,0.872494,LSTM@p1 -> NSGA@p1 -> 线性规划@p1 -> 遗传算法@p1 -> 非线性规划@p1 -> VIKOR@p1 -> VAR@p8 -> 回归@p17 -> ARIMA@p18 -> 粒子群@p21 -> 多目标@p24 -> 0-1@p26 -> ODE@p39 -> Prophet@p59,连接词=首先:5、其次:2、进一步:3、可知:4、表明:1、说明:4、验证:3、为了:1、从而:1、因此:22；页行中位数=37.5；段落候选中位数=6.5；图表候选=33；公式行候选=478；标题候选=282,基于价格弹性的蔬菜类商品自动定价与补货决策,基于价格弹性的蔬菜类商品自动定价与补货决策 / 摘要 / 首先，基于数据高维、庞杂的特征对其进行整合、分析与清洗。对多个附件自然连,2023/C228.pdf#page=1:line=1
2023,C,C228,section_heading,摘要,摘要,1,2,0.541957,LSTM@p1 -> NSGA@p1 -> 线性规划@p1 -> 遗传算法@p1 -> 非线性规划@p1 -> VIKOR@p1 -> VAR@p8 -> 回归@p17 -> ARIMA@p18 -> 粒子群@p21 -> 多目标@p24 -> 0-1@p26 -> ODE@p39 -> Prophet@p59,连接词=首先:5、其次:2、进一步:3、可知:4、表明:1、说明:4、验证:3、为了:1、从而:1、因此:22；页行中位数=37.5；段落候选中位数=6.5；图表候选=33；公式行候选=478；标题候选=282,摘要,基于价格弹性的蔬菜类商品自动定价与补货决策 / 摘要 / 首先，基于数据高维、庞杂的特征对其进行整合、分析与清洗。对多个附件自然连 / 接（NJ）、对不同变量进行One-hot编码与时间序列处理、将进货销货信息按日/周/月/年,2023/C228.pdf#page=1:line=2
2023,C,C228,section_heading,问题重述,问题重述,2,1,0.840545,LSTM@p1 -> NSGA@p1 -> 线性规划@p1 -> 遗传算法@p1 -> 非线性规划@p1 -> VIKOR@p1 -> VAR@p8 -> 回归@p17 -> ARIMA@p18 -> 粒子群@p21 -> 多目标@p24 -> 0-1@p26 -> ODE@p39 -> Prophet@p59,连接词=首先:5、其次:2、进一步:3、可知:4、表明:1、说明:4、验证:3、为了:1、从而:1、因此:22；页行中位数=37.5；段落候选中位数=6.5；图表候选=33；公式行候选=478；标题候选=282,一、问题重述,一、问题重述 / 1.1问题背景 / 在生鲜商超中，蔬菜类商品保鲜要求严格，隔日产品无法继续销售，因此商家需要,2023/C228.pdf#page=2:line=1
2023,C,C228,section_heading,问题分析,问题分析,3,1,0.779636,LSTM@p1 -> NSGA@p1 -> 线性规划@p1 -> 遗传算法@p1 -> 非线性规划@p1 -> VIKOR@p1 -> VAR@p8 -> 回归@p17 -> ARIMA@p18 -> 粒子群@p21 -> 多目标@p24 -> 0-1@p26 -> ODE@p39 -> Prophet@p59,连接词=首先:5、其次:2、进一步:3、可知:4、表明:1、说明:4、验证:3、为了:1、从而:1、因此:22；页行中位数=37.5；段落候选中位数=6.5；图表候选=33；公式行候选=478；标题候选=282,三、问题分析,三、问题分析 / 本题主要分为基于数据分析的生鲜商超销售量影响因素及呈现规律探究问题、生鲜 / 商超销售量的预测问题、以及基于对销售量的认知为生鲜商超的定价与补货提供决策方,2023/C228.pdf#page=3:line=1
2023,C,C228,section_heading,符号说明,符号说明,4,1,0.855965,LSTM@p1 -> NSGA@p1 -> 线性规划@p1 -> 遗传算法@p1 -> 非线性规划@p1 -> VIKOR@p1 -> VAR@p8 -> 回归@p17 -> ARIMA@p18 -> 粒子群@p21 -> 多目标@p24 -> 0-1@p26 -> ODE@p39 -> Prophet@p59,连接词=首先:5、其次:2、进一步:3、可知:4、表明:1、说明:4、验证:3、为了:1、从而:1、因此:22；页行中位数=37.5；段落候选中位数=6.5；图表候选=33；公式行候选=478；标题候选=282,四、符号说明,四、符号说明 / 符号 / 意义,2023/C228.pdf#page=4:line=1
2023,C,C228,section_heading,模型建立,模型建立,7,18,0.944535,LSTM@p1 -> NSGA@p1 -> 线性规划@p1 -> 遗传算法@p1 -> 非线性规划@p1 -> VIKOR@p1 -> VAR@p8 -> 回归@p17 -> ARIMA@p18 -> 粒子群@p21 -> 多目标@p24 -> 0-1@p26 -> ODE@p39 -> Prophet@p59,连接词=首先:5、其次:2、进一步:3、可知:4、表明:1、说明:4、验证:3、为了:1、从而:1、因此:22；页行中位数=37.5；段落候选中位数=6.5；图表候选=33；公式行候选=478；标题候选=282,六 、 问 题 一 的 模型 建立 与 求解,。 吻 除 完 全 没有 销量 数据 的 蔬菜 单 品 ， 共 计 S +; / 。 剔除 销售 天 数 小 于 10， 销 售 量 小 于 3%， 且 无 年 周期 规律 的 蔬菜 单 品 ， 共 计 48 个 。 / 六 、 问 题 一 的 模型 建立 与 求解 / 1 ORISHA 1 | / | a ee ee 验证,2023/C228.pdf#page=7:line=18
2023,C,C228,section_heading,模型求解,模型求解,16,6,0.928929,LSTM@p1 -> NSGA@p1 -> 线性规划@p1 -> 遗传算法@p1 -> 非线性规划@p1 -> VIKOR@p1 -> VAR@p8 -> 回归@p17 -> ARIMA@p18 -> 粒子群@p21 -> 多目标@p24 -> 0-1@p26 -> ODE@p39 -> Prophet@p59,连接词=首先:5、其次:2、进一步:3、可知:4、表明:1、说明:4、验证:3、为了:1、从而:1、因此:22；页行中位数=37.5；段落候选中位数=6.5；图表候选=33；公式行候选=478；标题候选=282,以 每 日 出 现 的 单 品种 类 作为 项 集 ， 通 过 模型 求解 构建 出 单 品 之 间 关 联 规 则 ， 部 分 列,关系 均 不 明显 ， 这 与 蔬菜 本 身 作 为 必需 品 的 特征 有 关 ， 与 实际 销售 规律 较为 吻合 。 / (b) 间 品 之 问 : / 以 每 日 出 现 的 单 品种 类 作为 项 集 ， 通 过 模型 求解 构建 出 单 品 之 间 关 联 规 则 ， 部 分 列 / 举 如 下 ， 其 余 放置 附录 下。 观察 数据 可 以 看 出 支持 度 大 于 0.8， 置 信 度 大 于 0.9， 可 以 说 / 明 两 项 之 间 存 在 强 相 关 关 系 ， 其 中 一 个 销售 时 ， 另 一 个 往往 也 会 随 之 销售 。,2023/C228.pdf#page=16:line=6
2023,C,C228,section_heading,结果分析,结果分析,9,18,0.892585,LSTM@p1 -> NSGA@p1 -> 线性规划@p1 -> 遗传算法@p1 -> 非线性规划@p1 -> VIKOR@p1 -> VAR@p8 -> 回归@p17 -> ARIMA@p18 -> 粒子群@p21 -> 多目标@p24 -> 0-1@p26 -> ODE@p39 -> Prophet@p59,连接词=首先:5、其次:2、进一步:3、可知:4、表明:1、说明:4、验证:3、为了:1、从而:1、因此:22；页行中位数=37.5；段落候选中位数=6.5；图表候选=33；公式行候选=478；标题候选=282,6.2.2时间分布规律的求解结果,其中Y为观测值，T表示趋势成分，Qt表示季节性成分，Ct表示周期性成分，Et表示 / 随机噪音。 / 6.2.2时间分布规律的求解结果 / (a)总销量的分布规律 / 总销量在三年间的变化曲线如图4所示，总体销量在2021.2-2022.5年间处于低迷状,2023/C228.pdf#page=9:line=18
2023,C,C228,section_heading,灵敏度分析,灵敏度分析,28,23,0.863199,LSTM@p1 -> NSGA@p1 -> 线性规划@p1 -> 遗传算法@p1 -> 非线性规划@p1 -> VIKOR@p1 -> VAR@p8 -> 回归@p17 -> ARIMA@p18 -> 粒子群@p21 -> 多目标@p24 -> 0-1@p26 -> ODE@p39 -> Prophet@p59,连接词=首先:5、其次:2、进一步:3、可知:4、表明:1、说明:4、验证:3、为了:1、从而:1、因此:22；页行中位数=37.5；段落候选中位数=6.5；图表候选=33；公式行候选=478；标题候选=282,类对价格变化的敏感性，对价格弹性高单品进行灵活定价，吸引更多的顾客。从而更准,响。商超与互为竞争对手的企业所销售的产品相似，互为替代品。因此当商超需要确定 / 定价预测销售量达到利润最大值时，还需要考虑其价格与竞争者商品的差距，以及该品 / 类对价格变化的敏感性，对价格弹性高单品进行灵活定价，吸引更多的顾客。从而更准 / 确的预测对销售量的影响，扩大顾客群体，导找利润的最大值。 / 9.2消费者的预期价格以及价格感度,2023/C228.pdf#page=28:line=23
2023,C,C228,section_heading,参考文献,参考文献,30,17,0.966043,LSTM@p1 -> NSGA@p1 -> 线性规划@p1 -> 遗传算法@p1 -> 非线性规划@p1 -> VIKOR@p1 -> VAR@p8 -> 回归@p17 -> ARIMA@p18 -> 粒子群@p21 -> 多目标@p24 -> 0-1@p26 -> ODE@p39 -> Prophet@p59,连接词=首先:5、其次:2、进一步:3、可知:4、表明:1、说明:4、验证:3、为了:1、从而:1、因此:22；页行中位数=37.5；段落候选中位数=6.5；图表候选=33；公式行候选=478；标题候选=282,参考 文献,"1. 问题 二 预测 销量 时 ， 仅 考虑 自身 价格 变动 对 销量 产生 的 影响 ， 未 考虑 其 蔡 代 品 与 互 / 补品 价格 变动 产生 的 影响 ， 应 同时 考虑 商品 销量 的 交叉 价格 弹性 ; / 参考 文献 / [1] Kalyanmoy Deb, Samir Agrawal, Amrit Pratap, and et al. A fast and elitist multiobjective / genetic algorithm: Nsga-ii. IEEE Transactions on Evolutionary Computation, 6(2), 2002.",2023/C228.pdf#page=30:line=17
2023,C,C228,section_heading,附录,附录,1,20,0.848963,LSTM@p1 -> NSGA@p1 -> 线性规划@p1 -> 遗传算法@p1 -> 非线性规划@p1 -> VIKOR@p1 -> VAR@p8 -> 回归@p17 -> ARIMA@p18 -> 粒子群@p21 -> 多目标@p24 -> 0-1@p26 -> ODE@p39 -> Prophet@p59,连接词=首先:5、其次:2、进一步:3、可知:4、表明:1、说明:4、验证:3、为了:1、从而:1、因此:22；页行中位数=37.5；段落候选中位数=6.5；图表候选=33；公式行候选=478；标题候选=282,到决策方案（具体见附录H)后与平均情况对比，发现收益有明显提升，。,本与销量进行预测，平均R方均到0.8以上，并设定价格弹性修正函数融入定价的影 / 响。为求解连续型优化问题，本文使用GBest-PSO算法并对其改进引人先验知识，得 / 到决策方案（具体见附录H)后与平均情况对比，发现收益有明显提升，。 / 对于问题三，本文对确定的可售单品进行滞销过滤、并以单品销量与销售次数为依 / 据采用VIKOR评价方法确定其需求值，初步确定了40个预选目标。为解决混合多目,2023/C228.pdf#page=1:line=20
2024,A,A016,paper_overview,,论文总览,1,1,0.822336,0-1@p7,连接词=首先:20、进一步:3、由此:2、可知:2、说明:3、为了:4、因此:17；页行中位数=28；段落候选中位数=7；图表候选=21；公式行候选=453；标题候选=66,基于几何模型的舞龙队位置和速度分析,基于几何模型的舞龙队位置和速度分析 / 摘要 / 板尧龙是一项民俗活动，盘龙时多条板尧通过把手首尾相接沿螺线盘入调头区域并,2024/A016.pdf#page=1:line=1
2024,A,A016,section_heading,摘要,摘要,1,2,0.665111,0-1@p7,连接词=首先:20、进一步:3、由此:2、可知:2、说明:3、为了:4、因此:17；页行中位数=28；段落候选中位数=7；图表候选=21；公式行候选=453；标题候选=66,摘要,基于几何模型的舞龙队位置和速度分析 / 摘要 / 板尧龙是一项民俗活动，盘龙时多条板尧通过把手首尾相接沿螺线盘入调头区域并 / 盘出。本文从螺线方程出发，利用几何分析等方法建立计算把手位置和速度的模型，并,2024/A016.pdf#page=1:line=2
2024,A,A016,section_heading,问题重述,问题重述,2,1,0.831363,0-1@p7,连接词=首先:20、进一步:3、由此:2、可知:2、说明:3、为了:4、因此:17；页行中位数=28；段落候选中位数=7；图表候选=21；公式行候选=453；标题候选=66,一、问题重述,一、问题重述 / 1.1问题背景 / 板凳龙是一项热门的非物质文化遗产项目，也是许多省市元宵节传统习俗之一，如,2024/A016.pdf#page=2:line=1
2024,A,A016,section_heading,问题分析,问题分析,3,2,0.854729,0-1@p7,连接词=首先:20、进一步:3、由此:2、可知:2、说明:3、为了:4、因此:17；页行中位数=28；段落候选中位数=7；图表候选=21；公式行候选=453；标题候选=66,二、问题分析,过2m/s时的龙头最大行进速度。 / 二、问题分析 / 2.1问题一的分析 / 问题一已知龙头把手初始位置、行进速度和运动轨迹，要求得到不同时刻不同把手,2024/A016.pdf#page=3:line=2
2024,A,A016,section_heading,模型假设,模型假设,4,17,0.744862,0-1@p7,连接词=首先:20、进一步:3、由此:2、可知:2、说明:3、为了:4、因此:17；页行中位数=28；段落候选中位数=7；图表候选=21；公式行候选=453；标题候选=66,三、模型假设,该速度相除得到比值，将该比值与原先的龙头行进速度1m/s相乘，得到龙头最大行进 / 速度。 / 三、模型假设 / 1.理想化连接：板凳之间通过把手连接，假设连接是理想的，不会因为弯曲而产生任何 / 额外的摩擦力或其他阻力。,2024/A016.pdf#page=4:line=17
2024,A,A016,section_heading,符号说明,符号说明,5,1,0.791514,0-1@p7,连接词=首先:20、进一步:3、由此:2、可知:2、说明:3、为了:4、因此:17；页行中位数=28；段落候选中位数=7；图表候选=21；公式行候选=453；标题候选=66,四、符号说明,四、符号说明 / 符号 / 含义,2024/A016.pdf#page=5:line=1
2024,A,A016,section_heading,模型建立,模型建立,1,31,0.920641,0-1@p7,连接词=首先:20、进一步:3、由此:2、可知:2、说明:3、为了:4、因此:17；页行中位数=28；段落候选中位数=7；图表候选=21；公式行候选=453；标题候选=66,关键词：等距螺线方程几何分析逐步逼近法碰撞检测模型构建矩阵,接着通过问题四结果得到速度矩阵，找出矩阵中最大的速度，将2m/s与该速度相除得 / 到比值常数，将该常数与原先的速度1m/s相乘，得到龙头最大行进速度为1.406276m/s。 / 关键词：等距螺线方程几何分析逐步逼近法碰撞检测模型构建矩阵,2024/A016.pdf#page=1:line=31
2024,A,A016,section_heading,模型求解,模型求解,10,26,0.932758,0-1@p7,连接词=首先:20、进一步:3、由此:2、可知:2、说明:3、为了:4、因此:17；页行中位数=28；段落候选中位数=7；图表候选=21；公式行候选=453；标题候选=66,基于 此 我 们 建立 模型 求解 把 手 速 度 。,"由 于 同一 块 板 此 上 沿 板 移 方 向 的 速度 大 小 相等 ， 因 此 对 于 每 节 把 手 ， 我 们 部 可 以 根 / 据 前 一 把 手 的 速度 求解 得 到 该 把 手 的 速度 , 每 节 把 手 的 速度 方向 均 为 沿 螺 线 的 切线 方向 ， / 基于 此 我 们 建立 模型 求解 把 手 速 度 。 / > ”定义 参数 / 设 在 极 坐 标 下 ， 每 一 节 把 手 的 华 标 表示 为 (6i wb6i*) ， 相 应 地 ， 转 化 为 直角 坐标 即",2024/A016.pdf#page=10:line=26
2024,A,A016,section_heading,模型检验,模型检验,30,2,0.92897,0-1@p7,连接词=首先:20、进一步:3、由此:2、可知:2、说明:3、为了:4、因此:17；页行中位数=28；段落候选中位数=7；图表候选=21；公式行候选=453；标题候选=66,6.1 误差 分 析,六 、 模 型 的 分 析 与 检验 / 6.1 误差 分 析 / 由 于 我 们 是 通过 逐步 通 近 的 方法 求解 把 手 的 位 置 ， 因 此 存在 一 定 误差 s ， 主 要 来 源 / 于 步 长 选择 和 停止 准则 。,2024/A016.pdf#page=30:line=2
2024,A,A016,section_heading,灵敏度分析,灵敏度分析,30,18,0.927998,0-1@p7,连接词=首先:20、进一步:3、由此:2、可知:2、说明:3、为了:4、因此:17；页行中位数=28；段落候选中位数=7；图表候选=21；公式行候选=453；标题候选=66,6.2 灵敏 度 分 析,"因此 , Reb MEI SATE Ain 的 情况 下 ， 可 以 有 效 地 逼近 精确 解 ， 并 且 误 差 = / 可 以 控制 在 2Amin 以 内 。 / 6.2 灵敏 度 分 析 / 对 于 问题 二 ， 我 们 需要 判断 发 生 碰 撞 的 时 刻 ， 从 而 确定 舞 龙 队 的 终止 时 刻 ， 在 判断 / 的 过 程 中 ， 基 于 两 个 初始 条 件 : 螺 线 螺 距 和 把 手 间 距 。",2024/A016.pdf#page=30:line=18
2024,A,A016,section_heading,模型评价,模型评价,31,13,0.964493,0-1@p7,连接词=首先:20、进一步:3、由此:2、可知:2、说明:3、为了:4、因此:17；页行中位数=28；段落候选中位数=7；图表候选=21；公式行候选=453；标题候选=66,七 、 模 型 的 评价 与 推广,左右 ， 对 其 的 影响 不 大 。 / 可 见 终止 时 刻 对 螺 线 螺 距 较 敏 感 ， 对 把 手 间 距 不 敏感 。 / 七 、 模 型 的 评价 与 推广 / 7.1 模型 的 优点 / C1) 模型 利用 螺旋 线 的 极 坐 标 方程 对 板 玩 龙 的 运动 轨迹 进行 了 精确 的 数学 描述 。,2024/A016.pdf#page=31:line=13
2024,A,A016,section_heading,参考文献,参考文献,32,6,0.798485,0-1@p7,连接词=首先:20、进一步:3、由此:2、可知:2、说明:3、为了:4、因此:17；页行中位数=28；段落候选中位数=7；图表候选=21；公式行候选=453；标题候选=66,参考文献,"该模型可以推广应用于其他多节刚性结构的运动分析，如机器人臂的路径规划、蛇 / 形机器人的运动控制等。这些应用同样需要精确的运动轨迹计算和撞检测。 / 参考文献 / [1]肖琦,林明珠.闽中非物质文化遗产旅游资源活化利用研究一一以三明大田板凳龙为 / 例[中国民族博览,2020,(22):65-67.",2024/A016.pdf#page=32:line=6
2024,A,A016,section_heading,附录,附录,33,1,0.944322,0-1@p7,连接词=首先:20、进一步:3、由此:2、可知:2、说明:3、为了:4、因此:17；页行中位数=28；段落候选中位数=7；图表候选=21；公式行候选=453；标题候选=66,附录,附录 / 附录 A 支撑 材料 文件 列表 / 文件 名 文件 内 容,2024/A016.pdf#page=33:line=1
2024,A,A053,paper_overview,,论文总览,1,1,0.871815,粒子群@p1,连接词=首先:16、进一步:1、表明:3、说明:5、验证:4、为了:4、因此:8；页行中位数=33.0；段落候选中位数=5.5；图表候选=28；公式行候选=568；标题候选=40,基于目标优化的板凳龙形态调节,基于目标优化的板凳龙形态调节 / 摘要 / 针对问题一，我们建立舞龙队的运动状态模型。首先，在极坐标系中用阿基米德,2024/A053.pdf#page=1:line=1
2024,A,A053,section_heading,摘要,摘要,1,2,0.664421,粒子群@p1,连接词=首先:16、进一步:1、表明:3、说明:5、验证:4、为了:4、因此:8；页行中位数=33.0；段落候选中位数=5.5；图表候选=28；公式行候选=568；标题候选=40,摘要,基于目标优化的板凳龙形态调节 / 摘要 / 针对问题一，我们建立舞龙队的运动状态模型。首先，在极坐标系中用阿基米德 / 螺旋线方程描述了各把手满足的位置范围。接着，利用螺旋线弧长公式表示出龙头把,2024/A053.pdf#page=1:line=2
2024,A,A053,section_heading,问题重述,问题重述,2,1,0.852538,粒子群@p1,连接词=首先:16、进一步:1、表明:3、说明:5、验证:4、为了:4、因此:8；页行中位数=33.0；段落候选中位数=5.5；图表候选=28；公式行候选=568；标题候选=40,一、问题重述,一、问题重述 / 1.1问题的背景 / “板凳龙”又被称为“盘龙”，是流行于浙江与福建一带的传统民俗文化活动。参与,2024/A053.pdf#page=2:line=1
2024,A,A053,section_heading,问题分析,问题分析,3,19,0.808829,粒子群@p1,连接词=首先:16、进一步:1、表明:3、说明:5、验证:4、为了:4、因此:8；页行中位数=33.0；段落候选中位数=5.5；图表候选=28；公式行候选=568；标题候选=40,四、问题的分析,角速度 / rad/s / 四、问题的分析 / 4.1问题一的分析 / 问题一要求我们求出所有把手的位置和速度。首先，我们在极坐标系中用阿基,2024/A053.pdf#page=3:line=19
2024,A,A053,section_heading,符号说明,符号说明,3,1,0.837205,粒子群@p1,连接词=首先:16、进一步:1、表明:3、说明:5、验证:4、为了:4、因此:8；页行中位数=33.0；段落候选中位数=5.5；图表候选=28；公式行候选=568；标题候选=40,三、符号说明,三、符号说明 / 表1符号说明 / 说明,2024/A053.pdf#page=3:line=1
2024,A,A053,section_heading,模型建立,模型建立,4,15,0.861165,粒子群@p1,连接词=首先:16、进一步:1、表明:3、说明:5、验证:4、为了:4、因此:8；页行中位数=33.0；段落候选中位数=5.5；图表候选=28；公式行候选=568；标题候选=40,五、模型的建立与求解,式为约束条件的单目标优化模型，并利用粒子群算法进行求解，搜索出满足约束条件 / 的最大龙头速度。 / 五、模型的建立与求解 / 5.1问题一模型的建立与求解 / 问题一要求我们求出所有把手的位置和速度。首先，我们在极坐标系中用阿基,2024/A053.pdf#page=4:line=15
2024,A,A053,section_heading,模型求解,模型求解,7,4,0.9267,粒子群@p1,连接词=首先:16、进一步:1、表明:3、说明:5、验证:4、为了:4、因此:8；页行中位数=33.0；段落候选中位数=5.5；图表候选=28；公式行候选=568；标题候选=40,"极 坐 标 Mi (74 (0), (2) REAR (5) 的 隐 式 形式 ， 在 后 续 参 与 模型 求解。","Mi 人 ri(t),9i(tb)) 均 可 确定 。 / AFA (5) 结构 复杂 ， 无 法 直接 解 出 9(b 的 显 式 形 式 ， 因 此 我 们 将 龙头 把 手 的 / 极 坐 标 Mi (74 (0), (2) REAR (5) 的 隐 式 形式 ， 在 后 续 参 与 模型 求解。 / 图” 基 于 龙头 前 把 手 位 置 递 推 龙 身 与 龙 尾 把 手 位 置 / 龙 身 和 龙 尾 节 节 相连 ， 后 一 块 把手 的 位 置 可 由 前 一 块 决定 ， 因 此 我 们 采用 递 推 的",2024/A053.pdf#page=7:line=4
2024,A,A053,section_heading,结果分析,结果分析,1,9,0.894333,粒子群@p1,连接词=首先:16、进一步:1、表明:3、说明:5、验证:4、为了:4、因此:8；页行中位数=33.0；段落候选中位数=5.5；图表候选=28；公式行候选=568；标题候选=40,最后，针对各把手的位置和速度特征进行了结果分析和灵敏度分析。,散化处理，求解出龙头在每一个时刻下的位置，并递推出其余把手在对应时刻的位置， / 由每一时间步长下的行进弧长计算出各把手的速度，将位置和速度结果存入指定文件。 / 最后，针对各把手的位置和速度特征进行了结果分析和灵敏度分析。 / 针对问题二，我们建立了碰撞检测模型。首先，我们首先利用反证法证明了整条 / 龙的首次碰撞发生在龙头上。接着，根据几何关系，表示出各板凳顶点的坐标以划定,2024/A053.pdf#page=1:line=9
2024,A,A053,section_heading,模型检验,模型检验,28,14,0.909801,粒子群@p1,连接词=首先:16、进一步:1、表明:3、说明:5、验证:4、为了:4、因此:8；页行中位数=33.0；段落候选中位数=5.5；图表候选=28；公式行候选=568；标题候选=40,图” 模 型 检验,的 区 域 时 ， 螺 距 增 大 ， 碰 撞 时 的 半径 相差 极 小 ， 当 碰撞 发 生 在 龙 身 车 后 的 区 域 时 ， 螺 / 距 增 大， 碰撞 时 的 半径 可 能 相差 较 大 。 / 图” 模 型 检验 / 假设 龙头 位 于 调头 边界 处 ， 求 解 怡 好 不 发 生 碰撞 的 螺 距 ， 结 果 约 为 42 em。 这 种 / 方法 不 能 保证 在 到 达 该 位 置 前 未 发 生 磁 撞 。 经 检验 ， 依 此 螺 距 盘 龙 时 ， 龙 头 与 龙 身 在,2024/A053.pdf#page=28:line=14
2024,A,A053,section_heading,灵敏度分析,灵敏度分析,1,9,0.894333,粒子群@p1,连接词=首先:16、进一步:1、表明:3、说明:5、验证:4、为了:4、因此:8；页行中位数=33.0；段落候选中位数=5.5；图表候选=28；公式行候选=568；标题候选=40,最后，针对各把手的位置和速度特征进行了结果分析和灵敏度分析。,散化处理，求解出龙头在每一个时刻下的位置，并递推出其余把手在对应时刻的位置， / 由每一时间步长下的行进弧长计算出各把手的速度，将位置和速度结果存入指定文件。 / 最后，针对各把手的位置和速度特征进行了结果分析和灵敏度分析。 / 针对问题二，我们建立了碰撞检测模型。首先，我们首先利用反证法证明了整条 / 龙的首次碰撞发生在龙头上。接着，根据几何关系，表示出各板凳顶点的坐标以划定,2024/A053.pdf#page=1:line=9
2024,A,A053,section_heading,模型评价,模型评价,42,1,0.82104,粒子群@p1,连接词=首先:16、进一步:1、表明:3、说明:5、验证:4、为了:4、因此:8；页行中位数=33.0；段落候选中位数=5.5；图表候选=28；公式行候选=568；标题候选=40,六、模型的评价,六、模型的评价 / 6.1模型的优点 / 1.模型求解效率快，贴合实际情况,2024/A053.pdf#page=42:line=1
2024,A,A053,section_heading,参考文献,参考文献,42,6,0.840614,粒子群@p1,连接词=首先:16、进一步:1、表明:3、说明:5、验证:4、为了:4、因此:8；页行中位数=33.0；段落候选中位数=5.5；图表候选=28；公式行候选=568；标题候选=40,七、参考文献,"2.模型精度高，可以良好地表述“板凳龙”的运动状态。 / 3.运用分离轴定理描述碰撞过程，理论依据牢靠，更加严谨。 / 七、参考文献 / [1][1]刘娜,毛晓菊.基于分离轴定理的碰撞检测算法[].数字技术与应 / 用,2012,(08):102.DOI:10.19695/j.cnki.cn12-1369.2012.08.070.",2024/A053.pdf#page=42:line=6
2024,A,A163,paper_overview,,论文总览,1,1,0.902453,未检出,连接词=首先:8、进一步:1、由此:6、说明:3、从而:3、因此:7；页行中位数=28.0；段落候选中位数=8.0；图表候选=22；公式行候选=488；标题候选=69,基于几何模型的板凳龙运动路径问题,基于几何模型的板凳龙运动路径问题 / 摘要 / “板凳龙”是我国浙闻地区的一项元宵节习俗，村民们将板凳首尾相连组成长龙，,2024/A163.pdf#page=1:line=1
2024,A,A163,section_heading,摘要,摘要,1,2,0.604493,未检出,连接词=首先:8、进一步:1、由此:6、说明:3、从而:3、因此:7；页行中位数=28.0；段落候选中位数=8.0；图表候选=22；公式行候选=488；标题候选=69,摘要,基于几何模型的板凳龙运动路径问题 / 摘要 / “板凳龙”是我国浙闻地区的一项元宵节习俗，村民们将板凳首尾相连组成长龙， / 龙头在前领头，龙身龙尾相随盘旋。在保证舞龙队能够自如地盘入和盘出的情况下，盘,2024/A163.pdf#page=1:line=2
2024,A,A163,section_heading,问题重述,问题重述,2,1,0.919884,未检出,连接词=首先:8、进一步:1、由此:6、说明:3、从而:3、因此:7；页行中位数=28.0；段落候选中位数=8.0；图表候选=22；公式行候选=488；标题候选=69,一 ， 问 题 背 景 与 重 述,一 ， 问 题 背 景 与 重 述 / 1.1 问题 背景 / 我 国 浙 闻 地 区 有 一 项 盛大 的 元 宵 节 习俗 一 一 “ 板 绽 龙 :，5	1	1	1	3	23	1207	377	135	35	34.496468	ARTE5	1	1	1	3	24	1387	377	216	35	38.241310	AE4	1	1	1	4	0	219	422	1383	35	-1	5	1	1	1	4	1	219	423	35	33	90.901451	孔5	1	1	1	4	2	270	422	40	34	92.200317	连5	1	1	1	4	3	332	443	7	11	92.440491	接5	1	1	1	4	4	343	417	32	49	92.380051	，5	1	1	1	4	5	374	422	47	34	92.611900	组5	1	1	1	4	6	440	424	17	32	93.120064	成5	1	1	1	4	7	456	417	32	49	90.064079	几5	1	1	1	4	8	487	422	47	34	91.978271	十5	1	1	1	4	9	533	417	32	49	96.409729	至5	1	1	1	4	10	564	422	17	32	93.214706	上5	1	1	1	4	11	594	423	23	33	90.306190	,2024/A163.pdf#page=2:line=1
2024,A,A163,section_heading,问题分析,问题分析,4,7,0.829995,未检出,连接词=首先:8、进一步:1、由此:6、说明:3、从而:3、因此:7；页行中位数=28.0；段落候选中位数=8.0；图表候选=22；公式行候选=488；标题候选=69,二问题分析,5.舞龙队沿问题四设定的最短调头路径前进，假定龙头的前进速度保持为v(m/s)， / 求最大的v(m/s)使得该过程中舞龙队各把手的速度均不超过2m/s。 / 二问题分析 / 2.1问题一的分析 / 对于问题一，已知盘入螺线的螺距和起点，本文能够建立该螺线对应的极坐标方,2024/A163.pdf#page=4:line=7
2024,A,A163,section_heading,模型假设,模型假设,6,23,0.811989,未检出,连接词=首先:8、进一步:1、由此:6、说明:3、从而:3、因此:7；页行中位数=28.0；段落候选中位数=8.0；图表候选=22；公式行候选=488；标题候选=69,3.1模型假设,进而求得龙头最大行进速度。 / 三模型准备 / 3.1模型假设 / 1.在舞龙队盘入前，已经以相同的螺距排列为等距螺线列队在盘入螺线外。 / 2.忽略板凳厚度带来的影响。,2024/A163.pdf#page=6:line=23
2024,A,A163,section_heading,符号说明,符号说明,6,28,0.843587,未检出,连接词=首先:8、进一步:1、由此:6、说明:3、从而:3、因此:7；页行中位数=28.0；段落候选中位数=8.0；图表候选=22；公式行候选=488；标题候选=69,3.2符号说明,3.各把手中心严格位于螺线上。 / 4.忽略摩擦力带来的影响。 / 3.2符号说明 / 所使用的符号及说明如表3.1所示。 / 大中国大学生在统,2024/A163.pdf#page=6:line=28
2024,A,A163,section_heading,模型建立,模型建立,7,20,0.96605,未检出,连接词=首先:8、进一步:1、由此:6、说明:3、从而:3、因此:7；页行中位数=28.0；段落候选中位数=8.0；图表候选=22；公式行候选=488；标题候选=69,模型 的 建立 与 求解,D 调头 空间 直径 m / 注意 : 其 他 符号 己 在 文章 的 相应 部 分 给 出 说 明 / 模型 的 建立 与 求解 / 4.1 问题 一 模型 的 建立 与 求解 / 4.1.1 ”模型 的 建立,2024/A163.pdf#page=7:line=20
2024,A,A163,section_heading,模型评价,模型评价,28,12,0.967785,未检出,连接词=首先:8、进一步:1、由此:6、说明:3、从而:3、因此:7；页行中位数=28.0；段落候选中位数=8.0；图表候选=22；公式行候选=488；标题候选=69,五 ”模型 的 评价,4.5.2 ”模型 计算 结果 / 代入 数据 ， 求 解 得 龙头 的 最 大 行进 速度 为 1.246266my/s。 / 五 ”模型 的 评价 / 5.1 ”模型 的 优点 / 。 优 点 1: 模型 没有 过 多 的 简 省 ， 较 为 精确 地 给 出 问题 所 需要 的 位 置 和 速度 数据 ， 较,2024/A163.pdf#page=28:line=12
2024,A,A163,section_heading,参考文献,参考文献,29,1,0.955777,未检出,连接词=首先:8、进一步:1、由此:6、说明:3、从而:3、因此:7；页行中位数=28.0；段落候选中位数=8.0；图表候选=22；公式行候选=488；标题候选=69,参考 文献,"参考 文献 / [1] 姜 启 源 , 《数学 模型 》， 高 等 教育 出 版 社 ，2007 年 . / 附录",2024/A163.pdf#page=29:line=1
2024,A,A163,section_heading,附录,附录,29,3,0.961358,未检出,连接词=首先:8、进一步:1、由此:6、说明:3、从而:3、因此:7；页行中位数=28.0；段落候选中位数=8.0；图表候选=22；公式行候选=488；标题候选=69,附录,"参考 文献 / [1] 姜 启 源 , 《数学 模型 》， 高 等 教育 出 版 社 ，2007 年 . / 附录 / 支撑 材料 的 文件 列表 ， / 1. result1.xlsx",2024/A163.pdf#page=29:line=3
2024,A,A178,paper_overview,,论文总览,1,1,0.665353,微分方程@p1 -> ODE@p28,连接词=首先:11、可知:1、表明:1、说明:4、验证:3、为了:1、从而:1、因此:6；页行中位数=35.5；段落候选中位数=4.0；图表候选=16；公式行候选=506；标题候选=180,摘要,摘要 / “板尧龙”，亦称作“盘龙”，在浙江与福建地区广为流传，作为一种传统的民俗文 / 化活动而备受推票。本论文旨在深入探讨并优化“板凳龙“表演的行进路径与速度控制，,2024/A178.pdf#page=1:line=1
2024,A,A178,section_heading,摘要,摘要,1,1,0.665353,微分方程@p1 -> ODE@p28,连接词=首先:11、可知:1、表明:1、说明:4、验证:3、为了:1、从而:1、因此:6；页行中位数=35.5；段落候选中位数=4.0；图表候选=16；公式行候选=506；标题候选=180,摘要,摘要 / “板尧龙”，亦称作“盘龙”，在浙江与福建地区广为流传，作为一种传统的民俗文 / 化活动而备受推票。本论文旨在深入探讨并优化“板凳龙“表演的行进路径与速度控制，,2024/A178.pdf#page=1:line=1
2024,A,A178,section_heading,问题重述,问题重述,2,1,0.834798,微分方程@p1 -> ODE@p28,连接词=首先:11、可知:1、表明:1、说明:4、验证:3、为了:1、从而:1、因此:6；页行中位数=35.5；段落候选中位数=4.0；图表候选=16；公式行候选=506；标题候选=180,一、问题重述,一、问题重述 / 1.1问题背景 / “板凳龙”是浙闽地区元宵节期间的传统民俗活动之一，表演形式类似舞龙，但,2024/A178.pdf#page=2:line=1
2024,A,A178,section_heading,问题分析,问题分析,2,31,0.767649,微分方程@p1 -> ODE@p28,连接词=首先:11、可知:1、表明:1、说明:4、验证:3、为了:1、从而:1、因此:6；页行中位数=35.5；段落候选中位数=4.0；图表候选=16；公式行候选=506；标题候选=180,二、问题分析,针对问题五，“板凳龙”沿问题四设计的路径行进，要求计算龙头的最大行进速 / 度，使得“板凳龙”各把手的速度均不超过2m/s。 / 二、问题分析 / 2.1问题一的分析 / 针对问题一，我们假设龙头把手沿等距螺线运动，通过螺距确定螺线的极坐标方,2024/A178.pdf#page=2:line=31
2024,A,A178,section_heading,模型假设,模型假设,3,20,0.77129,微分方程@p1 -> ODE@p28,连接词=首先:11、可知:1、表明:1、说明:4、验证:3、为了:1、从而:1、因此:6；页行中位数=35.5；段落候选中位数=4.0；图表候选=16；公式行候选=506；标题候选=180,三、模型假设,第二段小圆弧末端附近。因此，我们确定最大速度出现在龙头前把手离开第二段圆弧 / 附近的一段时间区间内，并采用二分法求解龙头行进的最大速度。 / 三、模型假设 / 1.假设板凳不可伸长，即沿板凳方向各点速度相同。 / 2.假设各把手中心始终位于螺线上，忽略其他因素影响。,2024/A178.pdf#page=3:line=20
2024,A,A178,section_heading,符号说明,符号说明,3,25,0.800527,微分方程@p1 -> ODE@p28,连接词=首先:11、可知:1、表明:1、说明:4、验证:3、为了:1、从而:1、因此:6；页行中位数=35.5；段落候选中位数=4.0；图表候选=16；公式行候选=506；标题候选=180,四、符号说明,3.假设“板凳龙”在行进过程中不会倒退。 / 4.假设板凳始终平行于地面，不会发生倾斜，简化为二维运动模型。 / 四、符号说明 / 表1符号说明 / 符号,2024/A178.pdf#page=3:line=25
2024,A,A178,section_heading,模型建立,模型建立,4,1,0.967925,微分方程@p1 -> ODE@p28,连接词=首先:11、可知:1、表明:1、说明:4、验证:3、为了:1、从而:1、因此:6；页行中位数=35.5；段落候选中位数=4.0；图表候选=16；公式行候选=506；标题候选=180,五 、 问题 一 模型 的 建立 与 求解,五 、 问题 一 模型 的 建立 与 求解 / 5.1 模型 建立 / 5.1.1 龙头 运动 模型,2024/A178.pdf#page=4:line=1
2024,A,A178,section_heading,模型求解,模型求解,1,14,0.922668,微分方程@p1 -> ODE@p28,连接词=首先:11、可知:1、表明:1、说明:4、验证:3、为了:1、从而:1、因此:6；页行中位数=35.5；段落候选中位数=4.0；图表候选=16；公式行候选=506；标题候选=180,部，从而判断两板凳是否相撞。在模型求解时，我们首先根据同心圆近似碰撞模型计算,针对问题二，我们首先将“板凳龙”的螺线轨迹简化为两个同心圆，利用几何关系 / 得到碰撞的大致时刻。接着建立碰撞判断模型，并利用叉乘法判断点是否位于三角形内 / 部，从而判断两板凳是否相撞。在模型求解时，我们首先根据同心圆近似碰撞模型计算 / 出碰撞时间大药为410S，然后在[400，420]秒的时间区间内进行变步长搜索，最终确定 / 碰撞时间为412.4739s。我们将该时刻龙身的位置和速度数据保存在文件中，并将龙头、,2024/A178.pdf#page=1:line=14
2024,A,A178,section_heading,结果分析,结果分析,6,10,0.96408,微分方程@p1 -> ODE@p28,连接词=首先:11、可知:1、表明:1、说明:4、验证:3、为了:1、从而:1、因此:6；页行中位数=35.5；段落候选中位数=4.0；图表候选=16；公式行候选=506；标题候选=180,5.2 模型 求解 结果,"PREMLE + ORI MIA. PRA: / Uy Cgc = Vier’ Cars (25) / 5.2 模型 求解 结果 / BRAVES Md =0.55m, v=1m/s 代入 模型 进行 求解 ， 以 1s 的 时 间 间 隔 将 龙 身 位 置 / 和 速度 数据 记录 在 文件 resultl.xlsx 中 。",2024/A178.pdf#page=6:line=10
2024,A,A178,section_heading,模型检验,模型检验,18,1,0.931622,微分方程@p1 -> ODE@p28,连接词=首先:11、可知:1、表明:1、说明:4、验证:3、为了:1、从而:1、因此:6；页行中位数=35.5；段落候选中位数=4.0；图表候选=16；公式行候选=506；标题候选=180,十 、 模 型 检验,十 、 模 型 检验 / 为 检验 运动 模型 的 正确 性 ， 本 节 针 对 问题 一 对 位 置 和 速 度 模型 分 别 进行 验证 。 / 10.1 位 置 模型 检验,2024/A178.pdf#page=18:line=1
2024,A,A178,section_heading,模型评价,模型评价,19,1,0.928116,微分方程@p1 -> ODE@p28,连接词=首先:11、可知:1、表明:1、说明:4、验证:3、为了:1、从而:1、因此:6；页行中位数=35.5；段落候选中位数=4.0；图表候选=16；公式行候选=506；标题候选=180,十 一 、 模型 优 缺点,十 一 、 模型 优 缺点 / 11.1 模型 优点 / lL. 利用 微 元 法 获得 微分 方程 ， 并 求 得 解析 解 ， 避 免 了 数值 求解 时 带 来 的 误差 积,2024/A178.pdf#page=19:line=1
2024,A,A178,section_heading,参考文献,参考文献,20,1,0.798401,微分方程@p1 -> ODE@p28,连接词=首先:11、可知:1、表明:1、说明:4、验证:3、为了:1、从而:1、因此:6；页行中位数=35.5；段落候选中位数=4.0；图表候选=16；公式行候选=506；标题候选=180,参考文献,参考文献 / [1]https:/blog.csdn.net/BUAAerxuvang/article/details/135187865 / [2]https:/blog.csdn.net/adolphvang/article/details/79123304,2024/A178.pdf#page=20:line=1
2024,A,A178,section_heading,附录,附录,21,1,0.958319,微分方程@p1 -> ODE@p28,连接词=首先:11、可知:1、表明:1、说明:4、验证:3、为了:1、从而:1、因此:6；页行中位数=35.5；段落候选中位数=4.0；图表候选=16；公式行候选=506；标题候选=180,附录,附录 / 附录 一 支撑 文件 列表 / Problem1l_1.py # 圆 半 径 近 似 计算 位 置 和 还 度,2024/A178.pdf#page=21:line=1
2024,A,A242,paper_overview,,论文总览,1,1,0.910845,微分方程@p1 -> 粒子群@p1 -> 0-1@p55,连接词=首先:12、其次:1、进一步:5、表明:1、说明:3、验证:16、相比:1、为了:3、从而:1、因此:14；页行中位数=38.5；段落候选中位数=3.0；图表候选=26；公式行候选=606；标题候选=90,基于动态搜索的“板凳龙”运动状态及路线研究,基于动态搜索的“板凳龙”运动状态及路线研究 / 摘要 / 板凳龙作为浙闻地区的一种传统民俗活动，以其高观赏性和舞龙队的协调配合著,2024/A242.pdf#page=1:line=1
2024,A,A242,section_heading,摘要,摘要,1,2,0.662552,微分方程@p1 -> 粒子群@p1 -> 0-1@p55,连接词=首先:12、其次:1、进一步:5、表明:1、说明:3、验证:16、相比:1、为了:3、从而:1、因此:14；页行中位数=38.5；段落候选中位数=3.0；图表候选=26；公式行候选=606；标题候选=90,摘要,基于动态搜索的“板凳龙”运动状态及路线研究 / 摘要 / 板凳龙作为浙闻地区的一种传统民俗活动，以其高观赏性和舞龙队的协调配合著 / 称。本文针对板凳龙表演的三个阶段盘人、调头和盘出，通过分析舞龙队的行进路,2024/A242.pdf#page=1:line=2
2024,A,A242,section_heading,问题重述,问题重述,2,1,0.735642,微分方程@p1 -> 粒子群@p1 -> 0-1@p55,连接词=首先:12、其次:1、进一步:5、表明:1、说明:3、验证:16、相比:1、为了:3、从而:1、因此:14；页行中位数=38.5；段落候选中位数=3.0；图表候选=26；公式行候选=606；标题候选=90,一、问题重述,一、问题重述 / 1.1问题背景 / 作为一项国家级非遗传统民俗活动，“板凳龙”可谓匠心独运之作。精美的龙身制,2024/A242.pdf#page=2:line=1
2024,A,A242,section_heading,问题分析,问题分析,3,1,0.696098,微分方程@p1 -> 粒子群@p1 -> 0-1@p55,连接词=首先:12、其次:1、进一步:5、表明:1、说明:3、验证:16、相比:1、为了:3、从而:1、因此:14；页行中位数=38.5；段落候选中位数=3.0；图表候选=26；公式行候选=606；标题候选=90,二、问题分析,二、问题分析 / 2.1问题一 / 问题一的核心是构建一个运动模型，以确定板凳龙沿螺旋路径运动时各个把手在各,2024/A242.pdf#page=3:line=1
2024,A,A242,section_heading,模型假设,模型假设,4,5,0.733505,微分方程@p1 -> 粒子群@p1 -> 0-1@p55,连接词=首先:12、其次:1、进一步:5、表明:1、说明:3、验证:16、相比:1、为了:3、从而:1、因此:14；页行中位数=38.5；段落候选中位数=3.0；图表候选=26；公式行候选=606；标题候选=90,三、模型假设,计算全过程中各把手的最大速度。其次需要对问题四的结果进行分析，结合物理规律， / 缩小搜索范围。最后依据速度最大值函数的特征，采用适当的算法求解最大速度。 / 三、模型假设 / 1.忽略外力因素：外部阻力对板凳龙的运动无影响。 / 2.忽略把手粗细，认为把手是理想无厚度的几何连接点：把手粗细只有0.055m，与题,2024/A242.pdf#page=4:line=5
2024,A,A242,section_heading,符号说明,符号说明,4,13,0.704684,微分方程@p1 -> 粒子群@p1 -> 0-1@p55,连接词=首先:12、其次:1、进一步:5、表明:1、说明:3、验证:16、相比:1、为了:3、从而:1、因此:14；页行中位数=38.5；段落候选中位数=3.0；图表候选=26；公式行候选=606；标题候选=90,四、符号说明,4.每节板凳和连接的把手是刚体，不会发生形变：板凳和把手的长度、宽度等尺寸保 / 持不变，各部分的相对位置不随时间变化。 / 四、符号说明 / 表1符号说明 / 符号,2024/A242.pdf#page=4:line=13
2024,A,A242,section_heading,模型建立,模型建立,5,1,0.878873,微分方程@p1 -> 粒子群@p1 -> 0-1@p55,连接词=首先:12、其次:1、进一步:5、表明:1、说明:3、验证:16、相比:1、为了:3、从而:1、因此:14；页行中位数=38.5；段落候选中位数=3.0；图表候选=26；公式行候选=606；标题候选=90,5.1.1盘人运动模型的建立,5.1.1盘人运动模型的建立 / 对于该螺线形盘入的运动模型，我们不妨考虑极坐标系进行求解。在极坐标系下， / 龙头前把手对应的极径ro和极角6o满足以下关系：,2024/A242.pdf#page=5:line=1
2024,A,A242,section_heading,模型求解,模型求解,1,21,0.925253,微分方程@p1 -> 粒子群@p1 -> 0-1@p55,连接词=首先:12、其次:1、进一步:5、表明:1、说明:3、验证:16、相比:1、为了:3、从而:1、因此:14；页行中位数=38.5；段落候选中位数=3.0；图表候选=26；公式行候选=606；标题候选=90,前是否发生碰撞，建立相应约束。在优化求解过程中，对比后选用粒子释算法求解板间,小。在约束条件方面，基于板凳的几何参数和间题二中的参数限定螺距范围，基于盘入 / 运动模型确定龙头前把手进入调头空间的时间，并利用碰撞检测模型判断进入调头空间 / 前是否发生碰撞，建立相应约束。在优化求解过程中，对比后选用粒子释算法求解板间 / 最小距离，并结合变步长搜索求得最短螺距为0.450337m。 / 针对问题四：基于问题一的模型，构建调头运动模型。首先证明在给定条件下，调,2024/A242.pdf#page=1:line=21
2024,A,A242,section_heading,结果分析,结果分析,7,12,0.927093,微分方程@p1 -> 粒子群@p1 -> 0-1@p55,连接词=首先:12、其次:1、进一步:5、表明:1、说明:3、验证:16、相比:1、为了:3、从而:1、因此:14；页行中位数=38.5；段落候选中位数=3.0；图表候选=26；公式行候选=606；标题候选=90,秒 龙 身 各 节 把 手 的 位 置 坐标 以 及 速度 。 表 2 和 表 3 中 是 部 分 龙 身 把 手 的 相应 求解 结果 ( 保,内 每 秒 钟 龙 头 前 把 手 的 位 置信 息 。 / 接着 我 们 通过 被 角 的 递 推 关系 式 (3) 和 速度 表达 式 (4) 求 出 在 给 定 的 时 间 范 围 内 ， 每 / 秒 龙 身 各 节 把 手 的 位 置 坐标 以 及 速度 。 表 2 和 表 3 中 是 部 分 龙 身 把 手 的 相应 求解 结果 ( 保 / 留 小 数 点 后 六 位 ) ， 全 部 把 手 的 位 置 及 速度 见 表格 文件 result1.xlsx。 / 表 2 部 分 把 手 坐 标 随时 间 变 化 情况,2024/A242.pdf#page=7:line=12
2024,A,A242,section_heading,模型评价,模型评价,29,15,0.917449,微分方程@p1 -> 粒子群@p1 -> 0-1@p55,连接词=首先:12、其次:1、进一步:5、表明:1、说明:3、验证:16、相比:1、为了:3、从而:1、因此:14；页行中位数=38.5；段落候选中位数=3.0；图表候选=26；公式行候选=606；标题候选=90,六 、 人 模型 的 评价,最 大 值 ) ， 我 们 验证 了 在 该 范围 区 间 内 使 用 三 分 搜索 法 的 合理 性 ， 即 该 函数 在 给 定 定义 / 域内 仅 存在 一 个 极 大 值 ， 且 函数 图 像 呈现 先 增 后 减 趋势 。 / 六 、 人 模型 的 评价 / 6.1 模型 的 优点 / * 模型 建立 过 程 中 ， 问 题 二 通过 完整 证 明 合理 假设 ， 缩 小 了 求解 范围 ， 简 化 了 相关 模,2024/A242.pdf#page=29:line=15
2024,A,A242,section_heading,参考文献,参考文献,30,1,0.748497,微分方程@p1 -> 粒子群@p1 -> 0-1@p55,连接词=首先:12、其次:1、进一步:5、表明:1、说明:3、验证:16、相比:1、为了:3、从而:1、因此:14；页行中位数=38.5；段落候选中位数=3.0；图表候选=26；公式行候选=606；标题候选=90,参考文献,"参考文献 / and advancements of pso algorithm.Applied Sciences, 12(17):8392,2022. / [2] Manpreet Singh Bajwa, Arun Prakash Agarwal, and Sumati Manchanda. Ternary search",2024/A242.pdf#page=30:line=1
2024,A,A242,section_heading,附录,附录,31,1,0.928796,微分方程@p1 -> 粒子群@p1 -> 0-1@p55,连接词=首先:12、其次:1、进一步:5、表明:1、说明:3、验证:16、相比:1、为了:3、从而:1、因此:14；页行中位数=38.5；段落候选中位数=3.0；图表候选=26；公式行候选=606；标题候选=90,附录 A 支撑 材料 文件 列表,附录 A 支撑 材料 文件 列表 / 表 7 文件 列表 / 文件 名 说 明,2024/A242.pdf#page=31:line=1
2024,B,B159,paper_overview,,论文总览,1,1,0.868374,未检出,连接词=首先:1、进一步:6、说明:4、验证:1、为了:2、因此:2；页行中位数=39；段落候选中位数=6；图表候选=9；公式行候选=208；标题候选=142,生产过程中的决策优化设计,生产过程中的决策优化设计 / 摘要 / 本文针对某企业在生产电子产品过程中所面临的次品率、检测及拆解等一系列决策问题,2024/B159.pdf#page=1:line=1
2024,B,B159,section_heading,摘要,摘要,1,2,0.646853,未检出,连接词=首先:1、进一步:6、说明:4、验证:1、为了:2、因此:2；页行中位数=39；段落候选中位数=6；图表候选=9；公式行候选=208；标题候选=142,摘要,生产过程中的决策优化设计 / 摘要 / 本文针对某企业在生产电子产品过程中所面临的次品率、检测及拆解等一系列决策问题 / 展开研究。通过优化生产过程中的抽样、检测和拆解策略，最大化企业利润和生产效率。本,2024/B159.pdf#page=1:line=2
2024,B,B159,section_heading,问题重述,问题重述,2,1,0.718953,未检出,连接词=首先:1、进一步:6、说明:4、验证:1、为了:2、因此:2；页行中位数=39；段落候选中位数=6；图表候选=9；公式行候选=208；标题候选=142,一.问题重述,一.问题重述 / 1.1问题背景 / 某企业进行电子产品的装配生产，从零配件供应商处购买所需零配件，但零配件会有一,2024/B159.pdf#page=2:line=1
2024,B,B159,section_heading,问题分析,问题分析,3,17,0.753566,未检出,连接词=首先:1、进一步:6、说明:4、验证:1、为了:2、因此:2；页行中位数=39；段落候选中位数=6；图表候选=9；公式行候选=208；标题候选=142,二、问题分析,变化为过抽样检测方法得到的相应取值，进一步优化决策模型，并给出问题二、向题三具 / 体情况中其余给定取值不变时的决策方案及决策指标值。 / 二、问题分析 / 问题一企业通过抽样检测的方式判断一批零件的次品率是否小于标称值相当于统计学中 / 的假设检验问题。可使用简单随机抽样抽取检测样本，由于企业需要做检测成本与检测效果,2024/B159.pdf#page=3:line=17
2024,B,B159,section_heading,模型假设,模型假设,4,1,0.812271,未检出,连接词=首先:1、进一步:6、说明:4、验证:1、为了:2、因此:2；页行中位数=39；段落候选中位数=6；图表候选=9；公式行候选=208；标题候选=142,三、模型假设,三、模型假设 / 假设一：所有决策为确定性决策，适用于生产线上所有相应节点。 / 说明：假设生产过程中不涉及概率性问题，每一项决策（如是否检测、是否拆解等）都是确定,2024/B159.pdf#page=4:line=1
2024,B,B159,section_heading,符号说明,符号说明,4,11,0.8556,未检出,连接词=首先:1、进一步:6、说明:4、验证:1、为了:2、因此:2；页行中位数=39；段落候选中位数=6；图表候选=9；公式行候选=208；标题候选=142,四、符号说明,及时识别和处理，更重要的是显著提升效率，防止次品在流水线上无限循环，合理地简化了 / 模型。 / 四、符号说明 / 符号 / 说明,2024/B159.pdf#page=4:line=11
2024,B,B159,section_heading,模型建立,模型建立,4,24,0.897393,未检出,连接词=首先:1、进一步:6、说明:4、验证:1、为了:2、因此:2；页行中位数=39；段落候选中位数=6；图表候选=9；公式行候选=208；标题候选=142,五、问题一模型建立及求解,"α,β / 先验分布中的超参数 / 五、问题一模型建立及求解 / 在频率学派假设检验的理论体系下，原假设和备择假设的地位存在差异，本问题中企业 / 对于拒收与接收的态度也存在差异，故可以利用假设检验的思想处理该问题。而(1)和(2)",2024/B159.pdf#page=4:line=24
2024,B,B159,section_heading,模型求解,模型求解,17,8,0.962426,未检出,连接词=首先:1、进一步:6、说明:4、验证:1、为了:2、因此:2；页行中位数=39；段落候选中位数=6；图表候选=9；公式行候选=208；标题候选=142,7.5 算法 求解,e@ (C(ar) 为 当前 诀 策 的 成 本 ; - / @ E[Y(S.i] 为 未 来 状态 Se 的 期 望 利润 。 / 7.5 算法 求解 / 7. 5. 1 算法 介绍 / 动态 规划 是 一 种 常用 于 解决 多 阶段 决策 问题 的 优化 算法 。 其 核心 思想 是 将 原 问 题 分 解 为,2024/B159.pdf#page=17:line=8
2024,B,B159,section_heading,结果分析,结果分析,1,19,0.911215,未检出,连接词=首先:1、进一步:6、说明:4、验证:1、为了:2、因此:2；页行中位数=39；段落候选中位数=6；图表候选=9；公式行候选=208；标题候选=142,储提高求解效率。最终求解结果显示，按照最优检测与拆解策略，系统的最优期望利润为,模型，定义零件、半成品和成品的状态变量与决策变量，将问题转化为多阶段决策问题。模 / 型通过动态规划算法有效求解最优决策路径，计算各个阶段的成本和收益，并利用记忆化存 / 储提高求解效率。最终求解结果显示，按照最优检测与拆解策略，系统的最优期望利润为 / 56.7元。 / 针对问题四，为描述次品率的不确定性，本问运用贝叶斯估计，选用共轭先验分布beta,2024/B159.pdf#page=1:line=19
2024,B,B159,section_heading,灵敏度分析,灵敏度分析,1,24,0.922184,未检出,连接词=首先:1、进一步:6、说明:4、验证:1、为了:2、因此:2；页行中位数=39；段落候选中位数=6；图表候选=9；公式行候选=208；标题候选=142,决策路径和相应最优利润期望为54.2元。经过灵敏度检验，先验分布超参数的选取对利润,分布，推导出次品率服从的后验分布。完成问题二，计算出在次品率服从的分布下利润的期 / 望，重新进行决策。完成问题三，修改固定的次品率为分布密度后，重新运行程序获得最优 / 决策路径和相应最优利润期望为54.2元。经过灵敏度检验，先验分布超参数的选取对利润 / 期望的影响较小。 / 关键词：假设检验状态-决策模型动态规划算法贝叶斯估计共轭先验分布,2024/B159.pdf#page=1:line=24
2024,B,B159,section_heading,模型评价,模型评价,22,20,0.93231,未检出,连接词=首先:1、进一步:6、说明:4、验证:1、为了:2、因此:2；页行中位数=39；段落候选中位数=6；图表候选=9；公式行候选=208；标题候选=142,十 、 模 型 评价,综合 上 文 ， 不 难 从 图 像 中 看 出 ， 超 参数 的 选取 对 收益 期 望 的 影响 不 大 ， 故 虽 使 用 贝 叶 斯 / 估计 ， 但 受 主观 因素 影响 较 小 。 / 十 、 模 型 评价 / 问题 一 模型 评价 / 优点 : 综合 考虑 了 假设 检验 效果 与 检测 花费 ， 得 到 的 最 佳 样本 量 较为 合理 。,2024/B159.pdf#page=22:line=20
2024,B,B159,section_heading,参考文献,参考文献,23,12,0.930135,未检出,连接词=首先:1、进一步:6、说明:4、验证:1、为了:2、因此:2；页行中位数=39；段落候选中位数=6；图表候选=9；公式行候选=208；标题候选=142,十 一 、 参 考 文献,"计算 负担 加 重 ， 尤 其 在 大 规模 生产 中 , 计算 复杂 性 凸显 。 如 何 对 现 有 算法 进行 改进 是 未 来 方 / 向 之 一 。 / 十 一 、 参 考 文献 / (1) 陈 希 巴 . 倪 国 时 .数理 统计 学 教程 [IM]. 中 国 科学 技术 大 学 出 版 社 .2009. / (2) 陈 荣军 ., 刘 永 财 ,黄河 ,等 -单机 供应 链 排序 问题 动态 规划 算法 D/OU .运筹 学 学 报 ( 中 英",2024/B159.pdf#page=23:line=12
2024,B,B159,section_heading,附录,附录,24,1,0.967215,未检出,连接词=首先:1、进一步:6、说明:4、验证:1、为了:2、因此:2；页行中位数=39；段落候选中位数=6；图表候选=9；公式行候选=208；标题候选=142,附录,附录 / Mi 支撑 文件 目录 / 支撑 文件 名 称 文件 内 容,2024/B159.pdf#page=24:line=1
2024,B,B195,paper_overview,,论文总览,1,1,0.891884,模拟退火@p1 -> 多目标@p3 -> ODE@p22 -> RNN@p32 -> VAR@p70,连接词=首先:7、进一步:2、由此:4、表明:4、说明:1、为了:1、从而:3、因此:1；页行中位数=51.0；段落候选中位数=3.0；图表候选=9；公式行候选=1130；标题候选=66,基于多阶段模拟仿真的生产决策问题,基于多阶段模拟仿真的生产决策问题 / 摘要 / 企业生产过程中需要考虑次品抽样、生产流程质量控制中的决策等间题。这些是关乎企业效益,2024/B195.pdf#page=1:line=1
2024,B,B195,section_heading,摘要,摘要,1,2,0.66572,模拟退火@p1 -> 多目标@p3 -> ODE@p22 -> RNN@p32 -> VAR@p70,连接词=首先:7、进一步:2、由此:4、表明:4、说明:1、为了:1、从而:3、因此:1；页行中位数=51.0；段落候选中位数=3.0；图表候选=9；公式行候选=1130；标题候选=66,摘要,基于多阶段模拟仿真的生产决策问题 / 摘要 / 企业生产过程中需要考虑次品抽样、生产流程质量控制中的决策等间题。这些是关乎企业效益 / 的极具经济价值的关键难题，而其本质上是一个多阶段策略优化间题。本文综合假设检验、收益期,2024/B195.pdf#page=1:line=2
2024,B,B195,section_heading,问题重述,问题重述,2,1,0.796003,模拟退火@p1 -> 多目标@p3 -> ODE@p22 -> RNN@p32 -> VAR@p70,连接词=首先:7、进一步:2、由此:4、表明:4、说明:1、为了:1、从而:3、因此:1；页行中位数=51.0；段落候选中位数=3.0；图表候选=9；公式行候选=1130；标题候选=66,1问题重述,1问题重述 / 1.1问题背景 / 企业生产产品需要考虑许多重要因素，首先需要确保生产的零件符合质量标准，这涉及,2024/B195.pdf#page=2:line=1
2024,B,B195,section_heading,问题分析,问题分析,3,4,0.820046,模拟退火@p1 -> 多目标@p3 -> ODE@p22 -> RNN@p32 -> VAR@p70,连接词=首先:7、进一步:2、由此:4、表明:4、说明:1、为了:1、从而:3、因此:1；页行中位数=51.0；段落候选中位数=3.0；图表候选=9；公式行候选=1130；标题候选=66,2问题分析,1.2.4问题四 / 若第2、3问各工序中产品的次品率均由抽样检测方法得到，请重新完成问题2、3。 / 2问题分析 / 2.1问题一的分析 / 抽样整体差异性较小，为等概率抽样。对于等概率抽样，简单随机抽样具有较好的代表,2024/B195.pdf#page=3:line=4
2024,B,B195,section_heading,模型假设,模型假设,4,19,0.83135,模拟退火@p1 -> 多目标@p3 -> ODE@p22 -> RNN@p32 -> VAR@p70,连接词=首先:7、进一步:2、由此:4、表明:4、说明:1、为了:1、从而:3、因此:1；页行中位数=51.0；段落候选中位数=3.0；图表候选=9；公式行候选=1130；标题候选=66,3模型假设,是正品，哪些是次品了。故不能省去关键的检测步骤。（与问题三的第二个小循环的情形存在 / 差异) / 3模型假设 / （1）假设零件的次品和正品随机分布，以避免次品的集中扎堆情形。 / （2）假设半成品和产品的制作过程中，由于工艺出现次品的概率是随机的。,2024/B195.pdf#page=4:line=19
2024,B,B195,section_heading,符号说明,符号说明,5,1,0.860532,模拟退火@p1 -> 多目标@p3 -> ODE@p22 -> RNN@p32 -> VAR@p70,连接词=首先:7、进一步:2、由此:4、表明:4、说明:1、为了:1、从而:3、因此:1；页行中位数=51.0；段落候选中位数=3.0；图表候选=9；公式行候选=1130；标题候选=66,4符号说明与名词解释,4符号说明与名词解释 / 符号 / 含义,2024/B195.pdf#page=5:line=1
2024,B,B195,section_heading,模型建立,模型建立,5,23,0.85781,模拟退火@p1 -> 多目标@p3 -> ODE@p22 -> RNN@p32 -> VAR@p70,连接词=首先:7、进一步:2、由此:4、表明:4、说明:1、为了:1、从而:3、因此:1；页行中位数=51.0；段落候选中位数=3.0；图表候选=9；公式行候选=1130；标题候选=66,5模型建立与求解,检验参数或拆解参数 / 衡量指标 / 5模型建立与求解 / 5.1问题一的求解 / 企业的产品检测一般不存在非等概率现象，对于分类较少的大样本等概率检测，采用三,2024/B195.pdf#page=5:line=23
2024,B,B195,section_heading,模型求解,模型求解,1,6,0.899067,模拟退火@p1 -> 多目标@p3 -> ODE@p22 -> RNN@p32 -> VAR@p70,连接词=首先:7、进一步:2、由此:4、表明:4、说明:1、为了:1、从而:3、因此:1；页行中位数=51.0；段落候选中位数=3.0；图表候选=9；公式行候选=1130；标题候选=66,模型求解，得到了不同情况下的最优决策。,的极具经济价值的关键难题，而其本质上是一个多阶段策略优化间题。本文综合假设检验、收益期 / 望、贝叶斯理论等数理统计方法，建立多阶段优化模型，运用模拟仿真、线性模拟退火算法完成了 / 模型求解，得到了不同情况下的最优决策。 / 对于间题一（以及之后的所有间题），在计算机上进行模拟仿真。根据实际现象规律，生成一组 / 正态分布数据，并根据标准正态分布、给定的次品率得到次品的数据范围，再比较不同的抽样结果,2024/B195.pdf#page=1:line=6
2024,B,B195,section_heading,结果分析,结果分析,15,4,0.917757,模拟退火@p1 -> 多目标@p3 -> ODE@p22 -> RNN@p32 -> VAR@p70,连接词=首先:7、进一步:2、由此:4、表明:4、说明:1、为了:1、从而:3、因此:1；页行中位数=51.0；段落候选中位数=3.0；图表候选=9；公式行候选=1130；标题候选=66,5.2.9 仿真 结果 分 析,"时 对 应 一 个 调换 费用 和 一 个 环保 性 (这 两 个 指标 越 低 越 好 ), 仿真 的 目标 即 为 找到 一 个 X, 使 / 熏 利 值 尽 可 能 大 ， 调 换 费 用 和 环保 性 尽 可 能 小 。 / 5.2.9 仿真 结果 分 析 / 仿真 结果 非常 理想 ， 而 且 存在 以 下 特点 : / 1. 尽管 初始 设 定 zi、z2 的 值 可 变 ， 但 结果 值 总 取 在 0 或 1， 即 决策 1 的 四 种 情况 。",2024/B195.pdf#page=15:line=4
2024,B,B195,section_heading,模型评价,模型评价,21,16,0.906991,模拟退火@p1 -> 多目标@p3 -> ODE@p22 -> RNN@p32 -> VAR@p70,连接词=首先:7、进一步:2、由此:4、表明:4、说明:1、为了:1、从而:3、因此:1；页行中位数=51.0；段落候选中位数=3.0；图表候选=9；公式行候选=1130；标题候选=66,7 模型 优 缺 点 评价,类 似 于 最 速 粒子 群 算法 和 飞 蛾 扑 火 算法 ， 但 即使 这 两 个 算法 在 特定 情况 下 结果 比较 好 ， 情 况 / (3) 预期 在 这 两 个 算法 的 基础 上 ， 使 用 最 速 粒子 群 算法 得 到 一 个 更 好 的 快速 只 代 方法 。 / 7 模型 优 缺 点 评价 / 7.1 模型 优点 / (1) 模型 的 稳定 性 : 第 二 问 和 第 三 问 分 成 两 个 模块 ， 多 个 步骤 ， 不 需要 考虑 扰动 的 问题 ，,2024/B195.pdf#page=21:line=16
2024,B,B195,section_heading,改进方案,改进方案,21,10,0.903366,模拟退火@p1 -> 多目标@p3 -> ODE@p22 -> RNN@p32 -> VAR@p70,连接词=首先:7、进一步:2、由此:4、表明:4、说明:1、为了:1、从而:3、因此:1；页行中位数=51.0；段落候选中位数=3.0；图表候选=9；公式行候选=1130；标题候选=66,6 模型 改进,"在 0.95 置信 区 间 下 ,决策 并 未 发 生 显著 改变 ， 说 明 本 题 的 随机 抽样 不 会 对 决策 结果 、 兆 / 利润 有 较 大 影响 。 / 6 模型 改进 / (1) 问题 三 决策 变量 较 多 , 传统 的 模拟 退火 、 禁 鼠 搜索 蚁 群 算法 、 址 传 算法 等 , 效果 无 法 / 达到 预期 。",2024/B195.pdf#page=21:line=10
2024,B,B195,section_heading,参考文献,参考文献,22,11,0.925071,模拟退火@p1 -> 多目标@p3 -> ODE@p22 -> RNN@p32 -> VAR@p70,连接词=首先:7、进一步:2、由此:4、表明:4、说明:1、为了:1、从而:3、因此:1；页行中位数=51.0；段落候选中位数=3.0；图表候选=9；公式行候选=1130；标题候选=66,8 参考 文献,"(3) 生产 规模 很 小 的 情况 下 ， 决 策 不 一 定 最 好 ， 因 为 模型 建立 在 10000 套 的 基础 上 ,更 / 适用 于 常规 规模 。 / 8 参考 文献 / 参考 文献 / 目 孙 小 素 , 尚书 钰 . 计数 标准 型 一 次 抽样 检验 方案 设计 方法 探讨 。” 兼 议 GB/T 13262",2024/B195.pdf#page=22:line=11
2024,B,B196,paper_overview,,论文总览,1,1,1.0,蒙特卡洛@p1 -> 蚁群@p1 -> 遗传算法@p1,连接词=首先:5、进一步:4、由此:1、可知:7、表明:2、说明:3、验证:2、为了:10、从而:11、因此:5；页行中位数=25.5；段落候选中位数=1.0；图表候选=21；公式行候选=64；标题候选=44,基于蚁群算法与遗传算法优化的蒙特卡洛模拟在生产决策优化,基于蚁群算法与遗传算法优化的蒙特卡洛模拟在生产决策优化 / 中的应用研究 / 摘       要,2024/B196.pdf#page=1:line=1
2024,B,B196,section_heading,摘要,摘要,1,3,1.0,蒙特卡洛@p1 -> 蚁群@p1 -> 遗传算法@p1,连接词=首先:5、进一步:4、由此:1、可知:7、表明:2、说明:3、验证:2、为了:10、从而:11、因此:5；页行中位数=25.5；段落候选中位数=1.0；图表候选=21；公式行候选=64；标题候选=44,摘       要,基于蚁群算法与遗传算法优化的蒙特卡洛模拟在生产决策优化 / 中的应用研究 / 摘       要 / 在当前市场竞争愈发严峻的大环境下，企业如何在确保产品品质的前提下有效降 / 低生产成本，已成为其持续发展与立足市场的核心议题。本文以一家电子产品制造企,2024/B196.pdf#page=1:line=3
2024,B,B196,section_heading,问题重述,问题重述,2,1,1.0,蒙特卡洛@p1 -> 蚁群@p1 -> 遗传算法@p1,连接词=首先:5、进一步:4、由此:1、可知:7、表明:2、说明:3、验证:2、为了:10、从而:11、因此:5；页行中位数=25.5；段落候选中位数=1.0；图表候选=21；公式行候选=64；标题候选=44,一、 问题重述,一、 问题重述 / 随着市场竞争的日益激烈，企业如何在保证产品质量的同时控制生产成本，成为 / 其生存和发展的关键。本题以某电子产品生产企业为例，探讨了生产过程中面临的决,2024/B196.pdf#page=2:line=1
2024,B,B196,section_heading,问题分析,问题分析,2,34,1.0,蒙特卡洛@p1 -> 蚁群@p1 -> 遗传算法@p1,连接词=首先:5、进一步:4、由此:1、可知:7、表明:2、说明:3、验证:2、为了:10、从而:11、因此:5；页行中位数=25.5；段落候选中位数=1.0；图表候选=21；公式行候选=64；标题候选=44,二、 问题分析,假设问题二和问题三中零配件、半成品和成品的次品率均是通过抽样检测方法 / 得到的，重新完成问题二和问题三。 / 二、 问题分析 / 2.1 问题一的分析 / 题目要求设计检测次数尽可能少的抽样检测方案，由于未给出具体的产品数量和,2024/B196.pdf#page=2:line=34
2024,B,B196,section_heading,模型假设,模型假设,4,11,1.0,蒙特卡洛@p1 -> 蚁群@p1 -> 遗传算法@p1,连接词=首先:5、进一步:4、由此:1、可知:7、表明:2、说明:3、验证:2、为了:10、从而:11、因此:5；页行中位数=25.5；段落候选中位数=1.0；图表候选=21；公式行候选=64；标题候选=44,三、 模型假设,率的可能波动后，我们需要重新评估各种决策方案，以找到在不同信度水平下能使利 / 润最大化的策略。 / 三、 模型假设 / 1. 零件和成品只有两种状态：零件和成品只有合格品和次品两种状态，没有其 / 他中间状态，即服从二项分布。,2024/B196.pdf#page=4:line=11
2024,B,B196,section_heading,符号说明,符号说明,4,20,1.0,蒙特卡洛@p1 -> 蚁群@p1 -> 遗传算法@p1,连接词=首先:5、进一步:4、由此:1、可知:7、表明:2、说明:3、验证:2、为了:10、从而:11、因此:5；页行中位数=25.5；段落候选中位数=1.0；图表候选=21；公式行候选=64；标题候选=44,四、 符号说明,4. 算法参数：模型中涉及多个算法参数，例如蚁群算法中的信息素浓度、遗传 / 算法中的交叉概率和变异概率等，这些参数的设置需要根据实际情况进行调整。 / 四、 符号说明 / 符号                 说明                单位 / 第 i 种零件的购买数量          个,2024/B196.pdf#page=4:line=20
2024,B,B196,section_heading,模型建立,模型建立,5,1,1.0,蒙特卡洛@p1 -> 蚁群@p1 -> 遗传算法@p1,连接词=首先:5、进一步:4、由此:1、可知:7、表明:2、说明:3、验证:2、为了:10、从而:11、因此:5；页行中位数=25.5；段落候选中位数=1.0；图表候选=21；公式行候选=64；标题候选=44,五、 模型的建立与求解,五、 模型的建立与求解 / 5.1 问题一： 已知次品率的产品抽检方案分析 / 5.1.1 二项分布下的抽检方案分析,2024/B196.pdf#page=5:line=1
2024,B,B196,section_heading,模型求解,模型求解,26,17,1.0,蒙特卡洛@p1 -> 蚁群@p1 -> 遗传算法@p1,连接词=首先:5、进一步:4、由此:1、可知:7、表明:2、说明:3、验证:2、为了:10、从而:11、因此:5；页行中位数=25.5；段落候选中位数=1.0；图表候选=21；公式行候选=64；标题候选=44,介绍：使用蚁群算法求解问题二中最优决策的 python 代码,"return fitness_scores / 附录 2 / 介绍：使用蚁群算法求解问题二中最优决策的 python 代码 / # 蚁群算法主循环 / for iteration in tqdm(range(num_iterations), desc=""Ant Colony Optimization""):",2024/B196.pdf#page=26:line=17
2024,B,B196,section_heading,结果分析,结果分析,11,27,1.0,蒙特卡洛@p1 -> 蚁群@p1 -> 遗传算法@p1,连接词=首先:5、进一步:4、由此:1、可知:7、表明:2、说明:3、验证:2、为了:10、从而:11、因此:5；页行中位数=25.5；段落候选中位数=1.0；图表候选=21；公式行候选=64；标题候选=44,5.2.5 结果分析,现了对解空间的广泛探索与局部深入挖掘的平衡。这种平衡使得算法能够在面对具有 / 高维度、多局部最优解的复杂优化问题时，有效地收敛至近似最优解。 / 5.2.5 结果分析 / 将具体情况带入基于蚁群算法优化的蒙特卡洛模拟，提取出每种情况结果的利润 / 最高的前十个决策，我们得到以下热图 ：,2024/B196.pdf#page=11:line=27
2024,B,B196,section_heading,模型评价,模型评价,23,3,1.0,蒙特卡洛@p1 -> 蚁群@p1 -> 遗传算法@p1,连接词=首先:5、进一步:4、由此:1、可知:7、表明:2、说明:3、验证:2、为了:10、从而:11、因此:5；页行中位数=25.5；段落候选中位数=1.0；图表候选=21；公式行候选=64；标题候选=44,六、 模型的评价及推广,定的可观利润，可以在保证高利润的同时一定程度上规避过多的调度损失所带来的亏 / 损风险。 / 六、 模型的评价及推广 / 6.1 模型的优点 / （1）综合分析： 模型涵盖了生产过程中的多个关键环节，包括零件检测、装配、,2024/B196.pdf#page=23:line=3
2024,B,B196,section_heading,参考文献,参考文献,24,1,1.0,蒙特卡洛@p1 -> 蚁群@p1 -> 遗传算法@p1,连接词=首先:5、进一步:4、由此:1、可知:7、表明:2、说明:3、验证:2、为了:10、从而:11、因此:5；页行中位数=25.5；段落候选中位数=1.0；图表候选=21；公式行候选=64；标题候选=44,七、 参考文献,"七、 参考文献 / [1] 马 凤 鸣 , 王 忠 礼 . 假 设 检 验 方 法 分 析 及 应 用 [J]. 长 春 大 学 学 / 报,2012,22(02):188-192+196.",2024/B196.pdf#page=24:line=1
2024,B,B196,section_heading,附录,附录,25,1,1.0,蒙特卡洛@p1 -> 蚁群@p1 -> 遗传算法@p1,连接词=首先:5、进一步:4、由此:1、可知:7、表明:2、说明:3、验证:2、为了:10、从而:11、因此:5；页行中位数=25.5；段落候选中位数=1.0；图表候选=21；公式行候选=64；标题候选=44,附录,附录 / 附录 1 / 介绍：蒙特卡洛模拟函数的相关 python 代码,2024/B196.pdf#page=25:line=1
2024,C,C038,paper_overview,,论文总览,1,1,0.944808,VAR@p1 -> 遗传算法@p1 -> ODE@p45,连接词=首先:19、进一步:18、可知:3、表明:23、说明:2、验证:6、相比:1、为了:1、从而:3、因此:16；页行中位数=38；段落候选中位数=7；图表候选=25；公式行候选=259；标题候选=91,基于差分遗传算法的农作物种植策略优化,基于差分遗传算法的农作物种植策略优化 / 摘要 / 随着农业生产的不断发展，优化种植策略以应对复杂的耕作条件和限制变得尤为,2024/C038.pdf#page=1:line=1
2024,C,C038,section_heading,摘要,摘要,1,2,0.663597,VAR@p1 -> 遗传算法@p1 -> ODE@p45,连接词=首先:19、进一步:18、可知:3、表明:23、说明:2、验证:6、相比:1、为了:1、从而:3、因此:16；页行中位数=38；段落候选中位数=7；图表候选=25；公式行候选=259；标题候选=91,摘要,基于差分遗传算法的农作物种植策略优化 / 摘要 / 随着农业生产的不断发展，优化种植策略以应对复杂的耕作条件和限制变得尤为 / 重要。为此，本文基于华北山区某乡村的露关和大棚耕地面积、农作物种类及种植季,2024/C038.pdf#page=1:line=2
2024,C,C038,section_heading,问题重述,问题重述,2,1,0.853608,VAR@p1 -> 遗传算法@p1 -> ODE@p45,连接词=首先:19、进一步:18、可知:3、表明:23、说明:2、验证:6、相比:1、为了:1、从而:3、因此:16；页行中位数=38；段落候选中位数=7；图表候选=25；公式行候选=259；标题候选=91,一、问题重述,一、问题重述 / 本节旨在提取题目中的关键信息，全面概括有限耕地上农作物种植策略的问 / 题背景，并明确求解华北山区某乡村2024~2030年农作物最优种植方案的要求，,2024/C038.pdf#page=2:line=1
2024,C,C038,section_heading,问题分析,问题分析,4,79,0.820385,VAR@p1 -> 遗传算法@p1 -> ODE@p45,连接词=首先:19、进一步:18、可知:3、表明:23、说明:2、验证:6、相比:1、为了:1、从而:3、因此:16；页行中位数=38；段落候选中位数=7；图表候选=25；公式行候选=259；标题候选=91,4.1问题分析,年的种植方案。最后，进一步绘制2024~2030年各年度利润折线图和累计利润收 / 敛曲线，分析滞销与50%降价情境下的总利润最大化情况。 / 4.1问题分析 / 问题一的核心在于利用附件1和附件2中的数据，假设未来各类农作物的预 / 期销售量、种植成本、亩产量及销售价格均与2023年保持一致，每季种植的农,2024/C038.pdf#page=4:line=79
2024,C,C038,section_heading,模型假设,模型假设,3,52,0.828267,VAR@p1 -> 遗传算法@p1 -> ODE@p45,连接词=首先:19、进一步:18、可知:3、表明:23、说明:2、验证:6、相比:1、为了:1、从而:3、因此:16；页行中位数=38；段落候选中位数=7；图表候选=25；公式行候选=259；标题候选=91,二、模型假设,结巢比股分析 / 总体思路框架 / 二、模型假设 / 1.不考虑突发情况（如自然灾害等）对农作物种植的影响。 / 2.假设农作物之间的可替代性和互补性关系可以进行量化。,2024/C038.pdf#page=3:line=52
2024,C,C038,section_heading,符号说明,符号说明,4,1,0.742355,VAR@p1 -> 遗传算法@p1 -> ODE@p45,连接词=首先:19、进一步:18、可知:3、表明:23、说明:2、验证:6、相比:1、为了:1、从而:3、因此:16；页行中位数=38；段落候选中位数=7；图表候选=25；公式行候选=259；标题候选=91,三、符号说明,三、符号说明 / 本节将文中使用到的相关数据符号进行说明。 / 符号,2024/C038.pdf#page=4:line=1
2024,C,C038,section_heading,模型建立,模型建立,3,27,0.648979,VAR@p1 -> 遗传算法@p1 -> ODE@p45,连接词=首先:19、进一步:18、可知:3、表明:23、说明:2、验证:6、相比:1、为了:1、从而:3、因此:16；页行中位数=38；段落候选中位数=7；图表候选=25；公式行候选=259；标题候选=91,同题二模型建立,引入CVaR的 / DEGA斯法术解 / 同题二模型建立 / DEGA静法求解 / 同题一模型建立,2024/C038.pdf#page=3:line=27
2024,C,C038,section_heading,模型求解,模型求解,5,32,0.784609,VAR@p1 -> 遗传算法@p1 -> ODE@p45,连接词=首先:19、进一步:18、可知:3、表明:23、说明:2、验证:6、相比:1、为了:1、从而:3、因此:16；页行中位数=38；段落候选中位数=7；图表候选=25；公式行候选=259；标题候选=91,遇传算法求解,种植策略优化模型 / 基于差分进化的 / 遇传算法求解 / 图2间题一的思维框架 / 4.2数据预处理,2024/C038.pdf#page=5:line=32
2024,C,C038,section_heading,结果分析,结果分析,29,3,0.938888,VAR@p1 -> 遗传算法@p1 -> ODE@p45,连接词=首先:19、进一步:18、可知:3、表明:23、说明:2、验证:6、相比:1、为了:1、从而:3、因此:16；页行中位数=38；段落候选中位数=7；图表候选=25；公式行候选=259；标题候选=91,"求解 结果 为 全 局 最 优 和 解 , 即 一 个 适用 于 所 有 情景 的 最 佳 种 植 方案 ,确保 了 整体 策","化 极端 不 利 情 境 下 的 损失 。 在 此 过 程 中 , 模型 对 各 情景 下 的 收益 与 损失 进行 综合 / 评估 , 确保 在 大 多 数 情境 下 实现 高 收益 , 同时 有 效 控制 最 坏 情 况 下 的 损失 。 最 终 ， / 求解 结果 为 全 局 最 优 和 解 , 即 一 个 适用 于 所 有 情景 的 最 佳 种 植 方案 ,确保 了 整体 策 / 略 的 稳健 性 和 可 行 性 。CVaR 种 植 策 略 优化 模型 的 求解 步骤 如 下 : / Step 1 确定 置信 水 平 : 设 定 一 个 95% 的 置信 水 平 ， 用 于 确定 在 该 水 平 下 可",2024/C038.pdf#page=29:line=3
2024,C,C038,section_heading,灵敏度分析,灵敏度分析,1,38,0.904751,VAR@p1 -> 遗传算法@p1 -> ODE@p45,连接词=首先:19、进一步:18、可知:3、表明:23、说明:2、验证:6、相比:1、为了:1、从而:3、因此:16；页行中位数=38；段落候选中位数=7；图表候选=25；公式行候选=259；标题候选=91,型进行灵敏度分析，考虑所有不确定性因素后的总利润与问题三中的利润差距极小，,21799420.9元。 / 最后，针对考虑相关性因素的CVaR种植策略优化模型，本文通过鲁棒优化对模 / 型进行灵敏度分析，考虑所有不确定性因素后的总利润与问题三中的利润差距极小， / 表明模型具有较强的稳健性。此外，本文还通过动态调参，发现预期销售量、亩产量、 / 销售价格和种植成本的波动对总利润影响较小，进一步验证了模型的抗风险能力。,2024/C038.pdf#page=1:line=38
2024,C,C038,section_heading,模型评价,模型评价,44,12,0.96637,VAR@p1 -> 遗传算法@p1 -> ODE@p45,连接词=首先:19、进一步:18、可知:3、表明:23、说明:2、验证:6、相比:1、为了:1、从而:3、因此:16；页行中位数=38；段落候选中位数=7；图表候选=25；公式行候选=259；标题候选=91,八 、 模 型 的 评价 与 推广,"在 面 对 不 同 风险 因素 时 的 抗 风 险 能 力 。 这 些 分 析 结 果 表 明 ,， 模 型 不 仅 在 极端 条 件 / 下 表现 出 优良 的 稳定 性 ， 而 且 在 实际 应 用 中 也 具备 较 强 的 适应 性 和 可 靠 性 。 / 八 、 模 型 的 评价 与 推广 / 本 节 将 对 所 构建 的 农作物 种 植 策略 优化 模型 进行 全 面 评价 , 重点 评估 其 在 实 / 际 应 用 中 的 有 效 人 性 , 并 探讨 各 模型 的 优 缺 点 , 为 进一步 优化 和 改进 模型 提供 依据 。",2024/C038.pdf#page=44:line=12
2024,C,C038,section_heading,参考文献,参考文献,45,1,0.744352,VAR@p1 -> 遗传算法@p1 -> ODE@p45,连接词=首先:19、进一步:18、可知:3、表明:23、说明:2、验证:6、相比:1、为了:1、从而:3、因此:16；页行中位数=38；段落候选中位数=7；图表候选=25；公式行候选=259；标题候选=91,参考文献,"参考文献 / [1]Prasad K K,Ghosh A.A Genetic Algorithm Approach to Optimal Asset Allocation / of DefinedContributionPensionFunds:EvidenceFrom India's National Pension",2024/C038.pdf#page=45:line=1
2024,C,C038,section_heading,附录,附录,46,1,0.958782,VAR@p1 -> 遗传算法@p1 -> ODE@p45,连接词=首先:19、进一步:18、可知:3、表明:23、说明:2、验证:6、相比:1、为了:1、从而:3、因此:16；页行中位数=38；段落候选中位数=7；图表候选=25；公式行候选=259；标题候选=91,附录,附录 / 附录 1 2023 年 各 季 次 农作物 实际 产量 的 表格 ose ese eesneesnsccnseessecsseessesssessnessseense 46 / 附录 2 ”考虑 不 确定 性 因素 的 最 优 种 植 方案 的 可 视 化 结果 .pp 47,2024/C038.pdf#page=46:line=1
2024,C,C063,paper_overview,,论文总览,1,1,0.898566,0-1@p1 -> 线性规划@p4 -> VAR@p14 -> ODE@p37,连接词=首先:9、其次:3、进一步:2、表明:2、说明:4、为了:2、从而:2、因此:1；页行中位数=38；段落候选中位数=7；图表候选=17；公式行候选=229；标题候选=335,基于优化算法的农作物最优种植模型,基于优化算法的农作物最优种植模型 / 摘要 / 充分利用有限的耕地资源，发展有机种植产业，对乡村经济的可持续发展具有重,2024/C063.pdf#page=1:line=1
2024,C,C063,section_heading,摘要,摘要,1,2,0.664034,0-1@p1 -> 线性规划@p4 -> VAR@p14 -> ODE@p37,连接词=首先:9、其次:3、进一步:2、表明:2、说明:4、为了:2、从而:2、因此:1；页行中位数=38；段落候选中位数=7；图表候选=17；公式行候选=229；标题候选=335,摘要,基于优化算法的农作物最优种植模型 / 摘要 / 充分利用有限的耕地资源，发展有机种植产业，对乡村经济的可持续发展具有重 / 要的现实意义。本文基于题目给定的数据信息，针对农作物种植与销售的不同变化趋,2024/C063.pdf#page=1:line=2
2024,C,C063,section_heading,问题重述,问题重述,2,7,0.771193,0-1@p1 -> 线性规划@p4 -> VAR@p14 -> ODE@p37,连接词=首先:9、其次:3、进一步:2、表明:2、说明:4、为了:2、从而:2、因此:1；页行中位数=38；段落候选中位数=7；图表候选=17；公式行候选=229；标题候选=335,二、 问题重述,植一季作物，这使得如何合理规划种植策略，提高土地利用效率和农业生产力成为了 / 一个关键问题。 / 二、 问题重述 / 2.1问题背景 / 解决好三农问题不仅对乡村经济的可持续发展具有重要的现实意义，更关乎人民,2024/C063.pdf#page=2:line=7
2024,C,C063,section_heading,问题分析,问题分析,3,5,0.772247,0-1@p1 -> 线性规划@p4 -> VAR@p14 -> ODE@p37,连接词=首先:9、其次:3、进一步:2、表明:2、说明:4、为了:2、从而:2、因此:1；页行中位数=38；段落候选中位数=7；图表候选=17；公式行候选=229；标题候选=335,三、问题分析,因素，建立数学模型，针对模拟数据制定20242030年农作物最佳种植方案使效益最 / 大化，并与问题2的结果作比较分析。 / 三、问题分析 / 3.1问题一的分析 / 问题一是一个典型的资源优化问题，要求在有限的种植面积、农作物种植特性参,2024/C063.pdf#page=3:line=5
2024,C,C063,section_heading,符号说明,符号说明,4,1,0.932165,0-1@p1 -> 线性规划@p4 -> VAR@p14 -> ODE@p37,连接词=首先:9、其次:3、进一步:2、表明:2、说明:4、为了:2、从而:2、因此:1；页行中位数=38；段落候选中位数=7；图表候选=17；公式行候选=229；标题候选=335,本文中涉及到的主要变量符号说明：,本文中涉及到的主要变量符号说明： / 表1变量符号说明 / 符号,2024/C063.pdf#page=4:line=1
2024,C,C063,section_heading,模型建立,模型建立,4,27,0.906845,0-1@p1 -> 线性规划@p4 -> VAR@p14 -> ODE@p37,连接词=首先:9、其次:3、进一步:2、表明:2、说明:4、为了:2、从而:2、因此:1；页行中位数=38；段落候选中位数=7；图表候选=17；公式行候选=229；标题候选=335,五、问题一的模型建立与求解,第t年生产j作物的亩产量变化率 / 注：未声明的变量以其在符号出现处的具体说明为准。 / 五、问题一的模型建立与求解 / 5.1模型建立 / 问题一的核心在于如何在有限的种植面积、销售量限制和轮作要求的前提下，合,2024/C063.pdf#page=4:line=27
2024,C,C063,section_heading,模型求解,模型求解,1,19,0.916728,0-1@p1 -> 线性规划@p4 -> VAR@p14 -> ODE@p37,连接词=首先:9、其次:3、进一步:2、表明:2、说明:4、为了:2、从而:2、因此:1；页行中位数=38；段落候选中位数=7；图表候选=17；公式行候选=229；标题候选=335,模型转化为随机优化模型。对该模型的求解，采用4类随机因素取特定数值，选取了,随机变化，并对其随机变化分别采用均匀分布和正态分布进行描述，给出了潜在种植 / 风险的定量描述。其次，将上述4类因素融入问题一建立的优化模型，将原有的稳态 / 模型转化为随机优化模型。对该模型的求解，采用4类随机因素取特定数值，选取了 / 全体参数最优、最劣、平均值等11组典型数据，对每组数据分别计算最优种植方案和 / 7年最大收益值。为了找到对随机因素具有最强稳定型结果，先对4类随机因素生成了,2024/C063.pdf#page=1:line=19
2024,C,C063,section_heading,结果分析,结果分析,17,32,0.960452,0-1@p1 -> 线性规划@p4 -> VAR@p14 -> ODE@p37,连接词=首先:9、其次:3、进一步:2、表明:2、说明:4、为了:2、从而:2、因此:1；页行中位数=38；段落候选中位数=7；图表候选=17；公式行候选=229；标题候选=335,Step5: 求解 结果 的 导出 。 将 求解 得 到 的 最 优 种 植 方案 及 各 年 的 收益 值 直接 导出 到,达 式 的 高 度 相 似 性 。 / Step4: 目标 函数 的 描述 。 与 约束 条 件 描述 类 似 。 / Step5: 求解 结果 的 导出 。 将 求解 得 到 的 最 优 种 植 方案 及 各 年 的 收益 值 直接 导出 到 / EXCEL 表 中 。 / 17,2024/C063.pdf#page=17:line=32
2024,C,C063,section_heading,灵敏度分析,灵敏度分析,1,15,0.956584,0-1@p1 -> 线性规划@p4 -> VAR@p14 -> ODE@p37,连接词=首先:9、其次:3、进一步:2、表明:2、说明:4、为了:2、从而:2、因此:1；页行中位数=38；段落候选中位数=7；图表候选=17；公式行候选=229；标题候选=335,年最大收益约为6469万元。最后，对模型中的重要参数进行了灵敏度分析。,构建了最优种植方案模型。从模型特点出发，利用LINGO20.0软件进行了求解，结果 / 表明，若滞销部分浪费，则7年最大收益约为4530万元：若超过部分半价销售，则7 / 年最大收益约为6469万元。最后，对模型中的重要参数进行了灵敏度分析。 / 对于问题二，首先，考虑预期销售量、亩产量、种植成本和销售价格4类因素的 / 随机变化，并对其随机变化分别采用均匀分布和正态分布进行描述，给出了潜在种植,2024/C063.pdf#page=1:line=15
2024,C,C063,section_heading,参考文献,参考文献,34,44,0.802039,0-1@p1 -> 线性规划@p4 -> VAR@p14 -> ODE@p37,连接词=首先:9、其次:3、进一步:2、表明:2、说明:4、为了:2、从而:2、因此:1；页行中位数=38；段落候选中位数=7；图表候选=17；公式行候选=229；标题候选=335,八、参考文献,预测销量模型1 / 6269.33 / 八、参考文献 / 34 / 中国大学生仁,2024/C063.pdf#page=34:line=44
2024,C,C063,section_heading,附录,附录,41,19,0.721086,0-1@p1 -> 线性规划@p4 -> VAR@p14 -> ODE@p37,连接词=首先:9、其次:3、进一步:2、表明:2、说明:4、为了:2、从而:2、因此:1；页行中位数=38；段落候选中位数=7；图表候选=17；公式行候选=229；标题候选=335,附录2,@for(links2:@Bin(F);@Bin(G);); / end / 附录2 / 中国大学生在线 / dxs.moe.gov.cn,2024/C063.pdf#page=41:line=19
2024,C,C094,paper_overview,,论文总览,1,1,0.860591,蒙特卡洛@p1 -> 线性规划@p1 -> 0-1@p7 -> VAR@p24 -> ODE@p24,连接词=首先:1、进一步:4、可知:1、说明:2、从而:3、因此:16；页行中位数=60.0；段落候选中位数=7.0；图表候选=16；公式行候选=440；标题候选=101,基于随机优化的农作物种植策略模型,基于随机优化的农作物种植策略模型 / 摘要 / 本文研究最大化利用土地资源，建立裁种策略优化模型，利用贪心算法、随机扰动、蒙,2024/C094.pdf#page=1:line=1
2024,C,C094,section_heading,摘要,摘要,1,2,0.664828,蒙特卡洛@p1 -> 线性规划@p1 -> 0-1@p7 -> VAR@p24 -> ODE@p24,连接词=首先:1、进一步:4、可知:1、说明:2、从而:3、因此:16；页行中位数=60.0；段落候选中位数=7.0；图表候选=16；公式行候选=440；标题候选=101,摘要,基于随机优化的农作物种植策略模型 / 摘要 / 本文研究最大化利用土地资源，建立裁种策略优化模型，利用贪心算法、随机扰动、蒙 / 特卡洛、灵敏度检验等方法求解科学土地管理、超额出售、多因素时间波动，农作物替代,2024/C094.pdf#page=1:line=2
2024,C,C094,section_heading,问题重述,问题重述,2,1,0.798391,蒙特卡洛@p1 -> 线性规划@p1 -> 0-1@p7 -> VAR@p24 -> ODE@p24,连接词=首先:1、进一步:4、可知:1、说明:2、从而:3、因此:16；页行中位数=60.0；段落候选中位数=7.0；图表候选=16；公式行候选=440；标题候选=101,问题重述,问题重述 / 1.1问题背景 / 农业是乡村地区的核心支柱，尤其在偏远地区，种植业为当地居民提供主要收入来源。切合实际，,2024/C094.pdf#page=2:line=1
2024,C,C094,section_heading,问题分析,问题分析,3,1,0.822185,蒙特卡洛@p1 -> 线性规划@p1 -> 0-1@p7 -> VAR@p24 -> ODE@p24,连接词=首先:1、进一步:4、可知:1、说明:2、从而:3、因此:16；页行中位数=60.0；段落候选中位数=7.0；图表候选=16；公式行候选=440；标题候选=101,二问题分析,二问题分析 / 2.1问题一的分析 / 间题一中，假定后续每一年的策略规划中，其预期销售量、种植成本、亩产量都与2023年相同。基,2024/C094.pdf#page=3:line=1
2024,C,C094,section_heading,模型假设,模型假设,4,1,0.79925,蒙特卡洛@p1 -> 线性规划@p1 -> 0-1@p7 -> VAR@p24 -> ODE@p24,连接词=首先:1、进一步:4、可知:1、说明:2、从而:3、因此:16；页行中位数=60.0；段落候选中位数=7.0；图表候选=16；公式行候选=440；标题候选=101,模型假设,模型假设 / 1.假设当季种植的农作物在当季销售，无库存。 / 2.假设问题一中每种农作物的未来预期销量、种植成本、亩产量和售价相较于2023年保持稳定。,2024/C094.pdf#page=4:line=1
2024,C,C094,section_heading,符号说明,符号说明,4,6,0.828666,蒙特卡洛@p1 -> 线性规划@p1 -> 0-1@p7 -> VAR@p24 -> ODE@p24,连接词=首先:1、进一步:4、可知:1、说明:2、从而:3、因此:16；页行中位数=60.0；段落候选中位数=7.0；图表候选=16；公式行候选=440；标题候选=101,四符号说明,3.假设间题二相关销量、售价等变量波动符合正态分布。 / 4.假设间题三中各种农作物预期销售量与销售价格、种植成本之间存在一定相关性。 / 四符号说明 / 符号 / 说明,2024/C094.pdf#page=4:line=6
2024,C,C094,section_heading,模型建立,模型建立,4,31,0.85255,蒙特卡洛@p1 -> 线性规划@p1 -> 0-1@p7 -> VAR@p24 -> ODE@p24,连接词=首先:1、进一步:4、可知:1、说明:2、从而:3、因此:16；页行中位数=60.0；段落候选中位数=7.0；图表候选=16；公式行候选=440；标题候选=101,五模型的建立与求解,Yeijk / 第i季度是否在第j块地上种植作物k / 五模型的建立与求解 / 由于部分数据在数据表中带有空格后级，影响数据读取，因此需对于单元格格式进行修改，将空格 / 全部替换删除后，进行后续数据分析及模型建立。,2024/C094.pdf#page=4:line=31
2024,C,C094,section_heading,模型求解,模型求解,3,11,0.909045,蒙特卡洛@p1 -> 线性规划@p1 -> 0-1@p7 -> VAR@p24 -> ODE@p24,连接词=首先:1、进一步:4、可知:1、说明:2、从而:3、因此:16；页行中位数=60.0；段落候选中位数=7.0；图表候选=16；公式行候选=440；标题候选=101,量、种植成本、销售价格的变化条件中相对都有较好表现的种植策略。求解过程可以考虑使用蒙特卡洛,问题二中，在问题一构建的优化模型基础上，增加了作物预期销售量、种植成本、销售价格的变化 / 条件。为输出最优的种植方案，需要在各种不确定因素和种植风险中选择一个能够在不同的预期销售 / 量、种植成本、销售价格的变化条件中相对都有较好表现的种植策略。求解过程可以考虑使用蒙特卡洛 / 算法生成多个随机序列，模拟不同的现实情况。 / 2.3问题三的分析,2024/C094.pdf#page=3:line=11
2024,C,C094,section_heading,结果分析,结果分析,1,14,0.894609,蒙特卡洛@p1 -> 线性规划@p1 -> 0-1@p7 -> VAR@p24 -> ODE@p24,连接词=首先:1、进一步:4、可知:1、说明:2、从而:3、因此:16；页行中位数=60.0；段落候选中位数=7.0；图表候选=16；公式行候选=440；标题候选=101,元。这两种求解方法各有优缺点，求解器求解结果更优，但求解慢，而贪心算法则相反，根,解得：超出部分滞销结果为40244799.20元，超出部分折价结果为56325297.78元；使用 / 贪心策略求解得：超出部分滞销结果为36848378.08元，超出部分折价结果为46724871.84 / 元。这两种求解方法各有优缺点，求解器求解结果更优，但求解慢，而贪心算法则相反，根 / 据具体需求选择方法，两种销售情况会导致结果产生较大差异，原因归结于收益大的作物 / 在降价后仍可保持高收益，会被高频率大面积种植。,2024/C094.pdf#page=1:line=14
2024,C,C094,section_heading,灵敏度分析,灵敏度分析,1,4,0.94967,蒙特卡洛@p1 -> 线性规划@p1 -> 0-1@p7 -> VAR@p24 -> ODE@p24,连接词=首先:1、进一步:4、可知:1、说明:2、从而:3、因此:16；页行中位数=60.0；段落候选中位数=7.0；图表候选=16；公式行候选=440；标题候选=101,特卡洛、灵敏度检验等方法求解科学土地管理、超额出售、多因素时间波动，农作物替代,摘要 / 本文研究最大化利用土地资源，建立裁种策略优化模型，利用贪心算法、随机扰动、蒙 / 特卡洛、灵敏度检验等方法求解科学土地管理、超额出售、多因素时间波动，农作物替代 / 性、互补性以及相关性等间题。 / 针对问题一，定义第t年的第i季度时，在第i块地种植第种作物种植面积为决策,2024/C094.pdf#page=1:line=4
2024,C,C094,section_heading,模型评价,模型评价,22,1,0.963035,蒙特卡洛@p1 -> 线性规划@p1 -> 0-1@p7 -> VAR@p24 -> ODE@p24,连接词=首先:1、进一步:4、可知:1、说明:2、从而:3、因此:16；页行中位数=60.0；段落候选中位数=7.0；图表候选=16；公式行候选=440；标题候选=101,六 “模型 的 评价,六 “模型 的 评价 / 6.1 模型 的 合理 性 与 准确 性 / 本 模型 基于 合理 的 假设 和 现实 中 的 约束 条 件 ， 充 分 考虑 了 不 同 地 块 类 型 、 作 物 特性 、 种 植 成 本 、 市,2024/C094.pdf#page=22:line=1
2024,C,C094,section_heading,参考文献,参考文献,17,2,0.930073,蒙特卡洛@p1 -> 线性规划@p1 -> 0-1@p7 -> VAR@p24 -> ODE@p24,连接词=首先:1、进一步:4、可知:1、说明:2、从而:3、因此:16；页行中位数=60.0；段落候选中位数=7.0；图表候选=16；公式行候选=440；标题候选=101,查阅 参考 文献 可 知 ， 华 北 增 减 产 率 的 概率 分 布 近似 正 态 分 布 册 ， 因 此 对 于 任意 一 个 变量 序列 ， 都 对,5.2.2 模型 二 的 求解 / 查阅 参考 文献 可 知 ， 华 北 增 减 产 率 的 概率 分 布 近似 正 态 分 布 册 ， 因 此 对 于 任意 一 个 变量 序列 ， 都 对 / 应 一 个 出 现 的 概 这 。 随 机 生成 100 个 随机 变量 序列 ， 并 使 用 求解 器 选 代 产 生 100 种 种 植 策 路 ， 使 用 循 / 环 给 每 种 种 植 策 咯 求解 在 100 个 随机 变量 x 序列 下 的 收入 均值 。 再 从 得 到 的 100 个 收 人 均值 中 选取 最,2024/C094.pdf#page=17:line=2
2024,C,C094,section_heading,附录,附录,23,1,0.642923,蒙特卡洛@p1 -> 线性规划@p1 -> 0-1@p7 -> VAR@p24 -> ODE@p24,连接词=首先:1、进一步:4、可知:1、说明:2、从而:3、因此:16；页行中位数=60.0；段落候选中位数=7.0；图表候选=16；公式行候选=440；标题候选=101,附录,附录 / 附录一：间题一(1)求解暑求解 / pd se sepued arodut,2024/C094.pdf#page=23:line=1
2024,C,C234,paper_overview,,论文总览,1,1,0.884253,遗传算法@p1 -> 线性规划@p2 -> 0-1@p6,连接词=首先:2、其次:2、可知:1、表明:1、说明:4、验证:1、相比:1、为了:9、因此:7；页行中位数=37；段落候选中位数=6；图表候选=14；公式行候选=519；标题候选=66,基于遗传算法的最优种植策略,基于遗传算法的最优种植策略 / 摘要 / 山区耕地资源匮乏，因此为了提高乡村的经济效益，必须充分利用有限的耕地的,2024/C234.pdf#page=1:line=1
2024,C,C234,section_heading,摘要,摘要,1,2,0.666206,遗传算法@p1 -> 线性规划@p2 -> 0-1@p6,连接词=首先:2、其次:2、可知:1、表明:1、说明:4、验证:1、相比:1、为了:9、因此:7；页行中位数=37；段落候选中位数=6；图表候选=14；公式行候选=519；标题候选=66,摘要,基于遗传算法的最优种植策略 / 摘要 / 山区耕地资源匮乏，因此为了提高乡村的经济效益，必须充分利用有限的耕地的 / 资源，而选择合适的农作物品种，指定最优种植策略是其关键之处，也是本文待解,2024/C234.pdf#page=1:line=2
2024,C,C234,section_heading,问题重述,问题重述,2,1,0.852376,遗传算法@p1 -> 线性规划@p2 -> 0-1@p6,连接词=首先:2、其次:2、可知:1、表明:1、说明:4、验证:1、相比:1、为了:9、因此:7；页行中位数=37；段落候选中位数=6；图表候选=14；公式行候选=519；标题候选=66,一、问题背景与重述,一、问题背景与重述 / 1.1问题背景 / 随着乡村振兴战略的实施，国家对提高乡村经济越发重视。农业经济作为乡村经,2024/C234.pdf#page=2:line=1
2024,C,C234,section_heading,问题分析,问题分析,2,25,0.805291,遗传算法@p1 -> 线性规划@p2 -> 0-1@p6,连接词=首先:2、其次:2、可知:1、表明:1、说明:4、验证:1、相比:1、为了:9、因此:7；页行中位数=37；段落候选中位数=6；图表候选=14；公式行候选=519；标题候选=66,二、问题分析,成本、销售价格之间也存在经济学关系，再考虑上这些因素给出该乡村2024~2030年 / 农作物的最优种植策略，并通过模拟数据与问题二的结果进行对比。 / 二、问题分析 / 2.1问题一的分析 / 问题一需要在每年预期销售量、种植成本、亩产量和销售价格固定为2023年的,2024/C234.pdf#page=2:line=25
2024,C,C234,section_heading,模型假设,模型假设,4,1,0.788653,遗传算法@p1 -> 线性规划@p2 -> 0-1@p6,连接词=首先:2、其次:2、可知:1、表明:1、说明:4、验证:1、相比:1、为了:9、因此:7；页行中位数=37；段落候选中位数=6；图表候选=14；公式行候选=519；标题候选=66,三、模型假设,三、模型假设 / 1.假设2023年产销相等。 / 2.假设每种农作物种植面积不小于种植地的一半。,2024/C234.pdf#page=4:line=1
2024,C,C234,section_heading,符号说明,符号说明,4,7,0.831372,遗传算法@p1 -> 线性规划@p2 -> 0-1@p6,连接词=首先:2、其次:2、可知:1、表明:1、说明:4、验证:1、相比:1、为了:9、因此:7；页行中位数=37；段落候选中位数=6；图表候选=14；公式行候选=519；标题候选=66,四、符号说明,均匀分布。 / 4.假设为了管理方便，粮食类农作物在每块耕地上仅能种植一种。 / 四、符号说明 / 符号 / 说明,2024/C234.pdf#page=4:line=7
2024,C,C234,section_heading,模型建立,模型建立,5,2,0.96598,遗传算法@p1 -> 线性规划@p2 -> 0-1@p6,连接词=首先:2、其次:2、可知:1、表明:1、说明:4、验证:1、相比:1、为了:9、因此:7；页行中位数=37；段落候选中位数=6；图表候选=14；公式行候选=519；标题候选=66,考虑 到 给 出 数据 的 复杂 性 ， 为 了 更 好 地 分 析 与 理解 数据 ， 需 要 在 模型 建立 之 前 对,五 、 数 据 处 理 与 分 析 / 考虑 到 给 出 数据 的 复杂 性 ， 为 了 更 好 地 分 析 与 理解 数据 ， 需 要 在 模型 建立 之 前 对 / 数据 进行 分 析 ， 确 保 模型 的 准确 性 。 根 据 题 目 要求 ， 综 合 附件 1 与 附件 2 的 数据 与 信 / 息 ， 利 用 Excel 工具 对 数据 进行 了 多 角度 的 整理 ， 并 提取 了 关键 之 处 。,2024/C234.pdf#page=5:line=2
2024,C,C234,section_heading,模型求解,模型求解,1,10,0.925011,遗传算法@p1 -> 线性规划@p2 -> 0-1@p6,连接词=首先:2、其次:2、可知:1、表明:1、说明:4、验证:1、相比:1、为了:9、因此:7；页行中位数=37；段落候选中位数=6；图表候选=14；公式行候选=519；标题候选=66,该优化模型，本文选择使用遗传算法求解，最终得到情况1一一超过部分滞销，造成,积不宜太小、种植地不能太分散、轮作制度、豆类种植要求、各类型耕地种植农作物 / 类型限制、大白菜、白萝下和红萝下的季节性限制和食用菌种植环境要求。为了求解 / 该优化模型，本文选择使用遗传算法求解，最终得到情况1一一超过部分滞销，造成 / 出售的总利润为：42837286.75元 / 问题二：对于农作物未来预期销售量、亩产量、种植成本和销售价格的不确定性，,2024/C234.pdf#page=1:line=10
2024,C,C234,section_heading,模型评价,模型评价,23,7,0.932007,遗传算法@p1 -> 线性规划@p2 -> 0-1@p6,连接词=首先:2、其次:2、可知:1、表明:1、说明:4、验证:1、相比:1、为了:9、因此:7；页行中位数=37；段落候选中位数=6；图表候选=14；公式行候选=519；标题候选=66,七 、 模型 的 评价 、 改 进 与 推广,从 上 图 中 可 以 发 现 ， 问 题 三 的 年 利润 相对 于 问题 二 减 小 ， 这 是 由 于 供需 关系 ， 葵 / 代 性 导致 买方 可 能 选择 更 低 价 的 农产品 。 / 七 、 模型 的 评价 、 改 进 与 推广 / 7.1 模型 的 优点 / 1. 模 型 引入 滞销 利润 因子 ， 具 有 推广 性 。,2024/C234.pdf#page=23:line=7
2024,C,C234,section_heading,参考文献,参考文献,25,1,0.92839,遗传算法@p1 -> 线性规划@p2 -> 0-1@p6,连接词=首先:2、其次:2、可知:1、表明:1、说明:4、验证:1、相比:1、为了:9、因此:7；页行中位数=37；段落候选中位数=6；图表候选=14；公式行候选=519；标题候选=66,八 、 参 考 文献,八 、 参 考 文献 / [1]htpwwwmoasovcn/ztzlnybrlirlxx/202409/20240904 6461895hum / [3] 刘 机 .我 国 华北 地 区 冬季 持续 性 异常 低温 事件 与 大 气 低 搓 振 菏 的 关系 [D]. 南 京 信息 工程 大,2024/C234.pdf#page=25:line=1
2025,A,A196,paper_overview,,论文总览,1,1,0.91482,粒子群@p1 -> 多目标@p2 -> ODE@p34,连接词=首先:3、进一步:4、可知:1、表明:1、说明:8、验证:9、从而:1、因此:10；页行中位数=32.0；段落候选中位数=8.0；图表候选=15；公式行候选=164；标题候选=130,多情形下无人机烟幕遮蔽策略的建模与优化研究,多情形下无人机烟幕遮蔽策略的建模与优化研究 / 摘要 / 烟幕干扰弹能给导弹打击的目标提供有效遮蔽，减少损失，由于低成本、效用高的,2025/A196.pdf#page=1:line=1
2025,A,A196,section_heading,摘要,摘要,1,2,0.664422,粒子群@p1 -> 多目标@p2 -> ODE@p34,连接词=首先:3、进一步:4、可知:1、表明:1、说明:8、验证:9、从而:1、因此:10；页行中位数=32.0；段落候选中位数=8.0；图表候选=15；公式行候选=164；标题候选=130,摘要,多情形下无人机烟幕遮蔽策略的建模与优化研究 / 摘要 / 烟幕干扰弹能给导弹打击的目标提供有效遮蔽，减少损失，由于低成本、效用高的 / 特点，其在军事上得到了广泛的应用。本文针对无人机投放烟幕弹最优策略的研究，首,2025/A196.pdf#page=1:line=2
2025,A,A196,section_heading,问题重述,问题重述,2,1,0.794557,粒子群@p1 -> 多目标@p2 -> ODE@p34,连接词=首先:3、进一步:4、可知:1、表明:1、说明:8、验证:9、从而:1、因此:10；页行中位数=32.0；段落候选中位数=8.0；图表候选=15；公式行候选=164；标题候选=130,问题重述,问题重述 / 1.1问题背景 / 烟幕干扰弹通过化学燃烧或者爆炸产生气溶胶云团，这片云团能够有效吸收，散射,2025/A196.pdf#page=2:line=1
2025,A,A196,section_heading,问题分析,问题分析,3,18,0.662769,粒子群@p1 -> 多目标@p2 -> ODE@p34,连接词=首先:3、进一步:4、可知:1、表明:1、说明:8、验证:9、从而:1、因此:10；页行中位数=32.0；段落候选中位数=8.0；图表候选=15；公式行候选=164；标题候选=130,问题分析,接力有效速最 / 图2:各问题关系图 / 问题分析 / 2.1问题一的分析 / 问题一是基础情况，要求计算在给定参数下烟幕干扰弹对导弹M1的有效遮藏时,2025/A196.pdf#page=3:line=18
2025,A,A196,section_heading,模型假设,模型假设,4,6,0.847008,粒子群@p1 -> 多目标@p2 -> ODE@p34,连接词=首先:3、进一步:4、可知:1、表明:1、说明:8、验证:9、从而:1、因此:10；页行中位数=32.0；段落候选中位数=8.0；图表候选=15；公式行候选=164；标题候选=130,=. 模型 假设,量 的 维度 太 大 ， 很 难 直 接 快速 的 计算 ， 因 此 需要 把 问题 简化 ， 拆 分 成 多 个 步骤 ， 即 要 先 / 确定 资源 分 配 的 策略 ， 再 决定 烟幕 弹 投放 的 策略 ， 以 提高 计算 效率 。 / =. 模型 假设 / 1. 将 导弹 、 无 人 机 、 烟 幕 弹 、 烟 幕 云 团 中 心 以 及 假 目标 均 视 为 质点 进行 运动 学 分 析 ， / 2. 不 考虑 空气 阻力 、 风 速 等 环境 因素 对 无 人 机 和 导弹 飞行 的 影响 。,2025/A196.pdf#page=4:line=6
2025,A,A196,section_heading,符号说明,符号说明,4,13,0.641084,粒子群@p1 -> 多目标@p2 -> ODE@p34,连接词=首先:3、进一步:4、可知:1、表明:1、说明:8、验证:9、从而:1、因此:10；页行中位数=32.0；段落候选中位数=8.0；图表候选=15；公式行候选=164；标题候选=130,、 ”符号 说 明,5. 烟幕 弹 起 爆 瞬 时 形成 一 个 半径 为 10 米 的 理想 球状 云 团 ， 且 在 有 效 时 间 内 (20 秒 ) / 其 半径 和 诸 蔽 能 力 保持 不 变 。 / 、 ”符号 说 明 / i 单位 / Pry s(t) 导弹 1 在 时 刻 上 的 位 置 向 量 m,2025/A196.pdf#page=4:line=13
2025,A,A196,section_heading,模型建立,模型建立,11,8,0.90753,粒子群@p1 -> 多目标@p2 -> ODE@p34,连接词=首先:3、进一步:4、可知:1、表明:1、说明:8、验证:9、从而:1、因此:10；页行中位数=32.0；段落候选中位数=8.0；图表候选=15；公式行候选=164；标题候选=130,六、问题一模型建立及求解,一段的时长，而在非有效遮挡的时段，积分值为0，不会对结果造成影响，这样考虑可 / 以避免上文关于存在多段有效时间的考虑，使模型的约束减少，计算效率更优。 / 六、问题一模型建立及求解 / 问题一针对具体的一个场景，在所有参数都已经给定的情况下（烟幕弹投放时间为 / 1.5s，起爆时间为5.1s)，需要求解单枚烟幕弹对单枚导弹的有效遮挡时长。需要利用各,2025/A196.pdf#page=11:line=8
2025,A,A196,section_heading,模型求解,模型求解,12,14,0.904548,粒子群@p1 -> 多目标@p2 -> ODE@p34,连接词=首先:3、进一步:4、可知:1、表明:1、说明:8、验证:9、从而:1、因此:10；页行中位数=32.0；段落候选中位数=8.0；图表候选=15；公式行候选=164；标题候选=130,6.2 模型 的 求解,"a ‘. ifVP,€9, PaPaNC(P.n(t)) 42 / 0, otherwise / 6.2 模型 的 求解 / 6.2.1 有 效 遮 蔽 时 间 区 间 是 一 段 连续 的 区 间 / 真 目标 被 烟幕 云 团 有 效 造 吉 的 时 间 必 为 一 段 连续 时 间 区 间 。 理 由 如 下 :",2025/A196.pdf#page=12:line=14
2025,A,A196,section_heading,结果分析,结果分析,16,1,0.931682,粒子群@p1 -> 多目标@p2 -> ODE@p34,连接词=首先:3、进一步:4、可知:1、表明:1、说明:8、验证:9、从而:1、因此:10；页行中位数=32.0；段落候选中位数=8.0；图表候选=15；公式行候选=164；标题候选=130,"Step 4 求解 结果 : HIERN ERR right —left <<. RAHAT, tin 的 最","Step 4 求解 结果 : HIERN ERR right —left <<. RAHAT, tin 的 最 / SEEN Fy RE Ta a ie aT A / 6.2.6 用 二 分 查找 法 求解 有 效 遮蔽 区 间 的 结束 时 刻 oe",2025/A196.pdf#page=16:line=1
2025,A,A196,section_heading,灵敏度分析,灵敏度分析,14,20,0.934562,粒子群@p1 -> 多目标@p2 -> ODE@p34,连接词=首先:3、进一步:4、可知:1、表明:1、说明:8、验证:9、从而:1、因此:10；页行中位数=32.0；段落候选中位数=8.0；图表候选=15；公式行候选=164；标题候选=130,取 300 个 点 进行 店 蔽 判断 。 该 选择 的 合理 性 将 在 后 文 的 结果 验证 部 分 通过 敏感 性 分 析 进,"相对 误差 (%) 0.06578 0.01645 0.00731 0.00263 0.00066 / Ftc, TERA, PRATER mn = 300， 即 在 上 下 底面 圆周 上 各 均匀 / 取 300 个 点 进行 店 蔽 判断 。 该 选择 的 合理 性 将 在 后 文 的 结果 验证 部 分 通过 敏感 性 分 析 进 / 一 步 确认 。 / 6.2.4 二 分 法 查找 有 效 遮 挡 时 间 段 的 开始 和 结束 时 刻",2025/A196.pdf#page=14:line=20
2025,A,A196,section_heading,模型评价,模型评价,33,9,0.945532,粒子群@p1 -> 多目标@p2 -> ODE@p34,连接词=首先:3、进一步:4、可知:1、表明:1、说明:8、验证:9、从而:1、因此:10；页行中位数=32.0；段落候选中位数=8.0；图表候选=15；公式行候选=164；标题候选=130,十 一 、 模型 的 评价 与 推广,"通过 上 面 的 策略 结合 问题 三 的 求解 思路 ,求解 得 到 总 最 长 有 效 造 贡 时 间 为 21.0770s。 / 其 他 的 具体 数据 匈 附 录 以 及 文件 result3.xlsx。 / 十 一 、 模型 的 评价 与 推广 / 11.1 模型 的 评价 / 模型 的 优点 :",2025/A196.pdf#page=33:line=9
2025,A,A196,section_heading,参考文献,参考文献,33,28,0.960978,粒子群@p1 -> 多目标@p2 -> ODE@p34,连接词=首先:3、进一步:4、可知:1、表明:1、说明:8、验证:9、从而:1、因此:10；页行中位数=32.0；段落候选中位数=8.0；图表候选=15；公式行候选=164；标题候选=130,参考 文献,"问题 研究 由， 这 些 都 是 不 可 忽略 的 因素 。 同 时 可 以 设计 更 高 效 的 策略 来 在 更 大 的 范围 内 / 找到 最 优 的 策略 使 效益 最 大 。 / 参考 文献 / [DeepSeek,DeepSeek-V3.1, 深度 求索 (DeepSeek) , 2025.09.05-2025.09.07) ; / [2] 王 庆 华 . 防空 火箭 烟幕 弹 于 拢 [J]. 光电 技术 应 用 ，2008，23 (6) ;",2025/A196.pdf#page=33:line=28
2025,A,A196,section_heading,附录,附录,34,1,0.505825,粒子群@p1 -> 多目标@p2 -> ODE@p34,连接词=首先:3、进一步:4、可知:1、表明:1、说明:8、验证:9、从而:1、因此:10；页行中位数=32.0；段落候选中位数=8.0；图表候选=15；公式行候选=164；标题候选=130,附录,附录 / A支撑材料目录 / 口AI使用说明,2025/A196.pdf#page=34:line=1
2025,B,B060,paper_overview,,论文总览,1,1,0.873118,有限差分@p13 -> VAR@p18 -> ODE@p30 -> RNN@p47 -> 0-1@p69,连接词=首先:7、其次:1、进一步:4、由此:1、可知:1、表明:2、验证:7、相比:1、为了:3、从而:4、因此:5；页行中位数=35.5；段落候选中位数=5.0；图表候选=26；公式行候选=431；标题候选=120,红外干涉法测量外延层厚度的建模分析,红外干涉法测量外延层厚度的建模分析 / 摘要 / 本文通过研究红外于涉法测外延层厚度问题，提出了一种基于牛顿选代反,2025/B060.pdf#page=1:line=1
2025,B,B060,section_heading,摘要,摘要,1,2,0.665349,有限差分@p13 -> VAR@p18 -> ODE@p30 -> RNN@p47 -> 0-1@p69,连接词=首先:7、其次:1、进一步:4、由此:1、可知:1、表明:2、验证:7、相比:1、为了:3、从而:4、因此:5；页行中位数=35.5；段落候选中位数=5.0；图表候选=26；公式行候选=431；标题候选=120,摘要,红外干涉法测量外延层厚度的建模分析 / 摘要 / 本文通过研究红外于涉法测外延层厚度问题，提出了一种基于牛顿选代反 / 演反射率模型参数、同基于波谷周期关系进行数值计算厚度交叉印证的解决,2025/B060.pdf#page=1:line=2
2025,B,B060,section_heading,问题重述,问题重述,2,1,0.732246,有限差分@p13 -> VAR@p18 -> ODE@p30 -> RNN@p47 -> 0-1@p69,连接词=首先:7、其次:1、进一步:4、由此:1、可知:1、表明:2、验证:7、相比:1、为了:3、从而:4、因此:5；页行中位数=35.5；段落候选中位数=5.0；图表候选=26；公式行候选=431；标题候选=120,1问题背景与重述,1问题背景与重述 / 关键词：折射率建模，牛额送代反演，三次样条拟合，机器学习 / 1问题背景与重述,2025/B060.pdf#page=2:line=1
2025,B,B060,section_heading,问题分析,问题分析,2,27,0.830881,有限差分@p13 -> VAR@p18 -> ODE@p30 -> RNN@p47 -> 0-1@p69,连接词=首先:7、其次:1、进一步:4、由此:1、可知:1、表明:2、验证:7、相比:1、为了:3、从而:4、因此:5；页行中位数=35.5；段落候选中位数=5.0；图表候选=26；公式行候选=431；标题候选=120,2问题分析,计算硅外延层厚度。（4）分析碳化硅晶圆片中是否存在多光束干涉，如果存在，则消除多光束于涉 / 的影响，并给出新的计算结果。 / 2问题分析 / 2.1问题一：双光束干涉模型与厚度计算公式 / 本题首先需要建立红外干涉法下的物理模型，在假设仅有空气/外延层与外延层/衬底两界面的,2025/B060.pdf#page=2:line=27
2025,B,B060,section_heading,模型假设,模型假设,3,1,0.807525,有限差分@p13 -> VAR@p18 -> ODE@p30 -> RNN@p47 -> 0-1@p69,连接词=首先:7、其次:1、进一步:4、由此:1、可知:1、表明:2、验证:7、相比:1、为了:3、从而:4、因此:5；页行中位数=35.5；段落候选中位数=5.0；图表候选=26；公式行候选=431；标题候选=120,3模型假设,3模型假设 / 2.2问题二：两种厚度反演方法与可靠性分析 / 在间题一模型基础上，需要从实际反射率光谱数据反推出膜厚。为此设计了两条路线：,2025/B060.pdf#page=3:line=1
2025,B,B060,section_heading,模型建立,模型建立,3,30,0.928126,有限差分@p13 -> VAR@p18 -> ODE@p30 -> RNN@p47 -> 0-1@p69,连接词=首先:7、其次:1、进一步:4、由此:1、可知:1、表明:2、验证:7、相比:1、为了:3、从而:4、因此:5；页行中位数=35.5；段落候选中位数=5.0；图表候选=26；公式行候选=431；标题候选=120,光学声子兼并，在折射率模型建立中也不考虑相关效应：碳化硅作为极性较强的材料，我们将在数,（2）极性假设：晶体的光学声子与光波的耦合现象受到晶体极性的显著影响，为了简化模型的 / 同时贴合现实情况，假如下假设：硅作为非极性材料，即使在高掺杂浓度下我们仍假设其LO/TO / 光学声子兼并，在折射率模型建立中也不考虑相关效应：碳化硅作为极性较强的材料，我们将在数 / 学模型中考虑红外光与光学声子的耦合效应。 / dxs.moe,2025/B060.pdf#page=3:line=30
2025,B,B060,section_heading,模型求解,模型求解,1,17,0.925177,有限差分@p13 -> VAR@p18 -> ODE@p30 -> RNN@p47 -> 0-1@p69,连接词=首先:7、其次:1、进一步:4、由此:1、可知:1、表明:2、验证:7、相比:1、为了:3、从而:4、因此:5；页行中位数=35.5；段落候选中位数=5.0；图表候选=26；公式行候选=431；标题候选=120,著的物理必要条件，并给出判断多光束效应对原模型求解精度影响大小的评,出厚度d的送代解为；7.295μm作为直接计算值7.544um的较好印证值 / 对于问题三，解答路线是（A）先建立多光于涉模型，分析多光束效应显 / 著的物理必要条件，并给出判断多光束效应对原模型求解精度影响大小的评 / 判指标G，（B）基于前两问的建模和给出的波谷直接计算法和牛顿送代反演 / 法，代入硅晶片的折射率经验曲线，建立确定硅外延层厚度计算的数学模型和,2025/B060.pdf#page=1:line=17
2025,B,B060,section_heading,结果分析,结果分析,3,10,0.936044,有限差分@p13 -> VAR@p18 -> ODE@p30 -> RNN@p47 -> 0-1@p69,连接词=首先:7、其次:1、进一步:4、由此:1、可知:1、表明:2、验证:7、相比:1、为了:3、从而:4、因此:5；页行中位数=35.5；段落候选中位数=5.0；图表候选=26；公式行候选=431；标题候选=120,两种方法相互验证，并结合统计指标（标准差、置信区间、变异系数）来评估厚度求解结果的可靠,作为目标函数，以d，N1，N2为变量进行送代优化。通过网格搜索设定初值，避免局部极值陷 / 饼，最终得到稳定的送代解，输出厚度d。 / 两种方法相互验证，并结合统计指标（标准差、置信区间、变异系数）来评估厚度求解结果的可靠 / 性。 / 2.3问题三：多光束干涉效应与修正,2025/B060.pdf#page=3:line=10
2025,B,B060,section_heading,模型检验,模型检验,8,29,0.941655,有限差分@p13 -> VAR@p18 -> ODE@p30 -> RNN@p47 -> 0-1@p69,连接词=首先:7、其次:1、进一步:4、由此:1、可知:1、表明:2、验证:7、相比:1、为了:3、从而:4、因此:5；页行中位数=35.5；段落候选中位数=5.0；图表候选=26；公式行候选=431；标题候选=120,（其证明在”模型检验与合理性分析“中）舍弃计算误差较大的结果，接着给出直接计算法的误差限、,（1）周期波谷直接计算法该方法直接用d的显示表达式，通过在反射谱上取出多组相邻的周期 / 波谷极值点，代人数据直接计算得相应的厚度值，再对计算结果进行统计分析，结合公式误差来源 / （其证明在”模型检验与合理性分析“中）舍弃计算误差较大的结果，接着给出直接计算法的误差限、 / 结果可信水平、置信区间 / （2）牛顿送代反演模型法该方法观点下，我们在给定掺杂浓度N1N2后将唯一确定衬底和外延,2025/B060.pdf#page=8:line=29
2025,B,B060,section_heading,模型评价,模型评价,29,2,0.92323,有限差分@p13 -> VAR@p18 -> ODE@p30 -> RNN@p47 -> 0-1@p69,连接词=首先:7、其次:1、进一步:4、由此:1、可知:1、表明:2、验证:7、相比:1、为了:3、从而:4、因此:5；页行中位数=35.5；段落候选中位数=5.0；图表候选=26；公式行候选=431；标题候选=120,7 模型 评价 与 展望,"7 VIPS RB 29 / 7 模型 评价 与 展望 / 7.1 模型 优点 / *。， 物理 基础 扎实 : 模型 从 菲 滥 尔 公 式 出 发 ， 结合 Drude 折射 率 模 型 与 光学 声 子 修正 项 , 较 完 整地",2025/B060.pdf#page=29:line=2
2025,B,B060,section_heading,参考文献,参考文献,31,1,0.793516,有限差分@p13 -> VAR@p18 -> ODE@p30 -> RNN@p47 -> 0-1@p69,连接词=首先:7、其次:1、进一步:4、由此:1、可知:1、表明:2、验证:7、相比:1、为了:3、从而:4、因此:5；页行中位数=35.5；段落候选中位数=5.0；图表候选=26；公式行候选=431；标题候选=120,参考文献,"参考文献 / 31 / [9] M.F.MacMillan,A.Henry,andE.Janzen,""Thicknessdetermination of low doped SiC epi-films",2025/B060.pdf#page=31:line=1
2025,B,B060,section_heading,附录,附录,32,1,0.660666,有限差分@p13 -> VAR@p18 -> ODE@p30 -> RNN@p47 -> 0-1@p69,连接词=首先:7、其次:1、进一步:4、由此:1、可知:1、表明:2、验证:7、相比:1、为了:3、从而:4、因此:5；页行中位数=35.5；段落候选中位数=5.0；图表候选=26；公式行候选=431；标题候选=120,附录,附录 / 支撑材料 / 包附件1修正计算筛去异常.CSV,2025/B060.pdf#page=32:line=1
2025,B,B157,paper_overview,,论文总览,1,1,0.894513,0-1@p6 -> ODE@p10 -> 回归@p17,连接词=首先:7、进一步:6、由此:1、表明:6、说明:1、验证:7、为了:1、从而:3、因此:5；页行中位数=36；段落候选中位数=0；图表候选=29；公式行候选=779；标题候选=121,碳化硅外延层厚度的双光束和多光束干涉法测量研究,碳化硅外延层厚度的双光束和多光束干涉法测量研究 / 摘要 / 碳化硅是一种新兴的第三代半导体材料，其外延层的厚度对其性能至关重要。而红,2025/B157.pdf#page=1:line=1
2025,B,B157,section_heading,摘要,摘要,1,2,0.665171,0-1@p6 -> ODE@p10 -> 回归@p17,连接词=首先:7、进一步:6、由此:1、表明:6、说明:1、验证:7、为了:1、从而:3、因此:5；页行中位数=36；段落候选中位数=0；图表候选=29；公式行候选=779；标题候选=121,摘要,碳化硅外延层厚度的双光束和多光束干涉法测量研究 / 摘要 / 碳化硅是一种新兴的第三代半导体材料，其外延层的厚度对其性能至关重要。而红 / 外于涉法是外延层厚度的一种无损伤测量方法。本文通过分析红外光束的于涉效应，建,2025/B157.pdf#page=1:line=2
2025,B,B157,section_heading,问题重述,问题重述,2,1,0.754658,0-1@p6 -> ODE@p10 -> 回归@p17,连接词=首先:7、进一步:6、由此:1、表明:6、说明:1、验证:7、为了:1、从而:3、因此:5；页行中位数=36；段落候选中位数=0；图表候选=29；公式行候选=779；标题候选=121,一、问题重述,一、问题重述 / 1.1问题背景 / 碳化硅（SiC）作为新一代半导体材料，因其宽禁带、高热导率和高击穿场强等特,2025/B157.pdf#page=2:line=1
2025,B,B157,section_heading,问题分析,问题分析,2,20,0.709986,0-1@p6 -> ODE@p10 -> 回归@p17,连接词=首先:7、进一步:6、由此:1、表明:6、说明:1、验证:7、为了:1、从而:3、因此:5；页行中位数=36；段落候选中位数=0；图表候选=29；公式行候选=779；标题候选=121,二、问题分析,数据是否存在多光束于涉，并在必要时建立相应的模型与算法进行厚度求解。同时，若 / 碳化硅数据中存在类似影响，提出相应的修正方法并给出校正后的厚度结果。 / 二、问题分析 / 2.1问题一 / 问题一的核心是建立一个光学于涉模型，用于描述外延层厚度与红外反射光谱之,2025/B157.pdf#page=2:line=20
2025,B,B157,section_heading,模型假设,模型假设,3,22,0.852315,0-1@p6 -> ODE@p10 -> 回归@p17,连接词=首先:7、进一步:6、由此:1、表明:6、说明:1、验证:7、为了:1、从而:3、因此:5；页行中位数=36；段落候选中位数=0；图表候选=29；公式行候选=779；标题候选=121,三、模型假设,模型的适用性，并给出可靠性评估。对碳化硅晶圆片，在预处理后，利用带通滤波的方 / 法对原图进行优化，消除其他光束的影响，再利用问题二的计算方法得到厚度值。 / 三、模型假设 / 1.厚度与面内均匀性：假设外延层厚度d在光斑范围内不随波数/时间变化（面内与时 / 间上均匀稳定)。,2025/B157.pdf#page=3:line=22
2025,B,B157,section_heading,符号说明,符号说明,4,1,0.928015,0-1@p6 -> ODE@p10 -> 回归@p17,连接词=首先:7、进一步:6、由此:1、表明:6、说明:1、验证:7、为了:1、从而:3、因此:5；页行中位数=36；段落候选中位数=0；图表候选=29；公式行候选=779；标题候选=121,四 、 符 号 说 明,四 、 符 号 说 明 / 本 文 所 使 用 的 符号 及 说 明 如 表 1 所 示 。 / 表 1 符号 说 明,2025/B157.pdf#page=4:line=1
2025,B,B157,section_heading,模型建立,模型建立,3,15,0.924528,0-1@p6 -> ODE@p10 -> 回归@p17,连接词=首先:7、进一步:6、由此:1、表明:6、说明:1、验证:7、为了:1、从而:3、因此:5；页行中位数=36；段落候选中位数=0；图表候选=29；公式行候选=779；标题候选=121,的条件以合理选择模型解决相应问题。在建立模型之后，根据硅晶圆片和碳化硅晶圆片,2.3问题三 / 问题三在前两问的基础上考虑了多光束千涉的更多情况，要求分析产生多光束于涉 / 的条件以合理选择模型解决相应问题。在建立模型之后，根据硅晶圆片和碳化硅晶圆片 / 的实测光谱曲线，选择合适的模型，得到更精确的效果。 / 为此，对问题一的模型进行一些修正，将其推广到多光束情形，同时得到必要条件,2025/B157.pdf#page=3:line=15
2025,B,B157,section_heading,模型求解,模型求解,6,1,0.898242,0-1@p6 -> ODE@p10 -> 回归@p17,连接词=首先:7、进一步:6、由此:1、表明:6、说明:1、验证:7、为了:1、从而:3、因此:5；页行中位数=36；段落候选中位数=0；图表候选=29；公式行候选=779；标题候选=121,5.1.2两光束干涉厚度模型的求解,5.1.2两光束干涉厚度模型的求解 / 由于厚度d出现在非线性相位函数中，难以直接解析求解，需要结合实验数据进行 / 数值反演。求解思路如下：,2025/B157.pdf#page=6:line=1
2025,B,B157,section_heading,灵敏度分析,灵敏度分析,1,19,0.916898,0-1@p6 -> ODE@p10 -> 回归@p17,连接词=首先:7、进一步:6、由此:1、表明:6、说明:1、验证:7、为了:1、从而:3、因此:5；页行中位数=36；段落候选中位数=0；图表候选=29；公式行候选=779；标题候选=121,本文从残差统计特性、正态性检验、角度一致性、系统敏感性等多个维度对模型进行了,享厚度与色散参数，引入波数刻度和入射角微偏差校准量，利用随机梯度下降法进行全 / 参拟合，最终得到SiC外延层厚度约7.604um，残差均方根误差低于1.14x10-3。此外， / 本文从残差统计特性、正态性检验、角度一致性、系统敏感性等多个维度对模型进行了 / 可靠性检验，确保了模型的准确性与稳健性。 / 针对问题三：构建Airy多光束干涉+Cauchy色散模型。首先对两角度光谱进行等,2025/B157.pdf#page=1:line=19
2025,B,B157,section_heading,模型评价,模型评价,27,16,0.926332,0-1@p6 -> ODE@p10 -> 回归@p17,连接词=首先:7、进一步:6、由此:1、表明:6、说明:1、验证:7、为了:1、从而:3、因此:5；页行中位数=36；段落候选中位数=0；图表候选=29；公式行候选=779；标题候选=121,六 、 模 型 评价,<—— lig A lis / 图 33 多 光束 干涉 模型 下 1s 度 -Si 拟 合 结果 / 六 、 模 型 评价 / 6.1 异型 优点 / 1. 物理 完备 性 : 双 光 束 干涉 厚度 计算 模型 和 多 光束 干涉 厚度 计算 模型 均 是 基于 电磁 场,2025/B157.pdf#page=27:line=16
2025,B,B157,section_heading,参考文献,参考文献,28,6,0.962987,0-1@p6 -> ODE@p10 -> 回归@p17,连接词=首先:7、进一步:6、由此:1、表明:6、说明:1、验证:7、为了:1、从而:3、因此:5；页行中位数=36；段落候选中位数=0；图表候选=29；公式行候选=779；标题候选=121,参考 文献,"至 于 可 以 忽略 。 在 本 征 上 豚 收 频率 附近 时 两 模型 已 不 再 适用 ， 需 考虑 原子 光谱 等 更 加 / 复杂 的 修正 。 / 参考 文献 / [1] 多国 半导体 设备 和 材料 标准 化 技术 委员 会 (SACIATC 203), 全 国 半 导体 设备 和 材料 标 / 准 化 技术 委员 会 材料 分 技术 委员 会 (SACATC 203/SC 2). BRAC HED) HE IE EY",2025/B157.pdf#page=28:line=6
2025,B,B157,section_heading,附录,附录,39,28,0.861666,0-1@p6 -> ODE@p10 -> 回归@p17,连接词=首先:7、进一步:6、由此:1、表明:6、说明:1、验证:7、为了:1、从而:3、因此:5；页行中位数=36；段落候选中位数=0；图表候选=29；公式行候选=779；标题候选=121,附录BSiC外延层厚度分析源代码2,"plt.savefig(-./figs/fft_in_band.png"") / plt.shov() / 附录BSiC外延层厚度分析源代码2 / uport nunpy as np,pandas as pd,uatplotlib.pyplot as plt,re / fros pathlib irport Path,PurePath",2025/B157.pdf#page=39:line=28
2025,C,C023,paper_overview,,论文总览,1,1,0.911152,VAR@p8 -> 回归@p10 -> 0-1@p16,连接词=首先:2、其次:1、进一步:2、表明:7、说明:2、验证:6、因此:1；页行中位数=26.5；段落候选中位数=6.0；图表候选=21；公式行候选=74；标题候选=121,基于混合效应模型的NIPT时点优化与胎儿异常判定,基于混合效应模型的NIPT时点优化与胎儿异常判定 / 摘要 / 无创产前检测（NIPT）结果的准确性高度依赖于胎儿游离DNA浓度，该浓度受孕,2025/C023.pdf#page=1:line=1
2025,C,C023,section_heading,摘要,摘要,1,2,0.665416,VAR@p8 -> 回归@p10 -> 0-1@p16,连接词=首先:2、其次:1、进一步:2、表明:7、说明:2、验证:6、因此:1；页行中位数=26.5；段落候选中位数=6.0；图表候选=21；公式行候选=74；标题候选=121,摘要,基于混合效应模型的NIPT时点优化与胎儿异常判定 / 摘要 / 无创产前检测（NIPT）结果的准确性高度依赖于胎儿游离DNA浓度，该浓度受孕 / 周（GA）、身体质量指数（BMI）等因素显著影响。本文基于临床数据，构建了混合效,2025/C023.pdf#page=1:line=2
2025,C,C023,section_heading,问题重述,问题重述,2,1,0.826458,VAR@p8 -> 回归@p10 -> 0-1@p16,连接词=首先:2、其次:1、进一步:2、表明:7、说明:2、验证:6、因此:1；页行中位数=26.5；段落候选中位数=6.0；图表候选=21；公式行候选=74；标题候选=121,、问题重述,、问题重述 / 1.1问题背景 / 近年来我国的无创产前检测技术已实现广泛应用与持续送代，无创产前检测（NIPT）,2025/C023.pdf#page=2:line=1
2025,C,C023,section_heading,问题分析,问题分析,4,30,0.857638,VAR@p8 -> 回归@p10 -> 0-1@p16,连接词=首先:2、其次:1、进一步:2、表明:7、说明:2、验证:6、因此:1；页行中位数=26.5；段落候选中位数=6.0；图表候选=21；公式行候选=74；标题候选=121,4.1问题分析,"FDR校正后的q值 / 四、问题一：Y染色体浓度与孕周、BMI的关联模型 / 4.1问题分析 / 问题一的核心目标是建立胎儿Y染色体浓度（FF）与孕周（GA）及身体质量指数 / （BMI）之间的定量关系模型。FF作为（0,I)区间的比例变量，其分析包含两个要点：一",2025/C023.pdf#page=4:line=30
2025,C,C023,section_heading,符号说明,符号说明,4,1,0.850411,VAR@p8 -> 回归@p10 -> 0-1@p16,连接词=首先:2、其次:1、进一步:2、表明:7、说明:2、验证:6、因此:1；页行中位数=26.5；段落候选中位数=6.0；图表候选=21；公式行候选=74；标题候选=121,三、符号说明,三、符号说明 / 符号 / 说明,2025/C023.pdf#page=4:line=1
2025,C,C023,section_heading,模型建立,模型建立,6,5,0.764983,VAR@p8 -> 回归@p10 -> 0-1@p16,连接词=首先:2、其次:1、进一步:2、表明:7、说明:2、验证:6、因此:1；页行中位数=26.5；段落候选中位数=6.0；图表候选=21；公式行候选=74；标题候选=121,4.3模型建立,[24 2] / 图4FF在不同孕周和BMI区间下的均值分布热力图 / 4.3模型建立 / 为刻画胎儿Y染色体浓度（FF）随孕周（GA）与体质指数（BMI）的演化规律，并 / 兼顾个异质性体间，本节采用线性混合效应模型（LMM）。本节通过在固定效应中引入,2025/C023.pdf#page=6:line=5
2025,C,C023,section_heading,模型求解,模型求解,8,1,0.833704,VAR@p8 -> 回归@p10 -> 0-1@p16,连接词=首先:2、其次:1、进一步:2、表明:7、说明:2、验证:6、因此:1；页行中位数=26.5；段落候选中位数=6.0；图表候选=21；公式行候选=74；标题候选=121,4.4模型求解,4.4模型求解 / 本节采用极大似然估计方法对所定义的线性混合效应模型进行参数估计。具体算法 / 步骤如下：,2025/C023.pdf#page=8:line=1
2025,C,C023,section_heading,结果分析,结果分析,12,14,0.939679,VAR@p8 -> 回归@p10 -> 0-1@p16,连接词=首先:2、其次:1、进一步:2、表明:7、说明:2、验证:6、因此:1；页行中位数=26.5；段落候选中位数=6.0；图表候选=21；公式行候选=74；标题候选=121,5.5 求解 结果,"该 算法 高 效 地 解决 了 分 组 和 时 点 指派 联合 优化 问题 ,确保 了 在 满足 临床 约束 下 的 全 / 局 风险 最 小 化 。 / 5.5 求解 结果 / 为 便于 理解 ,将 连续 建议 曲线 与 台阶 化 策略 进行 对 照 展示 ,并 给 出 各 分 段 的 统计 汇 / BMH: MBRES + UREN EES",2025/C023.pdf#page=12:line=14
2025,C,C023,section_heading,模型检验,模型检验,1,16,0.921967,VAR@p8 -> 回归@p10 -> 0-1@p16,连接词=首先:2、其次:1、进一步:2、表明:7、说明:2、验证:6、因此:1；页行中位数=26.5；段落候选中位数=6.0；图表候选=21；公式行候选=74；标题候选=121,周。检测误差分析表明，高BMI群体对误差更敏感，推荐时点随误差增大而推迟，但,"划算法对BMI进行5段分组并确定最优检测时点。分组结果为：[20.7,26.8]→11.9周、 / [26.9,39.9]→12.8周、[40.0,42.5]→17.5周、[42.8,46.8]→20.4周[44.7,46.8]→22.8 / 周。检测误差分析表明，高BMI群体对误差更敏感，推荐时点随误差增大而推迟，但 / 分组结构保持稳定。 / 针对问题三，本研究引入年龄、怀孕次数、生产次数等多因素，建立扩展孕妇潜在",2025/C023.pdf#page=1:line=16
2025,C,C023,section_heading,灵敏度分析,灵敏度分析,1,21,0.881161,VAR@p8 -> 回归@p10 -> 0-1@p16,连接词=首先:2、其次:1、进一步:2、表明:7、说明:2、验证:6、因此:1；页行中位数=26.5；段落候选中位数=6.0；图表候选=21；公式行候选=74；标题候选=121,产次数增加则推迟检测，经交支验证与灵敏度回验验证稳健。,风险最小化的优化模型。通过动态规划分段和单调性控制，得到5组年龄层，各5组 / BMII分区及对应时点。多因素协同效应显著，年龄与怀孕次数增加使推荐时点提前，生 / 产次数增加则推迟检测，经交支验证与灵敏度回验验证稳健。 / 针对问题四，本研究针对女胎染色体异常判定，提出“男胎校准+协变量校正+经 / 验零分布+多重检验校正”的综合判定模型。通过孕周分层、Z值标准化与FDR控制，,2025/C023.pdf#page=1:line=21
2025,C,C023,section_heading,模型评价,模型评价,22,12,0.863199,VAR@p8 -> 回归@p10 -> 0-1@p16,连接词=首先:2、其次:1、进一步:2、表明:7、说明:2、验证:6、因此:1；页行中位数=26.5；段落候选中位数=6.0；图表候选=21；公式行候选=74；标题候选=121,八、模型的评价,论基础和实际应用价值。通过综合考虑多种影响因素和建立严格的统计判定规则，实现 / 了对女胎染色体异常准确、稳健的检测。 / 八、模型的评价 / 8.1模型的优点 / 优点1：融合混合效应与动态规划，建模科学严谨。,2025/C023.pdf#page=22:line=12
2025,C,C023,section_heading,参考文献,参考文献,22,21,0.751409,VAR@p8 -> 回归@p10 -> 0-1@p16,连接词=首先:2、其次:1、进一步:2、表明:7、说明:2、验证:6、因此:1；页行中位数=26.5；段落候选中位数=6.0；图表候选=21；公式行候选=74；标题候选=121,参考文献,"·缺点2：未考虑其他潜在影响因素：如孕妇遗传背景、饮食习惯、胎盘功能等未 / 纳入模型。 / 参考文献 / [I] LIU S, BI Q, HUANG S, et al. Utilizing non-invasive prenatal test sequencing data for / human genetic investigation[]j.Cell Genomics,2024,4(10):100669.",2025/C023.pdf#page=22:line=21
2025,C,C023,section_heading,附录,附录,24,1,0.910687,VAR@p8 -> 回归@p10 -> 0-1@p16,连接词=首先:2、其次:1、进一步:2、表明:7、说明:2、验证:6、因此:1；页行中位数=26.5；段落候选中位数=6.0；图表候选=21；公式行候选=74；标题候选=121,附录 A 文件 列表,附录 A 文件 列表 / 文件 名 功能 描述 / ql.py 问题 一 程序 代码,2025/C023.pdf#page=24:line=1
2025,C,C132,paper_overview,,论文总览,1,1,0.912816,LSTM@p1 -> LightGBM@p1 -> 回归@p1 -> 0-1@p1 -> 遗传算法@p1 -> ODE@p7,连接词=首先:12、其次:1、进一步:5、表明:13、验证:13、相比:2、为了:5、从而:2、因此:6；页行中位数=33；段落候选中位数=7；图表候选=23；公式行候选=437；标题候选=101,基于统计建模与元学习的NIPT检测决策优化与异常识别,基于统计建模与元学习的NIPT检测决策优化与异常识别 / 摘要 / 随着精准医疗技术的发展，无创产前检测（NIPT）作为染色体异常筛查的,2025/C132.pdf#page=1:line=1
2025,C,C132,section_heading,摘要,摘要,1,2,0.661943,LSTM@p1 -> LightGBM@p1 -> 回归@p1 -> 0-1@p1 -> 遗传算法@p1 -> ODE@p7,连接词=首先:12、其次:1、进一步:5、表明:13、验证:13、相比:2、为了:5、从而:2、因此:6；页行中位数=33；段落候选中位数=7；图表候选=23；公式行候选=437；标题候选=101,摘要,基于统计建模与元学习的NIPT检测决策优化与异常识别 / 摘要 / 随着精准医疗技术的发展，无创产前检测（NIPT）作为染色体异常筛查的 / 关键，其检测精度和时点选择影响着临床效果和孕妇安全。然而，现有检测一方,2025/C132.pdf#page=1:line=2
2025,C,C132,section_heading,问题重述,问题重述,2,1,0.796026,LSTM@p1 -> LightGBM@p1 -> 回归@p1 -> 0-1@p1 -> 遗传算法@p1 -> ODE@p7,连接词=首先:12、其次:1、进一步:5、表明:13、验证:13、相比:2、为了:5、从而:2、因此:6；页行中位数=33；段落候选中位数=7；图表候选=23；公式行候选=437；标题候选=101,问题重述,问题重述 / 1.1问题背景 / 随着精准医疗理念的深入发展和分子生物学技术的不断进步，无创产前检测,2025/C132.pdf#page=2:line=1
2025,C,C132,section_heading,问题分析,问题分析,3,3,0.931326,LSTM@p1 -> LightGBM@p1 -> 回归@p1 -> 0-1@p1 -> 遗传算法@p1 -> ODE@p7,连接词=首先:12、其次:1、进一步:5、表明:13、验证:13、相比:2、为了:5、从而:2、因此:6；页行中位数=33；段落候选中位数=7；图表候选=23；公式行候选=437；标题候选=101,二 、 问题 分 析,Z 值 、GC 含量 、 读 段 数 及 相关 比例 ，BMI 指标 等 因素 ， 给 出 女 胎 异常 判 / 定 方法 。 / 二 、 问题 分 析 / 2.1 问题 一 的 分 析 / 针对 问题 一 ， 首 先 要 分 析 胎 外 站 染色 体 浓度 与 孕妇 的 孕 周 数 和 BMI 等 指标,2025/C132.pdf#page=3:line=3
2025,C,C132,section_heading,模型假设,模型假设,3,11,0.93099,LSTM@p1 -> LightGBM@p1 -> 回归@p1 -> 0-1@p1 -> 遗传算法@p1 -> ODE@p7,连接词=首先:12、其次:1、进一步:5、表明:13、验证:13、相比:2、为了:5、从而:2、因此:6；页行中位数=33；段落候选中位数=7；图表候选=23；公式行候选=437；标题候选=101,差 性 检验 ， 以 全 面 验证 模型 假设 的 合理 性 。,"模型 结果 显示 ， 回 归 系 数 均 显著 ， 且 Wald? 检验 表明 固定 效应 具有 联合 显著 性 。 / 此 外 ,研究 结合 AIC/BIC 准则 进行 模型 比较 ， 并 进行 随机 截 距 正 态 性 检验 与 同方 / 差 性 检验 ， 以 全 面 验证 模型 假设 的 合理 性 。 / 2.2 问题 二 的 分 析 / 首先 ， 题 二 明确 指出 BMI 是 影响 达标 时 间 的 主要 因素 ， 因 此 需要 在 BMI 这 一",2025/C132.pdf#page=3:line=11
2025,C,C132,section_heading,符号说明,符号说明,5,1,0.707716,LSTM@p1 -> LightGBM@p1 -> 回归@p1 -> 0-1@p1 -> 遗传算法@p1 -> ODE@p7,连接词=首先:12、其次:1、进一步:5、表明:13、验证:13、相比:2、为了:5、从而:2、因此:6；页行中位数=33；段落候选中位数=7；图表候选=23；公式行候选=437；标题候选=101,、 ”符号 说 明,、 ”符号 说 明 / 区 让 单位 / 六 第 守 个 祥 本 的 YY 染色 体 浓 度 %,2025/C132.pdf#page=5:line=1
2025,C,C132,section_heading,模型建立,模型建立,3,32,0.961559,LSTM@p1 -> LightGBM@p1 -> 回归@p1 -> 0-1@p1 -> 遗传算法@p1 -> ODE@p7,连接词=首先:12、其次:1、进一步:5、表明:13、验证:13、相比:2、为了:5、从而:2、因此:6；页行中位数=33；段落候选中位数=7；图表候选=23；公式行候选=437；标题候选=101,扒 估 集 成 诊断 模型 ， 采 用 两 阶段 判断 流程 。 首先 进行 多 专家 模型 构建 与 特征 融合 ，,2.4 问题 四 的 分 析 / 问题 四 旨 在 建立 数据 驱动 的 女 了 抬 异常 判定 方法 。 本 文 构建 了 基于 LightGBM 的 / 扒 估 集 成 诊断 模型 ， 采 用 两 阶段 判断 流程 。 首先 进行 多 专家 模型 构建 与 特征 融合 ， / 考虑 到 女 胎 NIPT 数据 中 各 指标 间 存 在 复杂 相关 性 ， 以 及 单一 方法 对 复合 异常 识 / 3,2025/C132.pdf#page=3:line=32
2025,C,C132,section_heading,模型求解,模型求解,7,31,0.833941,LSTM@p1 -> LightGBM@p1 -> 回归@p1 -> 0-1@p1 -> 遗传算法@p1 -> ODE@p7,连接词=首先:12、其次:1、进一步:5、表明:13、验证:13、相比:2、为了:5、从而:2、因此:6；页行中位数=33；段落候选中位数=7；图表候选=23；公式行候选=437；标题候选=101,6.3模型求解,Yiy=βo+βi×Heighty+β2×ty+βs×BMlij+βa×tij+j+euj / (3) / 6.3模型求解 / 本小节采用限制性最大似然估计（REML）方法对线性混合效应模型进行参数 / 估计，该方法在处理不平衡数据和小样本情况下具有更好的统计性质。表1展示,2025/C132.pdf#page=7:line=31
2025,C,C132,section_heading,结果分析,结果分析,27,9,0.931408,LSTM@p1 -> LightGBM@p1 -> 回归@p1 -> 0-1@p1 -> 遗传算法@p1 -> ODE@p7,连接词=首先:12、其次:1、进一步:5、表明:13、验证:13、相比:2、为了:5、从而:2、因此:6；页行中位数=33；段落候选中位数=7；图表候选=23；公式行候选=437；标题候选=101,化 模型 。 首 先 ， 基 于 第 二 问 的 求解 结果 ， 我 们 得 到 当 K = 3 时 能 够 取 到 全 局 最 优,8.3 ”基于 代理 模型 与 遗传 算法 的 优化 模型 建立 / 本 小 节 将 BMI 分 组 优化 问题 重新 构建 为 一 个 基于 混合 深度 神经 网 络 的 约束 优 / 化 模型 。 首 先 ， 基 于 第 二 问 的 求解 结果 ， 我 们 得 到 当 K = 3 时 能 够 取 到 全 局 最 优 / 解 ， 因 此 选择 将 BMI 分 组 边界 (b).6.) 作为 核心 决策 变量 ， 各 组 对 应 的 最 佳 NIPT / 检测 时 点 (TYP). TPP) Te (PY) 通过 深度 生存 分 析 模 型 动态 确定 。 同 时 于 分 组,2025/C132.pdf#page=27:line=9
2025,C,C132,section_heading,模型检验,模型检验,8,22,0.921747,LSTM@p1 -> LightGBM@p1 -> 回归@p1 -> 0-1@p1 -> 遗传算法@p1 -> ODE@p7,连接词=首先:12、其次:1、进一步:5、表明:13、验证:13、相比:2、为了:5、从而:2、因此:6；页行中位数=33；段落候选中位数=7；图表候选=23；公式行候选=437；标题候选=101,6.4 ”模型 检验,Ie AMEE MAR 0.13541 免 。 该 负 向 关系 反映 BMI 较 高 孕妇 因 血 容量 增加 导致 Y / 痰 色 体 浓度 相对 稀释 。 / 6.4 ”模型 检验 / 6.4.1 随机 效应 必要 性 检验 / 随机 效应 的 必要 性 检验 是 验证 线性 混合 效应 模型 相对 于 普通 线性 回归 模型 优势,2025/C132.pdf#page=8:line=22
2025,C,C132,section_heading,灵敏度分析,灵敏度分析,11,4,0.928466,LSTM@p1 -> LightGBM@p1 -> 回归@p1 -> 0-1@p1 -> 遗传算法@p1 -> ODE@p7,连接词=首先:12、其次:1、进一步:5、表明:13、验证:13、相比:2、为了:5、从而:2、因此:6；页行中位数=33；段落候选中位数=7；图表候选=23；公式行候选=437；标题候选=101,模型的稳健性特征，当前模型的同方差性假设得到较好支持。,本充分，无明显的模型设定偏误，系统性偏差可忽略。 / 综合上述诊断结果，模型残差分布基本符合同方差性假设，结合线性混合效应 / 模型的稳健性特征，当前模型的同方差性假设得到较好支持。 / 七、问题二的模型建立与求解 / 问题二试对男胎孕妇的BMI进行合理分组，并求出对应的BMI区间和最佳,2025/C132.pdf#page=11:line=4
2025,C,C132,section_heading,模型评价,模型评价,34,25,0.931274,LSTM@p1 -> LightGBM@p1 -> 回归@p1 -> 0-1@p1 -> 遗传算法@p1 -> ODE@p7,连接词=首先:12、其次:1、进一步:5、表明:13、验证:13、相比:2、为了:5、从而:2、因此:6；页行中位数=33；段落候选中位数=7；图表候选=23；公式行候选=437；标题候选=101,+. ”模型 的 评价 、 改 进 与 推广,之 一 。 对 于 样本 数 极 少 的 T13+T21 和 T18+T21 并 发 异常 ， 尽 管 指标 均 为 1.00， / 但 考虑 到 数据 量 的 限制 ， 这 些 结果 的 统计 学 意义 有 限 ， 其 泛 化 能 力 有 待 完善 。 / +. ”模型 的 评价 、 改 进 与 推广 / 10.1 “模型 的 优点 / 线性 混合 效应 模型 通过 引入 随机 蕉 距 ， 避 免 了 普通 回归 中 标准 误 被 低估 和 P 值,2025/C132.pdf#page=34:line=25
2025,C,C132,section_heading,参考文献,参考文献,35,16,0.964453,LSTM@p1 -> LightGBM@p1 -> 回归@p1 -> 0-1@p1 -> 遗传算法@p1 -> ODE@p7,连接词=首先:12、其次:1、进一步:5、表明:13、验证:13、相比:2、为了:5、从而:2、因此:6；页行中位数=33；段落候选中位数=7；图表候选=23；公式行候选=437；标题候选=101,参考 文献,"条 件 和 模型 参数 ， 往 架 能 够 灵活 适应 不 同 临 床 检测 项 目的 实际 需求 ， 为 提升 检测 / 精度 、 优 化 医疗 资源 配置 和 改善 患者 预后 提供 理论 支持 和 决策 参考 。 / 参考 文献 / {1] Wang E, Batey A, Struble C, et al. Gestational age and maternal weight effects on fetal cell-free / DNA in maternal plasma [J]. Prenatal Diagnosis, 2013, 33 (7): 662-666.",2025/C132.pdf#page=35:line=16
2025,C,C132,section_heading,附录,附录,36,1,0.830335,LSTM@p1 -> LightGBM@p1 -> 回归@p1 -> 0-1@p1 -> 遗传算法@p1 -> ODE@p7,连接词=首先:12、其次:1、进一步:5、表明:13、验证:13、相比:2、为了:5、从而:2、因此:6；页行中位数=33；段落候选中位数=7；图表候选=23；公式行候选=437；标题候选=101,附录 和 A 文件 列表,附录 和 A 文件 列表 / 文件 名 功能 描述 / data.xIsx 原始 数据 文件,2025/C132.pdf#page=36:line=1
